N,rep,beta
50,1,-0.013262218183008805
50,2,-0.5006516297655841
50,3,0.24026422763458077
50,4,0.31335318047470667
50,5,-0.5889919730312082
50,6,0.3119427124869721
50,7,-0.86255515554008
50,8,-0.15080711988259524
50,9,1.4296579951141326
50,10,0.4046370573788257
50,11,0.43047116090033116
50,12,0.7830704103831266
50,13,-0.6031357005369907
50,14,0.9016740363922877
50,15,-0.14202085629536915
50,16,-0.13417555165653547
50,17,0.09098470535463923
50,18,0.230113286770729
50,19,0.7952993782305731
50,20,0.9111174421116973
50,21,0.629540428383634
50,22,-0.7051391402313064
50,23,-0.5873982764564885
50,24,1.6873799530776143
50,25,1.7529483094015608
50,26,0.29588082023606477
50,27,0.1845646910138076
50,28,0.791073274545741
50,29,0.3268510972913251
50,30,-0.6948710659555319
50,31,-0.4176139733442716
50,32,-0.7405954078667906
50,33,0.48371717651138296
50,34,0.14539109593598049
50,35,-0.010532830959325496
50,36,-0.7876860081096613
50,37,-0.5048756551000336
50,38,1.0413872320690023
50,39,-0.5114977369342513
50,40,0.03720414107071971
50,41,-1.2159738933181943
50,42,-0.2522273547625087
50,43,1.051373013956608
50,44,0.3909722318123408
50,45,0.023897141537632987
50,46,-0.37188149357488537
50,47,-0.42349501601958356
50,48,1.106087474224399
50,49,0.4377796863793337
50,50,0.1382437020981462
50,51,-0.33196651854382075
50,52,-0.25369644601119407
50,53,0.3571418176104401
50,54,0.007247753231093702
50,55,-0.1990168351398436
50,56,-1.1773736916068718
50,57,-0.4824799984516023
50,58,-1.1682061608175274
50,59,1.1717134186795175
50,60,0.28603966254688934
50,61,-0.09967286290644559
50,62,-0.11485030238111217
50,63,0.6306305199092116
50,64,-0.06214263682796638
50,65,-0.29966295315617286
50,66,-0.7973490587995313
50,67,-0.11857980408546222
50,68,0.9095887360110934
50,69,-0.803284761570242
50,70,-0.2235656088751336
50,71,0.7842921191320243
50,72,0.2904607459063048
50,73,-0.3039361086759788
50,74,-0.45172154651239016
50,75,-0.31853934869384776
50,76,-0.572696002647175
50,77,0.39400666412555696
50,78,0.7543599811222294
50,79,-0.4633768100978579
50,80,-0.80104091125514
50,81,1.4516110714882067
50,82,-0.7258716598804917
50,83,-0.18412698827934806
50,84,1.1654473560299967
50,85,-0.6222918889606085
50,86,0.6340695088720818
50,87,1.6868841758263677
50,88,1.2348838998625642
50,89,0.806413784501515
50,90,0.23291834520015617
50,91,-0.29483553876860297
50,92,0.6125506401929777
50,93,0.20339370687757669
50,94,0.7844207872261105
50,95,0.8788622660149216
50,96,-0.4273397152707016
50,97,-1.7500187302932335
50,98,-0.6265485338356738
50,99,0.27274401028192347
50,100,-0.08054226596239533
50,101,-0.6982741604220402
50,102,0.3174689258112056
50,103,-0.8725334701088265
50,104,-0.01687112781804806
50,105,0.10712544743405246
50,106,0.11544947681073842
50,107,0.5946430329522017
50,108,-0.3903602111342393
50,109,-0.0035827487570419367
50,110,-0.0805513577587707
50,111,0.15609103656478363
50,112,0.7430630071289795
50,113,0.2994222877012271
50,114,1.0743855053805507
50,115,0.4231793022009285
50,116,0.10998749419621887
50,117,0.5116130445836536
50,118,-0.7050597402056529
50,119,-0.2578704668679934
50,120,-0.025648195141373273
50,121,-0.7009801533728339
50,122,-0.11227161384375595
50,123,-0.6694586935731426
50,124,-1.9364340757720888
50,125,0.6781653311528153
50,126,-0.9256925903481255
50,127,-0.641881401241763
50,128,0.06940600793836305
50,129,-0.17818994537193167
50,130,0.24744153617967324
50,131,-0.37861814641136915
50,132,0.11168245743723687
50,133,1.1720551084412199
50,134,0.9173879262183724
50,135,0.05164416808905621
50,136,-1.2566299128389984
50,137,-1.2157119462798394
50,138,-0.4764151964508305
50,139,-0.8280560437105584
50,140,-0.08861565437074957
50,141,-0.4159369992642257
50,142,-0.8038649182495887
50,143,0.5098569587384418
50,144,-0.3009375708371516
50,145,0.2480637541781382
50,146,-1.588252646744329
50,147,0.06749277265501359
50,148,-0.3242641311877363
50,149,1.0577019026279981
50,150,0.0685134448405488
50,151,1.980270379378683
50,152,-1.3784036397838628
50,153,0.04439592641487043
50,154,0.8945620311137602
50,155,-0.3481159371328419
50,156,0.5269841225915913
50,157,0.008452487752518986
50,158,0.12890324847428655
50,159,0.6416002421741728
50,160,-0.9556880076079629
50,161,0.3782329098899491
50,162,0.8810555217193948
50,163,0.16859421286257592
50,164,0.4653713944853266
50,165,0.017797928636287694
50,166,0.630129920537814
50,167,0.1811420772907028
50,168,-0.9841244875376658
50,169,0.6394032960391519
50,170,0.7039424755761008
50,171,0.2255057493523361
50,172,-0.18171597876566978
50,173,-0.7220745950242705
50,174,-0.32892157092354435
50,175,0.06625987524805291
50,176,-0.6793489275714252
50,177,0.2752870836994509
50,178,0.11419437306757813
50,179,0.2632402383056469
50,180,1.22097996972741
50,181,-0.855106509209452
50,182,-0.8129574637423127
50,183,0.15135637777564107
50,184,-0.4518346576024376
50,185,-0.3611226096170386
50,186,-0.8689535771655055
50,187,-1.1360152566276736
50,188,0.1527910671019487
50,189,0.6698752935104523
50,190,0.11141208713576184
50,191,0.34756151802939655
50,192,0.40031353987268936
50,193,-0.14125966071471932
50,194,0.9982949201985357
50,195,-0.31625481949976036
50,196,-0.09609676693069837
50,197,0.2578387410262917
50,198,-0.03099166465534127
50,199,0.34666428048986664
50,200,-0.35749096351037274
50,201,0.7804897071333009
50,202,1.6970185552374588
50,203,0.12291776330218206
50,204,0.6184120870450461
50,205,0.10687248063715955
50,206,-0.48834902407722613
50,207,0.4958941280501224
50,208,-0.8149391262307899
50,209,-0.21219857391258207
50,210,-0.40692844580108345
50,211,-0.38151806384713455
50,212,0.5319361038619178
50,213,0.09352274303399243
50,214,-0.08011455891734758
50,215,-0.051424014671198566
50,216,0.20720418390396722
50,217,0.4355089267826276
50,218,0.7711427097009822
50,219,0.08324048334892441
50,220,-1.0459065124867144
50,221,-0.2540889567277599
50,222,-0.7858933731075486
50,223,0.07228759414857956
50,224,-0.5434818685905237
50,225,-0.6312797408236146
50,226,-0.23431166316223073
50,227,0.39540894097272167
50,228,-0.35842889216055457
50,229,-0.2139933756475851
50,230,-0.26782108631496926
50,231,1.2373673645214
50,232,0.9991297369318144
50,233,0.1589470983737039
50,234,0.621533899054058
50,235,0.10544426315942668
50,236,-0.43171163713300453
50,237,0.30438550653205576
50,238,-0.6611896729179654
50,239,0.21727828460312668
50,240,0.5180844980086535
50,241,0.3459440023893859
50,242,0.40692919856906434
50,243,0.3513756093880387
50,244,0.5338012147786312
50,245,0.05022506431455948
50,246,-0.5137826967391512
50,247,-0.6010406983412044
50,248,0.7870866523869802
50,249,0.16311567095090698
50,250,-0.31179436985274195
50,251,0.935298491946013
50,252,-0.003908908196298538
50,253,0.13960783838515475
50,254,0.005672021302738428
50,255,-0.37425424260627504
50,256,-0.7125929549269067
50,257,-1.0378813531591173
50,258,0.4205155441912738
50,259,-0.7051228092677292
50,260,-0.1297469824372995
50,261,-0.0896133718599006
50,262,-0.14248791913232298
50,263,-1.7759624954021245
50,264,0.5257926130783658
50,265,0.14113956914100068
50,266,0.14035202843833303
50,267,0.1818335175811696
50,268,0.22925216500584106
50,269,-0.7664479932052793
50,270,-0.2984311120877799
50,271,0.8860690622111231
50,272,-0.2018250546620525
50,273,-0.2391745613922924
50,274,-0.41925872658325714
50,275,-1.580855357646512
50,276,0.2429546785532858
50,277,-0.2649176359872477
50,278,0.39591305956224104
50,279,0.29101801536943733
50,280,0.7208207090588776
50,281,-0.14325676930819542
50,282,0.31413535088488004
50,283,0.2802381564656189
50,284,-0.7586254138059392
50,285,-0.22754066070203077
50,286,0.13957061926965877
50,287,-0.25189320042072827
50,288,0.04673394803423841
50,289,-0.15334589106493257
50,290,-2.5195557461374025
50,291,-0.5499371821618708
50,292,-0.6713509091128135
50,293,-0.4744068628193939
50,294,0.2628665015695555
50,295,-0.5524661679634906
50,296,-0.1139110248294961
50,297,-0.067269901587038
50,298,-1.236293051347379
50,299,0.33622424152901903
50,300,0.06722967073980929
50,301,-0.1577112576962595
50,302,-0.14249795422192932
50,303,-0.7908556962572779
50,304,0.26657622451396434
50,305,-0.7935664239168054
50,306,-0.12719365359024315
50,307,-0.1849346281103275
50,308,-0.3955908967174411
50,309,-0.3224568779116682
50,310,0.6533488244326845
50,311,0.7849217546152025
50,312,0.7936378147603825
50,313,0.08135883524355848
50,314,0.2057224306942699
50,315,-0.1311169947657296
50,316,-0.16964773789483129
50,317,0.5353757934963839
50,318,-0.5052338998749472
50,319,-0.5146820697646312
50,320,-0.6412167022225286
50,321,0.03493535059194513
50,322,0.7933125755688619
50,323,0.6559255903288117
50,324,1.4064323952640885
50,325,-0.9457170671131981
50,326,0.1170782285253592
50,327,-0.41465855241422794
50,328,0.07614637530746218
50,329,-0.4560702303004323
50,330,0.24099883605562866
50,331,-0.1057522934891728
50,332,-1.5404070977129174
50,333,-0.7136340897144071
50,334,-0.4971398804136615
50,335,-0.01616299281273553
50,336,0.08438962639370233
50,337,-0.7136364948703502
50,338,0.730154793234854
50,339,-0.08949083342177577
50,340,0.1399827979410362
50,341,-0.40340259447611015
50,342,1.5221919989997152
50,343,-0.4622883080817905
50,344,-0.7717466527815906
50,345,-1.1218322603629303
50,346,0.2608247873659513
50,347,-0.06494954376777082
50,348,-1.1150222548401838
50,349,-0.8194670680106193
50,350,-0.4948755155569497
50,351,0.24398235008300181
50,352,0.5681127942847272
50,353,-0.46726720558044654
50,354,0.533479380283788
50,355,0.4211834383621996
50,356,0.05372340418000936
50,357,0.6262681095243432
50,358,-0.6359838992554199
50,359,0.31165006883824875
50,360,-0.9593166345419686
50,361,0.14608751641510273
50,362,-0.6079831856661991
50,363,0.06737230632082165
50,364,-1.1246598528005645
50,365,-0.797994958406615
50,366,0.21953057721940283
50,367,-0.10213172591832281
50,368,-0.16237009977424274
50,369,0.05239084398248307
50,370,-0.1279987439672486
50,371,-0.4182853351345423
50,372,-0.6885524517948693
50,373,-0.47617667895589455
50,374,-0.35099837563105213
50,375,0.6350028174971609
50,376,-0.18948283217363474
50,377,0.6507836741654496
50,378,0.1700035322968765
50,379,0.22217636354155207
50,380,0.2076678031819627
50,381,0.12436757314547113
50,382,-0.561066085637923
50,383,0.4302801158887291
50,384,0.002636200369162079
50,385,-0.3630452234098844
50,386,-0.7802328785596071
50,387,-0.5918997015881818
50,388,-0.11604868187538551
50,389,0.5919095033746532
50,390,-0.03302127705105181
50,391,0.4127028636891568
50,392,1.1038587801866455
50,393,-0.8942064371147168
50,394,-0.042119593239421396
50,395,-0.16919580104021553
50,396,0.19239986833939698
50,397,0.40157576594192035
50,398,-0.721215065374023
50,399,-0.5561601922016336
50,400,0.049260736890315605
50,401,0.4116952574037841
50,402,-0.21189655437908536
50,403,-0.02220835012148185
50,404,-0.2417705500226274
50,405,0.20984420146908722
50,406,-0.3121552878736332
50,407,0.42491974786334524
50,408,-0.26205025860077197
50,409,0.4168682414263873
50,410,0.12786718409834225
50,411,0.3442387443119456
50,412,-1.2147986737718637
50,413,-0.3355518858545369
50,414,0.5932989747247535
50,415,-0.0949833933343419
50,416,-0.4754211655212686
50,417,1.6267199347476748
50,418,-1.2742086722742563
50,419,0.300674532918716
50,420,-0.08651206282003737
50,421,0.4249055134288409
50,422,-0.24474372620704912
50,423,-0.18294284752971898
50,424,0.5751374821219671
50,425,0.9625696099357892
50,426,-0.5374025102608964
50,427,0.6406241636576634
50,428,-0.6051219668410219
50,429,-0.12093606865910121
50,430,-2.4536434186076512
50,431,0.029465143195355075
50,432,-0.3681571458222167
50,433,-0.6994850207894501
50,434,0.1117088058806793
50,435,0.9792489055526116
50,436,0.338078536939119
50,437,-0.07306462119264723
50,438,0.03430589839905894
50,439,0.7127236292019841
50,440,-0.30847309891565483
50,441,0.743813276355546
50,442,0.8095896323118454
50,443,0.3931167972315723
50,444,0.31659308280778536
50,445,0.2786501090051097
50,446,-0.38611700993096754
50,447,0.3834226900923165
50,448,0.33548617243639056
50,449,0.47484717166765167
50,450,-0.3385116142048271
50,451,-0.21288423814417543
50,452,0.8893823664109716
50,453,-0.5389566384802938
50,454,1.1529882699815355
50,455,-0.6910697464285597
50,456,-0.40717046590622813
50,457,-0.19921814579560856
50,458,-0.2106747623365537
50,459,-0.12370060767384147
50,460,-0.3400031563618165
50,461,-0.2704782715281747
50,462,-1.3909118930193376
50,463,-0.3194280462603211
50,464,-0.13994086783125048
50,465,-0.7789196995512967
50,466,-0.05648000772894987
50,467,0.43085681619706107
50,468,0.041726687643074745
50,469,0.033228617886949315
50,470,0.45527778942163233
50,471,0.462020251262042
50,472,0.22432181092481698
50,473,0.7447241055870014
50,474,-0.39079057102513665
50,475,-0.6629492035173731
50,476,-0.2533705142393207
50,477,0.17784231958185812
50,478,0.6258439473260141
50,479,1.189029794585702
50,480,0.7909467471305729
50,481,0.03151114225909598
50,482,-1.1141719476640026
50,483,0.4837404804399204
50,484,-1.0438573171119951
50,485,0.6640948588556828
50,486,0.47424861517407507
50,487,0.009138847477280559
50,488,-0.002351897879519789
50,489,0.0046480894192091355
50,490,0.0010338637299581806
50,491,-1.5621957313155952
50,492,-1.6643391672133743
50,493,-0.24104830809876054
50,494,0.6032221048120064
50,495,0.04337845962034461
50,496,0.5463136473388185
50,497,0.21289848924434077
50,498,-0.8298971529780002
50,499,0.1541121491241873
50,500,0.016030702001607118
50,501,-0.8664220594008628
50,502,0.5364793208388866
50,503,-0.09176060322530535
50,504,0.3613679447329312
50,505,0.0010904252949896693
50,506,0.505972885884631
50,507,-0.5087781618987941
50,508,-0.15942605389497197
50,509,-0.07116054500379958
50,510,-0.5421841193531525
50,511,0.01659180393330571
50,512,1.387652697071242
50,513,0.04776382214793918
50,514,0.8725029204723487
50,515,0.32332980117328264
50,516,0.2671471234723137
50,517,-0.8503382953777648
50,518,-0.03355844051329506
50,519,-0.6274742564647986
50,520,-0.28659279340140204
50,521,0.6411019343124106
50,522,1.3627367302964302
50,523,-0.4675691228632613
50,524,-0.3748282427538785
50,525,0.1013508528320185
50,526,0.17827697595413514
50,527,-0.9377012325903485
50,528,-0.04817732427272395
50,529,0.28005822251284784
50,530,0.09509873084700683
50,531,-1.0169542691653013
50,532,0.3534765688671489
50,533,-0.22212364167863768
50,534,0.08112583718092979
50,535,0.10666392853538362
50,536,-0.055796669937475486
50,537,-0.26330039760209584
50,538,-0.013406571541687553
50,539,-0.19881072313817486
50,540,-0.19690315503081562
50,541,-0.5296551996241884
50,542,-0.5288336064738018
50,543,0.4318040389729679
50,544,-0.37933955932799707
50,545,-0.1643524261920794
50,546,-0.21896817574523453
50,547,-1.1804194920626028
50,548,0.9443924096224356
50,549,0.7495962654791237
50,550,0.2364387683854948
50,551,0.4188901040814566
50,552,0.2354562296738148
50,553,-0.38552502122271054
50,554,-0.6500297847857167
50,555,-0.7342338488910511
50,556,-0.8993560558934153
50,557,-0.5244412023980511
50,558,-0.004575642222045879
50,559,-1.205180570470476
50,560,0.8228715948227294
50,561,0.1782385468441796
50,562,-0.15824255422525998
50,563,0.39070959016798423
50,564,0.4149512886359262
50,565,-1.0302894754259166
50,566,-0.03349341371662237
50,567,0.6510864843406813
50,568,-0.1643479575530736
50,569,-0.11192312526353698
50,570,0.933265551309836
50,571,-1.8202190179593003
50,572,-1.1017349620368426
50,573,-0.29669081465402625
50,574,0.5559494214548284
50,575,0.04144362025121949
50,576,-0.21220148364144636
50,577,0.8092250042705036
50,578,-0.6729995662827146
50,579,0.09046943385108197
50,580,1.543741469829914
50,581,-1.0606384176532573
50,582,0.09416647675317025
50,583,-0.3968253224746398
50,584,-0.569978280604832
50,585,-0.011618420284485292
50,586,-0.46841447073513554
50,587,0.29579362011893706
50,588,0.577227511035556
50,589,-0.08286209559841513
50,590,-0.9328195741097913
50,591,0.6218294910556412
50,592,-0.7223975606423049
50,593,-0.3203453150331897
50,594,-0.5801680363084822
50,595,0.3710792464164048
50,596,-0.16497170301400874
50,597,-0.4183986324823603
50,598,0.019956720352283037
50,599,0.3876941054444822
50,600,-1.0832557685115582
50,601,0.03369392503294182
50,602,-0.8401042514446427
50,603,-0.16426389707151692
50,604,-0.5248826228471218
50,605,1.13970541986038
50,606,-1.5501913953714976
50,607,-1.1669344975421183
50,608,0.24258784836576394
50,609,-0.21176226944485535
50,610,0.08845931703744715
50,611,0.12591056611516518
50,612,0.35571632500564404
50,613,-0.9668719450234025
50,614,-0.34793863607910486
50,615,0.041735335340388834
50,616,0.2267300611296718
50,617,-0.029346801186015264
50,618,0.5427667809653406
50,619,-0.852085484208347
50,620,-0.2280424580867069
50,621,-0.3487217919295016
50,622,0.41932644975259314
50,623,0.1542974311657878
50,624,0.6115614314373502
50,625,0.13037644457864625
50,626,1.2034597982707553
50,627,0.1261828823268358
50,628,0.11136542001792235
50,629,0.31438878842014956
50,630,0.33650911120543253
50,631,-0.815560435067585
50,632,1.26500920998013
50,633,-0.025010346953445645
50,634,1.7887599639493286
50,635,0.035742325962474356
50,636,-0.8864341067250703
50,637,-1.4736192496463265
50,638,0.4734812537459784
50,639,-1.4291063492666618
50,640,-0.32266500159675243
50,641,0.20168887225161602
50,642,0.40924195880017034
50,643,0.06182185312278538
50,644,1.1338036300896808
50,645,0.6717640672873577
50,646,0.33489927334081376
50,647,0.3024860176367025
50,648,0.4379315620494499
50,649,-0.1925446057584997
50,650,-0.18917312939843278
50,651,-0.3052767625270792
50,652,0.27967113367611457
50,653,0.755407011157101
50,654,0.20648634297079574
50,655,0.5681882920355469
50,656,0.7512199989941123
50,657,-0.16424731360753914
50,658,0.15541790767935293
50,659,-0.49119080033976387
50,660,-0.6385551041262166
50,661,-0.1746166217092094
50,662,-0.38700566327315533
50,663,0.20809510677352278
50,664,-0.9821994948192988
50,665,0.02904997262501672
50,666,0.4632516676288701
50,667,-0.15483985575332015
50,668,1.6059317163291824
50,669,-0.9531629628734188
50,670,0.5010265405574886
50,671,-0.2860983768122999
50,672,-0.9438099220858256
50,673,-0.11828380375777195
50,674,-0.23411664362673915
50,675,-0.3134514459158328
50,676,0.47604669674472283
50,677,-0.1340588764430511
50,678,-0.01710387062194792
50,679,0.6416662417889778
50,680,0.8151193685334899
50,681,-0.7287243194082538
50,682,-0.14992762096896411
50,683,-0.8675830039180055
50,684,-0.5696168661451454
50,685,1.4738183407177998
50,686,0.07260473049830261
50,687,0.03677456418208498
50,688,0.12869342064986192
50,689,-0.08622922321513052
50,690,-0.24888127334844432
50,691,0.6691771218524056
50,692,0.4675130270913382
50,693,-0.5368165676044301
50,694,-0.20919418192145836
50,695,0.2718433396887705
50,696,-0.005424566704014018
50,697,-0.24529932335752996
50,698,-0.6086059613740012
50,699,0.23830778104447078
50,700,0.6827168606912076
50,701,-0.4655474096734246
50,702,-0.6152149695012445
50,703,0.5964191903560438
50,704,-0.10174918849401585
50,705,-0.5432718285420058
50,706,-0.1429962950208424
50,707,-1.415424092554331
50,708,0.4766776909814996
50,709,0.09522592688548882
50,710,-0.32736959473120153
50,711,-0.4576020639449472
50,712,0.13840624590810544
50,713,0.14554522980691786
50,714,0.10100581107503794
50,715,-0.09726275031257725
50,716,-0.7032752900216465
50,717,0.5248838877563788
50,718,-0.2585451967469107
50,719,0.2327838296715646
50,720,-1.1545129759674393
50,721,-0.3658987330751947
50,722,-0.8281818954465815
50,723,-0.02301771451439268
50,724,0.13936101292815442
50,725,-0.11413511959802075
50,726,-0.11767783214149997
50,727,-0.24339492267523516
50,728,0.6015605227750098
50,729,-1.0463342471289379
50,730,-0.3731709639327357
50,731,0.2655586168276198
50,732,0.5377704641008242
50,733,0.3878794735346135
50,734,-0.5763590982089252
50,735,1.1483435894978533
50,736,0.40951972947160387
50,737,0.7810466601714319
50,738,-0.24912816672640214
50,739,-0.551089012661731
50,740,0.2882804367470357
50,741,0.03717167540113959
50,742,0.6195883969459484
50,743,-0.22646170927622095
50,744,0.38174800317884017
50,745,2.2405520966306303
50,746,-0.6609712726806858
50,747,-0.3648807764903287
50,748,0.5630483477035613
50,749,0.09888685002747316
50,750,-0.21365069405008388
50,751,-0.5796732629600172
50,752,-0.20680263843357727
50,753,-2.1536598666847016
50,754,-0.32372641837538435
50,755,0.125291930894717
50,756,0.18654291946246238
50,757,1.5802579703150457
50,758,-0.36631328230528865
50,759,0.09678618494495753
50,760,-0.31526087283287946
50,761,-0.144158333478522
50,762,-0.7525625895685952
50,763,0.02074953296214484
50,764,0.20403976306769459
50,765,-0.1366940101969916
50,766,0.05135599747071865
50,767,-0.5065303804344072
50,768,0.5404411220976044
50,769,-0.10824694503358341
50,770,0.9142659164431404
50,771,1.0050054124082939
50,772,-0.13477586167644368
50,773,0.5224259296492352
50,774,0.35164501928174713
50,775,0.13603808233368708
50,776,-1.4773381112507764
50,777,0.14522604631810576
50,778,-0.28067126083640315
50,779,0.8225376610086081
50,780,0.02350706156572014
50,781,-0.6596031551595444
50,782,-1.00411011245607
50,783,0.3333212295641152
50,784,-0.10943283002723346
50,785,-0.45163352395074907
50,786,0.7158153468532257
50,787,0.31375571101905647
50,788,0.4986911016188182
50,789,-0.5527695723415382
50,790,0.3840315174741544
50,791,0.15382759673757485
50,792,-1.3391194546624785
50,793,0.7804917661812207
50,794,0.6579407652861718
50,795,-0.512487617069068
50,796,0.06330691262724394
50,797,0.11713410845138585
50,798,-0.8667397006698133
50,799,-0.028760981661879587
50,800,0.05033028162724334
50,801,-0.3495582935004519
50,802,-0.4102016747271762
50,803,-0.3180801977591957
50,804,-0.0656016334001831
50,805,-1.8736581813183006
50,806,-0.9203170358485111
50,807,-0.4530862182728975
50,808,0.7967869391449605
50,809,-0.12494321207456621
50,810,0.8188407979025855
50,811,-0.19064418735867603
50,812,-0.8644405739109392
50,813,-0.6940290313083791
50,814,-0.009221659727030276
50,815,0.4525503687196154
50,816,-0.4248600605026462
50,817,-0.36850144309311655
50,818,-0.21263340392372046
50,819,-0.03366600552781761
50,820,-0.24768111194026507
50,821,-0.09087318859325567
50,822,-0.4762078834739627
50,823,-0.052459237438779206
50,824,0.40295257538287493
50,825,-0.22270706749285696
50,826,0.17731379674592535
50,827,-0.4903139643656357
50,828,-0.8556113239341037
50,829,-0.396266490328483
50,830,-0.5209273363131202
50,831,-0.6547046034823052
50,832,0.5029062072478995
50,833,-1.210342981903932
50,834,-0.0015672241338091448
50,835,0.9695058547340911
50,836,-0.24580109259650784
50,837,-0.3859672620846422
50,838,-0.8277129479848888
50,839,-1.0661612520241217
50,840,-0.38922517745258356
50,841,0.1063135202189293
50,842,-0.17864856633646684
50,843,0.9211959170969094
50,844,-0.14287290169672806
50,845,0.8372541488771745
50,846,0.27559306435140296
50,847,-0.7576937601472624
50,848,1.0824711612935962
50,849,0.42532871495707864
50,850,-0.5785625256009799
50,851,-0.2875340269257106
50,852,0.30539941208507704
50,853,-0.36166428603602685
50,854,-1.939547381861394
50,855,0.3071383474312156
50,856,0.3465710654625409
50,857,0.219639060358332
50,858,0.7534699540686526
50,859,0.2643333129733602
50,860,-0.1948140307856362
50,861,0.3700923337415173
50,862,0.020539852473099005
50,863,-0.9592355001813356
50,864,-0.49365692951189294
50,865,0.2581743304449824
50,866,-0.8354000323584068
50,867,0.7007609419342552
50,868,-2.309645307789461
50,869,1.834477870608842
50,870,0.351267003498972
50,871,0.14356882460343287
50,872,-0.4640272658996888
50,873,-0.3335473179582706
50,874,-0.2543217246784991
50,875,-0.342350471025231
50,876,0.38172122727987734
50,877,0.4809304998755078
50,878,0.13525623935233164
50,879,-0.07152239905694974
50,880,-0.6356122073454087
50,881,-0.7444858502690446
50,882,0.3249340217949871
50,883,1.099234275357667
50,884,-0.4265294468872316
50,885,-0.5459050736503197
50,886,-0.7188665793463275
50,887,0.25317722638903795
50,888,-0.16400336655531395
50,889,-0.32237120100179334
50,890,-0.309753378691069
50,891,-0.13482428191034465
50,892,-0.3843906814956351
50,893,-0.6218393004748438
50,894,-0.6028647505337617
50,895,-0.19675357019603262
50,896,0.4435743051410609
50,897,1.1280790912690417
50,898,0.19352841889708994
50,899,-0.563023528962165
50,900,-0.3517343685175645
50,901,0.5913457588639394
50,902,-0.5816522927730261
50,903,-0.06288606916713373
50,904,-0.179436942499576
50,905,0.13316607303796224
50,906,-0.17898612312568465
50,907,-0.2838405107613683
50,908,-0.4065171730344357
50,909,0.4128448115496841
50,910,1.0732832430203305
50,911,0.07469945773302843
50,912,0.4320619474451593
50,913,1.2343197391905123
50,914,0.75459621878674
50,915,-0.6170925839152034
50,916,-0.6759773492543794
50,917,-0.6403294594171791
50,918,-0.017530936170864844
50,919,0.43911627453502006
50,920,-0.16691715516585776
50,921,0.736372188723846
50,922,0.6179857203210214
50,923,-0.7636580725533797
50,924,0.26494009214202674
50,925,-0.6361634475607318
50,926,0.22413919433394577
50,927,0.26651104592504105
50,928,-0.032184290995816045
50,929,-0.0892283098543062
50,930,-0.6245288829793468
50,931,0.48713542843543356
50,932,-0.5093100909962551
50,933,-0.37501320465319526
50,934,-0.8335963446612392
50,935,-0.8586575723259032
50,936,-0.8838519827227266
50,937,0.13553237410315805
50,938,0.059928515690873936
50,939,0.1370987088096054
50,940,0.7687133320649157
50,941,0.6224475937899232
50,942,0.5766237192622695
50,943,-1.208166944887441
50,944,0.06805870954255001
50,945,0.004258504423840236
50,946,0.638368883025737
50,947,-0.41529478638427086
50,948,-0.6790789856071288
50,949,-0.020260162227570325
50,950,0.1255816726731965
50,951,0.5445175059634378
50,952,0.3951161659077488
50,953,-0.5484191586934486
50,954,1.080041842387118
50,955,0.7765442822834819
50,956,0.9799386406708248
50,957,0.7510094882592373
50,958,-0.2119960898947889
50,959,-0.21376903625839078
50,960,0.7041146447736721
50,961,0.7519240525624087
50,962,-0.342126189024139
50,963,0.8480479800330861
50,964,0.31877228432545784
50,965,-0.40086106867295423
50,966,-1.252421853046623
50,967,2.3359501452254436
50,968,0.06079197163752523
50,969,-0.20731582547087873
50,970,0.22451175039789512
50,971,0.18423910033856958
50,972,-0.6763932757320205
50,973,0.44066822217487833
50,974,-0.6878586940760549
50,975,0.07506864892434673
50,976,1.2767233990498459
50,977,0.04171524560054394
50,978,-0.06482173165493559
50,979,0.010337205683402058
50,980,0.525838917362082
50,981,0.29457176841899246
50,982,0.3576221576372518
50,983,-0.39459821757797314
50,984,0.2594080530510478
50,985,0.14990511564995262
50,986,0.04790707820297868
50,987,0.5251757100747696
50,988,0.09449237061859327
50,989,0.6320754121662415
50,990,-1.2106074646821516
50,991,0.42273194488491256
50,992,0.19887037310768368
50,993,-0.5847746458283014
50,994,-0.21872976362357144
50,995,-1.2229658766267864
50,996,-0.6805669493327228
50,997,0.045460040553234805
50,998,-0.2861318155845336
50,999,-0.13129021349759296
50,1000,-0.21523995418096661
500,1,-0.2665963242610718
500,2,-0.04532650667698501
500,3,0.4671204672591346
500,4,0.21270758622028083
500,5,0.4764272440931161
500,6,-0.16651412579260197
500,7,-0.06439332059289543
500,8,-0.40897968542622243
500,9,-1.043410334306654
500,10,-0.15521199915800693
500,11,-0.2131479170130425
500,12,0.4475074832125929
500,13,1.1003769722991987
500,14,0.26772875445717603
500,15,-0.017199135719262095
500,16,0.37949985804624986
500,17,0.532789809340324
500,18,0.14057977142146044
500,19,-0.10342957918846798
500,20,0.43524526692357046
500,21,0.7983518852558794
500,22,-0.9382595332963055
500,23,-0.9763277526006506
500,24,0.030997058643363693
500,25,0.8678034107230872
500,26,0.18089671724537865
500,27,0.4368770739083169
500,28,-0.016853666474354427
500,29,0.7755977624840455
500,30,-0.28713311746945536
500,31,0.849168370038182
500,32,0.11742657877007735
500,33,0.6193384007489522
500,34,0.2264772291066585
500,35,-0.0068871910396614755
500,36,0.8907724814146611
500,37,0.01411196154491982
500,38,-1.1850514925118836
500,39,0.9554856299550721
500,40,0.4289315544965773
500,41,-0.09261237020390437
500,42,0.32676476181407593
500,43,-1.1708240235291862
500,44,-0.16058865339083114
500,45,0.18873683815790027
500,46,0.0862727045798742
500,47,0.03788862254766854
500,48,0.837825808656951
500,49,0.1492717156964369
500,50,0.19379946702610143
500,51,-0.11547494591593441
500,52,0.0026256342960671477
500,53,0.10623421910217164
500,54,0.04699999066304126
500,55,-0.7099163967430674
500,56,0.060688190814585215
500,57,-0.03322414028969169
500,58,-0.2592763182763462
500,59,0.6961492065559536
500,60,0.5069082291117571
500,61,0.09955654564856375
500,62,0.3946675399855527
500,63,0.2407644898989681
500,64,0.531214606357515
500,65,0.0678652957411952
500,66,0.4488896533861026
500,67,-0.44372531369434715
500,68,1.3658884048652873
500,69,-0.10424650602940672
500,70,0.021589691484332766
500,71,-0.08988040299967022
500,72,-0.8384939243922341
500,73,-0.18628496325028845
500,74,-0.19867685106868133
500,75,-0.5130954500131975
500,76,0.4839627228568277
500,77,0.10415077769441024
500,78,-0.3852733752347414
500,79,-0.452498919913132
500,80,0.7466101534082019
500,81,0.4639606633541904
500,82,0.4410090375350515
500,83,0.2775290525504461
500,84,0.8076709579844663
500,85,0.7863831582148271
500,86,0.3780482234930602
500,87,-0.041524328622916426
500,88,-0.4933507349809646
500,89,0.5017341166976269
500,90,0.9162829524871036
500,91,0.24590568391606407
500,92,-0.8950446430379189
500,93,-0.8343949717025253
500,94,2.1850602188473385
500,95,-0.12450783969149552
500,96,-0.905306409910472
500,97,0.047218887050822396
500,98,0.3036994766893136
500,99,-0.2552924777104544
500,100,0.13708442411716215
500,101,-0.9021513567680037
500,102,-0.9374850510678814
500,103,-0.07956944051412097
500,104,0.1622730986899542
500,105,0.21992395006920198
500,106,-0.7375053291511845
500,107,0.8136245235008218
500,108,0.9145382691651739
500,109,0.6179519008571553
500,110,-0.30434433756302876
500,111,-0.03993763252470354
500,112,1.0672900983794928
500,113,-0.23551490939694386
500,114,0.7203493218526551
500,115,0.8583641286071197
500,116,-0.03907147571186358
500,117,-0.08516947599154974
500,118,-0.6493028833504927
500,119,0.32559592843776475
500,120,0.001700703798775598
500,121,-0.30359013059336615
500,122,-0.4635591967392184
500,123,0.8791979013263829
500,124,-0.09951041476517826
500,125,0.14541240089096394
500,126,-0.4684584762970348
500,127,-0.05934199513975221
500,128,0.09792636448432353
500,129,-0.26082050732485307
500,130,-0.6300833675543366
500,131,-0.13642661115232818
500,132,-0.34559665668609385
500,133,0.09577612519879349
500,134,-0.5374971665089008
500,135,-0.18475263640371534
500,136,0.05346547909115514
500,137,-0.08157453920224865
500,138,0.7630026512412659
500,139,0.12467637682417386
500,140,0.140622571298253
500,141,0.17937490901415057
500,142,-0.6216828348180996
500,143,-0.8475297902498785
500,144,0.5596498281907357
500,145,0.06329055715482278
500,146,0.08678646780950394
500,147,0.809139836599317
500,148,-0.22069494182183041
500,149,-0.00720128596260381
500,150,0.7691534490996449
500,151,0.4187044890485337
500,152,-0.22859690559811904
500,153,-0.16096158188436263
500,154,-0.12832972028316397
500,155,-0.3921899115632312
500,156,0.2455794459786562
500,157,-0.03584286535930525
500,158,0.20450427967827736
500,159,0.04648174151891562
500,160,-0.7301015826017617
500,161,0.12133560081224445
500,162,-1.5124110178754417
500,163,0.44919936481668377
500,164,-0.15392418729902554
500,165,1.2200808845739681
500,166,0.6347674133933661
500,167,-0.07763436439358384
500,168,-0.36286514021491073
500,169,0.47407183372657
500,170,0.348651499714424
500,171,-0.025701788571361777
500,172,-0.7724735572762547
500,173,-1.4322383623943926
500,174,-0.14084752972055184
500,175,0.9738080383276394
500,176,0.25445415429370705
500,177,-0.37755819089881876
500,178,0.6270186390260573
500,179,-0.6961000903664405
500,180,-0.2102109894124789
500,181,-0.17458967496820887
500,182,0.050484198301415255
500,183,1.140851233355044
500,184,0.06993986168287562
500,185,0.5598624132087058
500,186,-1.1367688770990614
500,187,-0.8589338163490202
500,188,-0.037177413720412916
500,189,0.1288348273702516
500,190,-0.8145092541073873
500,191,-0.3165514983505634
500,192,0.6821559365034765
500,193,-0.2618157300123315
500,194,-0.45739773643129755
500,195,-1.0187333773629785
500,196,-0.5273533145785385
500,197,-1.825502402508977
500,198,-0.8913988331455049
500,199,-0.3158346473180054
500,200,-0.18653559912491613
500,201,-0.6256696628139011
500,202,0.5083118643968623
500,203,1.601559183113375
500,204,-0.5788243186534311
500,205,0.21335809349101983
500,206,-0.012125742843583014
500,207,-0.7413226231686455
500,208,-0.08022124247586719
500,209,0.1442279177421711
500,210,-0.865397069547513
500,211,0.3206910083205056
500,212,-0.17320985357637136
500,213,-0.5707377107911322
500,214,0.07715150958160562
500,215,0.4213888406643599
500,216,0.12067905012169637
500,217,-2.281427425639951
500,218,2.2392947275281534
500,219,0.47245390761085765
500,220,0.3240926244013762
500,221,1.4993456760586308
500,222,0.12688437861548912
500,223,-0.988660506362227
500,224,-0.6178498485499309
500,225,0.10213158764731656
500,226,0.154089995189931
500,227,0.030656509698408923
500,228,-0.3821111688616801
500,229,0.4113651337226368
500,230,0.3460384020484638
500,231,0.3081845381882723
500,232,0.4738607596639566
500,233,-0.07785677476556938
500,234,1.6985986820006838
500,235,0.15536587031351834
500,236,-2.0725822066212554
500,237,-0.2346695483853045
500,238,-0.0622624796769577
500,239,-0.7198121098875188
500,240,-0.5440337920295241
500,241,-0.8007165372301794
500,242,0.27642188256877026
500,243,0.6481261586808031
500,244,0.4460599853601443
500,245,0.6545138946992658
500,246,0.5391071311497084
500,247,0.5657631706673173
500,248,-0.14689173210106526
500,249,-1.1408306060742779
500,250,0.055787295529901526
500,251,-0.2580960353983795
500,252,-1.086691619628868
500,253,-0.18631107790858165
500,254,0.9159253393835035
500,255,1.3038463459712577
500,256,-0.7698601771774359
500,257,-0.2031156311470701
500,258,-0.6921558348534178
500,259,0.13115764716585207
500,260,-0.7918742907815913
500,261,-0.4487482022387506
500,262,-0.4281708524670902
500,263,-0.06403848752136351
500,264,-0.06911197460422654
500,265,0.479303081494033
500,266,-1.1317349942379344
500,267,0.3188273830688467
500,268,0.1848313693514209
500,269,-0.7576185315309028
500,270,-0.029157815362876174
500,271,-0.11398702166408735
500,272,-0.24481273162605213
500,273,0.06385183167026062
500,274,2.4275230490961786
500,275,-0.15714552974550688
500,276,0.1613146576561889
500,277,-0.21106586209670938
500,278,0.16342629172904252
500,279,-0.3074206000711898
500,280,1.0852256312044384
500,281,0.4353372787063713
500,282,0.4622534515244101
500,283,-0.2653281083521076
500,284,0.4349191878807872
500,285,-1.090864087640979
500,286,-0.10879461452957707
500,287,-0.40182296022986
500,288,-0.3353779532165998
500,289,-1.0814071836152224
500,290,0.3175381800897855
500,291,0.053863908189518014
500,292,-0.47351054360941647
500,293,0.5251970676305936
500,294,-0.9300262962350874
500,295,0.6124872433126062
500,296,-0.7430016077643027
500,297,-0.7606758079133463
500,298,-0.26828313412798993
500,299,0.49619093401691294
500,300,-0.24086358733456606
500,301,-0.6052734954371574
500,302,1.374025676512672
500,303,0.19948479206294412
500,304,-0.8284419709572619
500,305,-0.5454917508920286
500,306,-0.08202157137257865
500,307,-0.6453191763521056
500,308,0.020552877978328044
500,309,-0.04051528233778121
500,310,0.2128282053854593
500,311,1.1879447190132437
500,312,0.46348423502768277
500,313,0.4748328501961447
500,314,0.8388770819274726
500,315,-1.2104753011581462
500,316,0.6895808261114028
500,317,-0.10030785528253294
500,318,-0.584428212048642
500,319,-0.014323157700966283
500,320,0.483811609852872
500,321,1.1792401968128712
500,322,0.019730713142973318
500,323,-0.40944678068253354
500,324,-0.08768774201704359
500,325,0.38174632605412234
500,326,0.3099121949660356
500,327,-0.287231682777503
500,328,-0.13321210688467908
500,329,-0.6045023943149135
500,330,-0.12363322295412844
500,331,-1.6973553843522
500,332,0.7224332110850047
500,333,-1.305473877316922
500,334,0.6261201807369844
500,335,-0.46738609983269536
500,336,-0.19207261652408045
500,337,0.34227892320584147
500,338,0.6329374558300274
500,339,-0.2470057846971853
500,340,1.3189925260973434
500,341,0.3184119633438927
500,342,0.43816415653893204
500,343,-0.1435322268463868
500,344,1.0201395617557438
500,345,-0.12277963590217711
500,346,0.007773960720120159
500,347,-0.41993255892217224
500,348,0.5080116710105449
500,349,0.9895018711017082
500,350,-1.3231626558812222
500,351,-0.2973152993298804
500,352,-0.32058600511313673
500,353,-0.467435979625259
500,354,1.2944707055887719
500,355,-0.1536745239446366
500,356,-0.29333434491528537
500,357,-0.5981682004036866
500,358,0.7834328413341597
500,359,1.8580456893181767
500,360,0.2865792748667672
500,361,-0.14293764473310092
500,362,-0.7844928547359632
500,363,0.5727352402044423
500,364,0.37921443514486863
500,365,0.46585233061585807
500,366,1.4563138850151742
500,367,0.7529866810710294
500,368,0.035925720132995574
500,369,-0.40561196841806124
500,370,0.01440396593962337
500,371,0.25140485599000334
500,372,0.07810079326729659
500,373,-0.29586580815553704
500,374,-1.1042569501072588
500,375,0.3890655011829107
500,376,0.2482709561596598
500,377,-2.3275365467143416
500,378,0.23262966404338709
500,379,-0.2823540042114297
500,380,0.3653603353783834
500,381,-0.6787955695207736
500,382,0.13355372445542524
500,383,0.43454471235607817
500,384,0.4953137325733486
500,385,-0.6860060769880364
500,386,0.40744051922183433
500,387,0.22458315543531723
500,388,-0.27566778119209395
500,389,0.06950492161874874
500,390,-0.15895923236566514
500,391,-0.8814778656465729
500,392,0.3445618883467549
500,393,-0.5918857046746514
500,394,-0.13726887735945856
500,395,0.6184874096758245
500,396,-0.42581462240192974
500,397,-0.699227820067097
500,398,0.28800476500778316
500,399,-0.9261634002741804
500,400,-0.8762996714251245
500,401,0.4322093463222373
500,402,1.1856798051409672
500,403,-0.28551731913835454
500,404,-0.7127967119359084
500,405,-0.21838678519979612
500,406,0.02514874251493877
500,407,1.0679543728558187
500,408,-0.3640556615186363
500,409,-1.1552703176642813
500,410,0.2921566138906038
500,411,0.057224373121541314
500,412,0.2625543891134675
500,413,-0.49335215859163206
500,414,-1.4365174811231405
500,415,0.13108848202310586
500,416,0.7357852322169678
500,417,-0.4641450836896027
500,418,0.5623908463340279
500,419,-0.3082305828837323
500,420,0.7777824822451003
500,421,-0.07901127107957415
500,422,0.16110316529705437
500,423,-0.4448837000346368
500,424,-0.25168349194949596
500,425,-2.0717640903568184
500,426,-0.27290059077045564
500,427,-0.13992113894031447
500,428,-0.0895606267360299
500,429,-0.5637589763034216
500,430,1.4279523338099194
500,431,1.3668323509220925
500,432,-0.5050914717033262
500,433,0.15982714393547787
500,434,-0.26773460268927396
500,435,-0.050840762724006526
500,436,-0.0620287368269768
500,437,0.5880331601832356
500,438,-0.23651300216113447
500,439,0.6660128421549063
500,440,-0.09980047096470997
500,441,0.68539450263567
500,442,0.010726878428025317
500,443,0.055955431330993864
500,444,-0.6951005871748484
500,445,0.026726540423238566
500,446,0.1826053634373116
500,447,-0.9645836872087756
500,448,0.07417742140017725
500,449,0.39415191956135404
500,450,0.04880442783516728
500,451,-0.5410335328681873
500,452,0.13795978140004722
500,453,-0.5279892908279559
500,454,0.3703204999332225
500,455,-0.7919852956946277
500,456,0.3017190709275299
500,457,-1.6457670057299596
500,458,0.06814678693445984
500,459,0.7193552799482251
500,460,0.23337175603015123
500,461,0.35065181066423323
500,462,0.25016008292004666
500,463,1.2595098949969017
500,464,-0.007469375016795958
500,465,0.3504772016136706
500,466,-0.7279599024401963
500,467,-0.22879951892842654
500,468,0.39845817571432784
500,469,0.38619382691810816
500,470,-0.5269125571750375
500,471,0.8449216698199528
500,472,0.691129098881518
500,473,-0.08034796291534363
500,474,0.1478936357662547
500,475,0.5604868172302143
500,476,-0.5095017809059429
500,477,0.1013011647478771
500,478,-0.6207967898622512
500,479,-0.08204473408089243
500,480,-0.9387351367670629
500,481,-0.89380421105236
500,482,-1.2329946534103642
500,483,-0.1889466577991435
500,484,0.294364869810994
500,485,-1.1133047481544045
500,486,-0.1151424822645568
500,487,-0.09223591632372517
500,488,0.6842859674801354
500,489,-1.9895503750708035
500,490,0.9154792632067393
500,491,0.1353007533662828
500,492,1.2594779604650046
500,493,0.9922431818418627
500,494,0.4839479786367577
500,495,0.02339936335214588
500,496,-0.2525554807786143
500,497,0.9490270428615748
500,498,0.17734969265784423
500,499,-0.03222180122334554
500,500,0.3057458136732963
500,501,-1.0107884446290842
500,502,0.0660655628032236
500,503,-0.1861458234247374
500,504,-0.6050066310895361
500,505,-0.49371180464032993
500,506,-0.7045368443114258
500,507,0.8126774403471417
500,508,1.3343904969873057
500,509,-0.4379298690953341
500,510,0.6769512059811957
500,511,0.7275524338959163
500,512,-0.3851765820564202
500,513,-0.14668309036279678
500,514,-0.4096799646491763
500,515,0.8774601051491047
500,516,0.6364914566294457
500,517,0.27550033605166463
500,518,0.03513959161839532
500,519,0.3215401124704554
500,520,-0.5150418372307933
500,521,-0.9491727907217233
500,522,0.7114626820202901
500,523,0.5799754949621239
500,524,-1.5880178284686386
500,525,0.00908268805063335
500,526,0.3136164208707682
500,527,0.1598545092548331
500,528,-0.09249515410064034
500,529,0.37245593646155717
500,530,-1.8116572663763961
500,531,0.37499000579080666
500,532,0.23366557447263833
500,533,-0.3636396700548118
500,534,-1.201942566265293
500,535,0.3463057077068245
500,536,0.6922075852686859
500,537,0.06702070481666822
500,538,-0.03561155470934121
500,539,-0.12841514416043706
500,540,-0.028148142402359737
500,541,0.13512364378771916
500,542,-0.39287367369242066
500,543,0.7538971922508025
500,544,0.7385535303980081
500,545,-0.2447452762827845
500,546,-0.10085680411672865
500,547,0.16422322597054187
500,548,-1.631327159454989
500,549,0.8247532150646207
500,550,-0.4417542158746448
500,551,1.084395894046655
500,552,1.2739789823647067
500,553,-0.4817578999760325
500,554,0.7109074396918988
500,555,0.7156283548566419
500,556,-0.06144634149513512
500,557,0.6148151202354991
500,558,-0.18164490947160566
500,559,-0.5751919214819288
500,560,-1.014801704144343
500,561,-1.1405889654660388
500,562,-0.6090347460500443
500,563,0.15272582907387672
500,564,-0.0724108081353437
500,565,0.2173506849764386
500,566,-0.32852325322187537
500,567,0.611984970091268
500,568,1.1401126887815334
500,569,-0.11468438638282395
500,570,-0.24882871519711325
500,571,0.5693808463197557
500,572,0.612603071838559
500,573,-1.1578007317108834
500,574,-0.35709314403418707
500,575,0.6448456630868517
500,576,-0.6076041211149515
500,577,0.4058564964650462
500,578,0.20019232764206624
500,579,0.3688394851675251
500,580,0.5211926023818982
500,581,0.35128067090304277
500,582,-0.3907214393672532
500,583,0.6690028776101425
500,584,-1.0921816422745452
500,585,-0.046852810845843286
500,586,-0.6916708999520579
500,587,0.8710484653328336
500,588,-1.1576890686744934
500,589,-0.08906750668659195
500,590,-0.07510185657165853
500,591,-0.21522132706467184
500,592,0.7446903650743304
500,593,0.4475717776276391
500,594,0.4808315358825177
500,595,-0.7221093534010679
500,596,-0.5169041778399225
500,597,-0.30876577072767747
500,598,-0.588578200960324
500,599,-0.37969423478613246
500,600,-0.3483384065243212
500,601,-0.18229573115340258
500,602,-1.158526972552668
500,603,0.031087848592548817
500,604,-0.4818870775940294
500,605,-0.3187206302477232
500,606,0.10099981513388837
500,607,-0.7521323192048968
500,608,0.543343899281013
500,609,-0.06666907150086841
500,610,-0.010647801586322765
500,611,1.7783243270468052
500,612,-0.6182857046920631
500,613,0.09881970060535197
500,614,-0.7136444904116045
500,615,1.2752635864043123
500,616,1.0340141113819177
500,617,1.5418938424445952
500,618,0.4926088751496843
500,619,-0.777707009718312
500,620,-0.2672542982178201
500,621,0.05916138430884487
500,622,0.06601934285462595
500,623,0.41430161073020744
500,624,0.3149576705916564
500,625,-0.40423928160861405
500,626,-0.16787958192899724
500,627,-0.333112211259498
500,628,-0.5847675363821421
500,629,0.478658088637969
500,630,-0.6720209470939206
500,631,0.17566750267742723
500,632,0.07161857765106687
500,633,0.1419122743889993
500,634,0.32774766154027446
500,635,0.2282504866725558
500,636,0.07813853363374752
500,637,-0.19678813080748198
500,638,-0.22031934954249063
500,639,0.07487461658414464
500,640,1.1513955405032235
500,641,0.19350860182962687
500,642,1.1260349658250792
500,643,-0.10525040323261706
500,644,-0.6205123159561367
500,645,0.23601772379855074
500,646,-0.21778634157353327
500,647,0.25274297750375285
500,648,0.327585973591938
500,649,0.1301324233001684
500,650,0.05289156697190878
500,651,-0.1050870446040457
500,652,0.21674469329559903
500,653,1.2511207006860035
500,654,-0.4113132512317809
500,655,0.24030410439312394
500,656,-0.3452680327644126
500,657,-1.2845508531607854
500,658,-0.30472520130665864
500,659,-0.27205486059752526
500,660,0.2895843807482492
500,661,0.36936109037571624
500,662,-0.02982262908058158
500,663,0.30220825025817305
500,664,-0.16952696166096737
500,665,0.4521575484278264
500,666,-0.9431940121730751
500,667,-0.6466304677193114
500,668,-0.02432863144682502
500,669,0.1794722899188694
500,670,0.0662524287387777
500,671,-0.00042719215723114126
500,672,-0.7827020889332641
500,673,0.315658790775356
500,674,0.8423826033011654
500,675,0.6636243355719494
500,676,0.682988134609871
500,677,0.44441850107500824
500,678,0.2535598128296561
500,679,-0.08869254722654538
500,680,-0.004961582829827627
500,681,0.21609085746759588
500,682,0.2775675225313374
500,683,0.166620920642665
500,684,0.08058797240053231
500,685,0.6785673802510122
500,686,1.6009094094632745
500,687,-0.05604604410711359
500,688,0.7325575917436467
500,689,0.39327664551947633
500,690,-0.42762810496086817
500,691,-0.74499458387516
500,692,-0.3755500051642817
500,693,0.36277116131383635
500,694,-1.1016192919697918
500,695,-0.4346252856808342
500,696,0.7734640177030359
500,697,0.9646646282216343
500,698,-0.9233683517339385
500,699,1.4703395636053633
500,700,0.7743180686605127
500,701,0.9012437661091128
500,702,2.3267926039901625
500,703,-0.07898039934435797
500,704,-0.5819311914506895
500,705,-0.2228842681043019
500,706,1.3640274779571835
500,707,1.0899487606461369
500,708,0.9254700091368854
500,709,1.1311465947590003
500,710,0.007582760536285386
500,711,-0.3957032083411183
500,712,0.26932459210827264
500,713,-0.5676548286482772
500,714,0.37694261868021744
500,715,0.43797024783880906
500,716,-0.528038845719247
500,717,0.213436604333555
500,718,0.7265335508767559
500,719,-0.2986459539099973
500,720,0.9157583170222823
500,721,-0.3526409559304144
500,722,0.2421682317040304
500,723,0.4906248160943088
500,724,0.4114425786485479
500,725,0.3613019900572832
500,726,0.6913183405732528
500,727,-0.37245907089896074
500,728,0.41751309822188204
500,729,-0.06142282816393622
500,730,-1.4587785852640456
500,731,-0.11267188585370978
500,732,-1.6787333102004278
500,733,0.16582097975276933
500,734,0.31088916166495034
500,735,-0.35902219361514764
500,736,1.0028046053465332
500,737,-0.5742388652342977
500,738,0.4148002064555228
500,739,0.425509278165787
500,740,1.4162400773514572
500,741,-0.3311393158611919
500,742,0.3511380333865369
500,743,1.0811478937932844
500,744,0.64974604714674
500,745,-1.0873821119585336
500,746,-0.6239331463593518
500,747,0.2071584105589922
500,748,0.1766322887598149
500,749,0.25484081987440044
500,750,-0.7993960745768165
500,751,-0.2788875885263288
500,752,0.20608835211782633
500,753,0.9832439665794239
500,754,-0.27226242852632876
500,755,0.0036660410916022775
500,756,1.036235648924584
500,757,0.6014581549909391
500,758,-0.03776750620961507
500,759,0.02909722589695547
500,760,-0.3544233432142853
500,761,-1.0648008974757948
500,762,0.19904915380755228
500,763,0.9142880089902085
500,764,-0.4343408468443743
500,765,-0.08560152108725079
500,766,1.0519586998217128
500,767,0.3236097088670594
500,768,-0.6660503525325017
500,769,0.19390210438024919
500,770,-0.41602682363347593
500,771,-1.730340682585233
500,772,-0.6163688771934637
500,773,0.1949711146456629
500,774,-0.5576917500258823
500,775,-0.1902505507696708
500,776,-0.120480628674629
500,777,-0.04022236599176326
500,778,-0.9034523310490589
500,779,-0.630129300319896
500,780,0.14204134984863132
500,781,-1.0643494679471417
500,782,-0.38576377873742085
500,783,0.42878284047412774
500,784,-0.33605987560177886
500,785,-0.2043166672092808
500,786,0.21309117952995613
500,787,-0.7413035026862592
500,788,-0.12065671174838082
500,789,-0.3878852638141282
500,790,-1.1877077946647514
500,791,-0.7519836524594578
500,792,0.34128529927324003
500,793,0.12799250072739082
500,794,-0.9765579103119961
500,795,-0.02193326808259429
500,796,0.18488154232525952
500,797,0.29930078295196855
500,798,0.09176464160771579
500,799,0.013817096042426334
500,800,-0.3061991361162318
500,801,0.34366612451724415
500,802,0.4047072169047256
500,803,-1.2754047460470497
500,804,0.2377710776232558
500,805,-1.0622839374800301
500,806,0.7770142109135535
500,807,-0.11541529022212106
500,808,-0.2072559905613733
500,809,-1.7392754295164907
500,810,-0.34779457749981507
500,811,0.06808634899852925
500,812,-0.393748068883572
500,813,-0.5034043076654873
500,814,0.14139919210448862
500,815,-0.11468847994923163
500,816,-1.4988307482214163
500,817,-0.6913214603201868
500,818,-0.9832417347910473
500,819,-0.3975913089439689
500,820,-0.012137906686543198
500,821,-0.164160928174331
500,822,0.9612471522726462
500,823,1.0088092766404808
500,824,-0.18529514552263812
500,825,-0.305632226209098
500,826,-1.8857618474614284
500,827,-0.6185214715794843
500,828,-0.2856912902780203
500,829,0.19050964498685904
500,830,-0.38439856030738473
500,831,0.9509086672275902
500,832,-0.2129605405052637
500,833,0.3442398211777526
500,834,1.6545514035010598
500,835,-0.5612538842403941
500,836,0.4560646543161554
500,837,-0.293601932462859
500,838,-0.2767384496113055
500,839,0.022853980467710856
500,840,-0.5504475392794448
500,841,-0.03199030179918516
500,842,0.2907953658076999
500,843,-0.043856159896159416
500,844,-0.4415680145685191
500,845,-0.027879245546856165
500,846,0.9960728699264765
500,847,0.47796929706685454
500,848,-0.260194588685759
500,849,-1.6534072070439008
500,850,0.030677152591454104
500,851,1.5437515238826103
500,852,0.4065727210977523
500,853,-0.5536780156072121
500,854,-1.1127232739272126
500,855,0.8488541902662289
500,856,-0.8000613109378606
500,857,0.03808976909852783
500,858,-0.060528902541808996
500,859,0.01615600601263851
500,860,-0.13384760320756786
500,861,-0.15854267552359727
500,862,-1.6252428748271823
500,863,-0.1935370823535789
500,864,0.044368970915461284
500,865,0.21106910349039393
500,866,0.7700564461450445
500,867,0.4941823387493495
500,868,-0.13398992855245687
500,869,-1.0149333507279503
500,870,-0.35727560353681653
500,871,-1.1302219416189532
500,872,-0.1288847474808521
500,873,-0.40862010077274913
500,874,0.10982233083339488
500,875,0.7151685989152848
500,876,0.2111665199662925
500,877,-0.15773387518140028
500,878,-0.04672668261773592
500,879,1.2839683377479312
500,880,0.31062576190097346
500,881,0.8746478725565504
500,882,-0.09587590422077794
500,883,-0.023830231772399388
500,884,-0.45850372240252624
500,885,-1.6874316361830037
500,886,-0.13350460166199188
500,887,-0.13068750153309067
500,888,0.02493207844655893
500,889,0.3759092013712859
500,890,-0.07501031661662896
500,891,-0.34414890619419664
500,892,-0.2138776802072549
500,893,-0.9844740283057717
500,894,-0.7372009980237759
500,895,-0.0020389537663373604
500,896,-0.07776259836049841
500,897,0.2641515272339099
500,898,-1.0601845702325732
500,899,0.3560629661232146
500,900,0.058380485852904965
500,901,-0.5732336677141834
500,902,-0.26153520787884804
500,903,0.7121750797232062
500,904,0.7621807308607719
500,905,0.5217438026462151
500,906,0.36772596790108275
500,907,-0.32048072486935425
500,908,-1.3245559601619805
500,909,0.5936512275491771
500,910,0.20302273076676514
500,911,0.888516603866794
500,912,-0.1986286131045877
500,913,0.38833657601300164
500,914,0.08188533387422609
500,915,0.8415960126656951
500,916,0.11341354079293599
500,917,-0.03678400936998514
500,918,-0.0038897564432110662
500,919,-0.1280399996012725
500,920,0.6216128145186839
500,921,-0.08552718768627801
500,922,0.041524636623445695
500,923,-0.13518344266426569
500,924,0.7034323784725048
500,925,-0.09748334440114068
500,926,-0.2698014095700856
500,927,0.7646862127317666
500,928,0.9388682011398354
500,929,-0.2657446508345011
500,930,-1.003682367645949
500,931,0.32061111822971433
500,932,0.39107105835834055
500,933,0.26086419907440017
500,934,0.46820181995455806
500,935,0.14983460556301537
500,936,0.6784134146508325
500,937,0.4579405344463604
500,938,0.7026229724504457
500,939,-0.6364778697496255
500,940,-0.4596030306735945
500,941,-1.3266137106666482
500,942,-0.15974544870156637
500,943,-0.5530068531645862
500,944,-0.31467309732284954
500,945,0.4530997135550462
500,946,-0.9386719401702885
500,947,-0.5572644531152433
500,948,-0.693753724485304
500,949,-0.7859805417430362
500,950,0.0034686910274137543
500,951,-0.2662057854966726
500,952,0.5301476505246221
500,953,1.269845199938405
500,954,-0.174342534862847
500,955,-0.7422413501623749
500,956,0.36452959589652567
500,957,-0.15611351188358571
500,958,-0.7503423802252085
500,959,-0.6736411704837545
500,960,-0.08008916694009778
500,961,0.32388988931065094
500,962,-1.4738994452295975
500,963,0.3261008562843668
500,964,0.21195592888070794
500,965,0.8271612159211646
500,966,0.3283010746106454
500,967,-0.28132343995235565
500,968,-0.8364738778144628
500,969,-0.8098734692564912
500,970,-0.5482340327445324
500,971,-0.502976985386006
500,972,-0.49603522429143104
500,973,-0.35477876495398986
500,974,-0.33957924726615685
500,975,-0.33747689131499486
500,976,-0.06942357931527882
500,977,0.3585491402453666
500,978,0.2807744221853115
500,979,0.9646379228761496
500,980,-0.8782648219606787
500,981,-1.2993297905438248
500,982,-0.555679837677588
500,983,-0.841158765247755
500,984,0.4156134801867803
500,985,0.5786277289405971
500,986,-0.09972812513512497
500,987,-1.4379104671942526
500,988,-0.46820233428392993
500,989,0.5162520873036283
500,990,-0.08368582706479291
500,991,0.3307260716965304
500,992,1.2910612289277474
500,993,-0.05576761309370476
500,994,0.0910490655628192
500,995,0.7481061479700631
500,996,-1.3636494565924753
500,997,0.26536894020400703
500,998,-0.36458163792232023
500,999,0.1620201456715942
500,1000,1.3408039653998256
10000,1,-0.5810465866341482
10000,2,-0.7139946788556184
10000,3,-0.3081126687318841
10000,4,-0.7669351007609896
10000,5,-0.35398873192593666
10000,6,-0.3694522512253218
10000,7,0.46436131105384226
10000,8,-1.2174873494026948
10000,9,-1.1196397779229232
10000,10,-0.4676689350357801
10000,11,-0.7175599453306021
10000,12,-0.06591868121251959
10000,13,0.4751494973074928
10000,14,0.7789421131061055
10000,15,-0.13439896984793204
10000,16,0.45904828626201233
10000,17,-0.30789522660703056
10000,18,0.10138148363444374
10000,19,-0.5765635415620699
10000,20,0.2793216118331745
10000,21,0.38202956791813153
10000,22,-1.0394345100710851
10000,23,-0.23400190200123755
10000,24,-0.008086944672636997
10000,25,0.12515789431694155
10000,26,0.06856171587990828
10000,27,-0.41917827183117545
10000,28,0.8615711278810059
10000,29,0.6983516318887899
10000,30,-0.28227619724001607
10000,31,-0.21132470733947445
10000,32,1.7370370920618934
10000,33,0.4471689546140447
10000,34,0.6638835625827946
10000,35,-0.4727148330706873
10000,36,0.10804884302047267
10000,37,-0.5099762090848234
10000,38,-0.06757482294208421
10000,39,0.2640184631712652
10000,40,0.7698975706241217
10000,41,-0.03470910263913479
10000,42,-0.6835825738552446
10000,43,0.40504060190258495
10000,44,0.6410497598669945
10000,45,0.8742258285094684
10000,46,0.14691064601972487
10000,47,-0.7981345595099486
10000,48,0.1175382200142453
10000,49,0.0670190036862061
10000,50,0.39215281879393443
10000,51,0.9159525303867685
10000,52,0.7760741706633216
10000,53,-0.11970455861355028
10000,54,0.5325416690934281
10000,55,-0.12090051322548322
10000,56,1.1741089652187924
10000,57,-0.017394981678994583
10000,58,-0.28861205920851074
10000,59,-0.14688886241650853
10000,60,-0.42726552922706657
10000,61,0.33374205648669003
10000,62,-0.030289931562145083
10000,63,0.7252736559188923
10000,64,0.22233894514100236
10000,65,0.07021393585142033
10000,66,0.23689414167879744
10000,67,-0.975888717114959
10000,68,-0.3767331506526319
10000,69,0.2696934586401235
10000,70,-0.15122629892559117
10000,71,0.11220303246293638
10000,72,0.5402341786823517
10000,73,0.13045272828697863
10000,74,-0.46749630611693005
10000,75,-0.3593741205979766
10000,76,1.4595850286171272
10000,77,0.2426371515893282
10000,78,0.17675729703197884
10000,79,0.5522557405113941
10000,80,0.02157659948201594
10000,81,1.6050863531211217
10000,82,0.6724251535806
10000,83,0.041201562910177354
10000,84,-0.025511003272868264
10000,85,0.38838880839863055
10000,86,0.9011159472136653
10000,87,0.06111669489282833
10000,88,0.1725536327053118
10000,89,0.13242353553000036
10000,90,0.889139386921872
10000,91,0.2657108304023044
10000,92,-0.3843392867879867
10000,93,0.526039797694338
10000,94,0.025456027595385778
10000,95,-0.6295268153607324
10000,96,-0.32093609822311114
10000,97,-0.44040255530845407
10000,98,0.47680177090186404
10000,99,0.4328993677710782
10000,100,-0.5581806011601819
10000,101,1.3697922971369623
10000,102,0.054850577168795565
10000,103,-0.7183205217034014
10000,104,0.2162349452687147
10000,105,-0.36655439351744556
10000,106,-0.7780316321951638
10000,107,0.12402196591423341
10000,108,-0.5247691452098265
10000,109,-0.8784613699796036
10000,110,0.0984078022511308
10000,111,0.03452832992640078
10000,112,0.6454979003525207
10000,113,-0.5032261714248655
10000,114,0.5990687482889339
10000,115,0.17034560469336205
10000,116,0.251094258019371
10000,117,0.17135739727051896
10000,118,-0.19398539565742148
10000,119,-0.8832152062644156
10000,120,0.9006013690287544
10000,121,-0.14511371268332654
10000,122,-0.9483405341712746
10000,123,0.8665198867006154
10000,124,-0.18295785868270234
10000,125,0.5010562047406172
10000,126,0.9737778605180862
10000,127,-1.3395327362708007
10000,128,0.9637905574559062
10000,129,0.07592555242477904
10000,130,0.6853323313276731
10000,131,-0.22885281434980115
10000,132,-0.7930670238905463
10000,133,0.8357003737382376
10000,134,0.6188687976758993
10000,135,0.37891275255669743
10000,136,-0.5043215786151
10000,137,0.9060563724297352
10000,138,0.17466706486204886
10000,139,-0.6500828066237625
10000,140,-0.9338453942638243
10000,141,0.7762883163714747
10000,142,-0.18430749411476832
10000,143,-0.26884358889578813
10000,144,0.33688895666491175
10000,145,0.03256869298533248
10000,146,-0.5579500658259984
10000,147,0.12195896316024124
10000,148,0.27070584220234806
10000,149,1.128039804115603
10000,150,-0.8420763353635993
10000,151,0.29360238312538905
10000,152,-0.06838587313453481
10000,153,-1.0371831355999477
10000,154,0.6340058920522861
10000,155,-0.43910985116146406
10000,156,0.6119514768937186
10000,157,-0.8172638785840518
10000,158,0.6710947154376912
10000,159,-0.08262982366903956
10000,160,0.09097401211784878
10000,161,0.29695496520354386
10000,162,-0.8930434918539373
10000,163,0.07256589555478009
10000,164,-0.15175173122670713
10000,165,-0.42576122754869605
10000,166,0.013973408606850863
10000,167,-0.6711609022290979
10000,168,0.5756457173775287
10000,169,0.5662669000717
10000,170,0.1890687485190417
10000,171,1.3367777620904377
10000,172,0.018609490722176093
10000,173,-0.6594621921336346
10000,174,0.15340412722021549
10000,175,-0.18992673356871415
10000,176,0.48944460693104624
10000,177,-0.26190275577603817
10000,178,0.021355820966056947
10000,179,0.335987764610662
10000,180,0.14314032720487765
10000,181,0.5950199875844471
10000,182,-0.2998423119155172
10000,183,0.007839978282078754
10000,184,-0.34947049843905675
10000,185,-0.4894435907091504
10000,186,1.274855696339396
10000,187,0.37229218620485793
10000,188,-0.4166517230610412
10000,189,1.1446227132237785
10000,190,-0.6780556707719596
10000,191,0.2814414446720845
10000,192,0.23663448705164145
10000,193,-0.8010173774682117
10000,194,-0.9962254006378987
10000,195,0.6379921151289055
10000,196,-1.0546616956673367
10000,197,-0.24799828700253135
10000,198,-0.5955061234491825
10000,199,0.59351156455112
10000,200,-0.8571972127621698
10000,201,-1.0537690791585426
10000,202,-0.15532464323442216
10000,203,1.4551697815307794
10000,204,0.6334730077223243
10000,205,-0.03563562862224911
10000,206,0.06901625309240483
10000,207,0.23000076947375866
10000,208,1.018053312696268
10000,209,-0.1907515756996437
10000,210,0.40684024154522835
10000,211,-0.32447204475648334
10000,212,-0.4522596452765436
10000,213,-0.43386893023247025
10000,214,-0.8512608664700002
10000,215,0.5526463484038815
10000,216,-0.18406134327825835
10000,217,0.4731367715732389
10000,218,1.306290480028378
10000,219,-0.5937918335335653
10000,220,0.04322325299955393
10000,221,-0.49568909177858267
10000,222,0.10318998764526642
10000,223,-0.8988439869209526
10000,224,-0.6501692520482247
10000,225,0.31696654718035266
10000,226,0.46185886187001485
10000,227,0.550550237286005
10000,228,0.5525604700804825
10000,229,-0.43324925109365914
10000,230,0.5792863851262452
10000,231,-0.4315537092823077
10000,232,0.3331057060133489
10000,233,0.8811637247907421
10000,234,0.4829324052763665
10000,235,-1.079705121125828
10000,236,0.3612860372994784
10000,237,1.4733076622418597
10000,238,-0.13536035126817253
10000,239,-0.9194642847559065
10000,240,2.8505009184724277
10000,241,-1.1559056764358722
10000,242,0.6953385617331616
10000,243,1.0878982465604874
10000,244,-0.8994735986183183
10000,245,-0.02407835795301483
10000,246,-0.8064564872337416
10000,247,-0.28161073750951715
10000,248,-0.674881129968914
10000,249,-0.3010759130049401
10000,250,0.27058446356051863
10000,251,0.22631925375456616
10000,252,0.7012728835618215
10000,253,0.2671368638083295
10000,254,-0.11220185987834944
10000,255,-0.06561345374061683
10000,256,1.9641640604109851
10000,257,-0.846682636064014
10000,258,0.019562160806470864
10000,259,-1.15356610882797
10000,260,0.49068941576658637
10000,261,0.3579410788535561
10000,262,-0.6384696431220225
10000,263,0.7323030306245004
10000,264,1.1353082348406933
10000,265,0.27666380587756756
10000,266,-0.4536898858029816
10000,267,-0.44736013762724375
10000,268,-1.1181324795911611
10000,269,-0.08114623046211479
10000,270,-0.10955398450545703
10000,271,-0.21170389730642494
10000,272,0.37649471622668035
10000,273,0.45192750614036864
10000,274,0.45740263695322647
10000,275,0.461791316379453
10000,276,1.277849359873515
10000,277,-1.5823379050446131
10000,278,-0.9606784109273937
10000,279,0.5224644709522377
10000,280,1.5910398311563974
10000,281,-0.38937604088133915
10000,282,0.11759920701576998
10000,283,1.1871220879995141
10000,284,-0.7595470957213423
10000,285,1.2162323513109232
10000,286,-0.16414258826054073
10000,287,2.19938117676753
10000,288,0.32657720849960997
10000,289,0.04354871347834768
10000,290,0.5169361729067955
10000,291,0.48428378196127575
10000,292,-0.23798058311690484
10000,293,0.9716119384434225
10000,294,1.126996469316769
10000,295,-0.5358243151472817
10000,296,-0.29714930753577745
10000,297,-0.18558629410318817
10000,298,-1.24949889981999
10000,299,-0.11810466437907738
10000,300,-0.43111797136039554
10000,301,-1.0312429949357047
10000,302,-0.30821658680353403
10000,303,-0.3584529595651544
10000,304,1.4503285140888886
10000,305,0.19509792478838334
10000,306,0.3804535925599769
10000,307,0.10966264069401328
10000,308,-0.6010284321152055
10000,309,1.2959385179446616
10000,310,-0.22900901706730797
10000,311,0.7973147479908741
10000,312,-0.8066678087067908
10000,313,0.15710855569332693
10000,314,-0.33766901718079784
10000,315,-0.1759227365016703
10000,316,0.7452066869389307
10000,317,0.08608173944681427
10000,318,-0.46761511210388335
10000,319,-0.03972141654501311
10000,320,-0.2768101571176459
10000,321,-0.543987513578955
10000,322,0.07986142376735073
10000,323,0.7880098901874244
10000,324,-0.46449679505949854
10000,325,-0.2607480821042796
10000,326,0.36061198600200106
10000,327,1.3568932133897231
10000,328,0.720702465081448
10000,329,-0.21794959279279422
10000,330,-0.09743331376869209
10000,331,-0.3505934447240395
10000,332,-0.8003911398967815
10000,333,-0.5090363662539245
10000,334,0.3947225183972543
10000,335,0.5776017327254525
10000,336,-0.10160532274997741
10000,337,0.03871043092240475
10000,338,-0.06823230733595775
10000,339,1.1635107953970403
10000,340,-0.7937349097717188
10000,341,-0.21275712130817126
10000,342,0.03152436541784566
10000,343,-1.2763076496908736
10000,344,0.1673586885904793
10000,345,0.15866928708321953
10000,346,-0.18732287317092033
10000,347,0.6673984367276468
10000,348,-0.4853561023247523
10000,349,0.037240788753415036
10000,350,-0.27480460126464573
10000,351,0.055243631692348076
10000,352,-0.927951481341424
10000,353,-0.0900074138580551
10000,354,-0.3720768283514948
10000,355,0.32818906915843865
10000,356,-0.17062225378018306
10000,357,-1.2097211775157704
10000,358,0.2650872581267235
10000,359,-0.4163789024418739
10000,360,0.2869218269155568
10000,361,-0.2151075799004018
10000,362,-0.5130957363566057
10000,363,-0.5166985495421271
10000,364,0.4417876845139864
10000,365,-0.8879287452965775
10000,366,0.3770467666396711
10000,367,-0.2849707474094222
10000,368,-0.06685400561494512
10000,369,0.20030296669002715
10000,370,0.7304505678207656
10000,371,-0.01623106845958451
10000,372,0.4532655780669596
10000,373,0.37715597321721805
10000,374,0.03661253008245856
10000,375,0.9326400231741644
10000,376,0.08360401844149468
10000,377,1.346490555997714
10000,378,-0.2625354422773563
10000,379,0.21963683505834278
10000,380,-1.0144218187286025
10000,381,-0.3944531908478941
10000,382,0.08598892041256442
10000,383,-0.5553348468523838
10000,384,0.051623319369518625
10000,385,0.09327127982610876
10000,386,0.4374759541601781
10000,387,-0.6991365954410667
10000,388,0.9289530460424652
10000,389,-0.1664443933370065
10000,390,0.3703013550592749
10000,391,0.8184573847968512
10000,392,-1.0319911037055438
10000,393,-0.3908279087404597
10000,394,0.7640263092941997
10000,395,0.5784667192985739
10000,396,-0.7237936308294618
10000,397,-0.07238322542518875
10000,398,0.5706708255178394
10000,399,0.16492150170973197
10000,400,0.6992479075354201
10000,401,0.6401096475006777
10000,402,-0.32687140305303275
10000,403,0.6687072999003226
10000,404,-0.3546529527718095
10000,405,-0.05384452479481265
10000,406,0.3855532903623886
10000,407,0.5359121892355431
10000,408,0.7140375495354497
10000,409,0.0424997176760342
10000,410,0.011786194591711251
10000,411,-0.11247632980377795
10000,412,-0.06131097803109305
10000,413,-0.23035957041878577
10000,414,-0.5109629595382702
10000,415,0.7941770012414047
10000,416,-0.7698099399997004
10000,417,-0.44009323898794817
10000,418,-0.15749675060048376
10000,419,0.08094209610740727
10000,420,0.14266395565258982
10000,421,-0.6654799262297451
10000,422,-0.10112229118717193
10000,423,0.13879203327870737
10000,424,-0.0785955544549103
10000,425,-0.04839204416682163
10000,426,-0.6911940803031841
10000,427,-0.8654407883131803
10000,428,0.01607483706765755
10000,429,0.059744375924409183
10000,430,0.24456478603321777
10000,431,-1.401998960256695
10000,432,0.23750901866811566
10000,433,0.7939052203241996
10000,434,-0.5686951229504811
10000,435,0.22233577265562468
10000,436,0.9965739408692192
10000,437,-0.6739368530342299
10000,438,-0.18063024630650867
10000,439,-0.7280249048413028
10000,440,0.12357383027114309
10000,441,0.3228915890697217
10000,442,0.4709629915603712
10000,443,1.0084587409371217
10000,444,0.5259626963981576
10000,445,0.027423503312238584
10000,446,-0.15459239385824255
10000,447,0.3970445085159935
10000,448,0.6091297932633041
10000,449,0.18354241280253658
10000,450,0.41692677373400644
10000,451,-0.27746936194538757
10000,452,1.3469948794148774
10000,453,0.5463217870385365
10000,454,0.1319867245881864
10000,455,-0.47108239741634733
10000,456,-1.6078820467751611
10000,457,-0.40268284313505154
10000,458,-0.4273840625875536
10000,459,-0.4484612291513299
10000,460,-0.8386903838979756
10000,461,-0.17180757823145085
10000,462,0.10122726848415924
10000,463,-0.3424511020033264
10000,464,0.9342125354638763
10000,465,-0.32132230315692945
10000,466,1.263736809227818
10000,467,0.40540928059345843
10000,468,1.1603149488140758
10000,469,-0.9120535536152208
10000,470,-0.6205484166751227
10000,471,0.15530674729563168
10000,472,-0.2400752417442453
10000,473,1.6859283553256152
10000,474,-0.5405859218399656
10000,475,0.1299702124426356
10000,476,0.173412824856515
10000,477,-0.4812147008369013
10000,478,-0.476628588679018
10000,479,-0.13853026218278683
10000,480,0.5416482364921958
10000,481,-1.0464974535243727
10000,482,-0.17916414742164838
10000,483,-0.37561032971537517
10000,484,0.5634934093615251
10000,485,-0.3459326142536977
10000,486,0.2503081277694599
10000,487,-0.2594194763361741
10000,488,-0.44924696033092176
10000,489,-0.27247777928124944
10000,490,-1.3464440633544668
10000,491,0.3950561103749346
10000,492,0.029307501161372096
10000,493,1.9002582050941708
10000,494,-0.2975231563088962
10000,495,0.8576350131481673
10000,496,0.004170683543767522
10000,497,1.3158962173241155
10000,498,0.5933536843747313
10000,499,0.1458919571782718
10000,500,0.6113526032113813
10000,501,0.2565623371921317
10000,502,-0.9301620116582652
10000,503,-0.10992005705210554
10000,504,-0.17474981284248525
10000,505,-0.1008899774717535
10000,506,0.7226242503067469
10000,507,0.6724010802038556
10000,508,0.19756165346457868
10000,509,0.6762842037060515
10000,510,0.10540481453900401
10000,511,-0.6644953102763203
10000,512,0.006949138677438022
10000,513,-0.10539650886206359
10000,514,0.5683431432142181
10000,515,0.04467036432315212
10000,516,1.2655410414352752
10000,517,-0.5395583949627671
10000,518,1.1786144029614045
10000,519,-0.5354155024662958
10000,520,-0.050072730325373016
10000,521,0.48153140804818256
10000,522,0.8795214068072478
10000,523,0.9740087110146013
10000,524,0.17391900883453776
10000,525,-0.47959056541095463
10000,526,-0.6885433819715437
10000,527,1.466587850866683
10000,528,1.4619769318645384
10000,529,0.06299282895146635
10000,530,-0.15667114994538855
10000,531,0.6637644021068461
10000,532,-0.42052651214327763
10000,533,-1.3794825685835006
10000,534,-0.10425909779678985
10000,535,0.04750176565909747
10000,536,-0.21588570020776388
10000,537,1.1786683710401884
10000,538,-1.7089706723324953
10000,539,-0.21066171462866753
10000,540,0.7279566650837245
10000,541,-0.035804367427024426
10000,542,-0.19217042084321595
10000,543,0.28970788690670474
10000,544,0.49058980358991505
10000,545,0.38948572012611443
10000,546,-0.782121869117379
10000,547,0.811979203737814
10000,548,-0.6203488981557492
10000,549,-1.5721892946345843
10000,550,-0.36953811453996915
10000,551,1.0125568357729484
10000,552,-1.1760110455517396
10000,553,0.2719247549582822
10000,554,-0.13976998557873954
10000,555,0.7425396411856879
10000,556,0.6320213925770668
10000,557,-0.5968037266091626
10000,558,-0.1304333315916621
10000,559,0.08182546063581607
10000,560,-0.5364659856801497
10000,561,-0.39810617141319476
10000,562,0.01875048732570207
10000,563,0.7801129925336184
10000,564,-0.6943563403359297
10000,565,-2.183544394967821
10000,566,-0.06341600279400231
10000,567,-0.6078895614754924
10000,568,-0.33673890875079204
10000,569,-0.08418642937622865
10000,570,0.5049935882888691
10000,571,-0.40764454482867135
10000,572,0.88415999716006
10000,573,0.2208461792149532
10000,574,0.534282706730073
10000,575,0.177590690409577
10000,576,-0.3665942250332717
10000,577,-0.31728438661417646
10000,578,0.8640995404389342
10000,579,-0.7585580631110588
10000,580,-0.8847945986341649
10000,581,-0.27799764675015176
10000,582,-0.12138086772145669
10000,583,-0.3900517596823844
10000,584,-0.8191042482291754
10000,585,0.11885190944980123
10000,586,0.7556136878532338
10000,587,0.5965810501170347
10000,588,1.1605931366744697
10000,589,0.24638918444433353
10000,590,-0.20463009482330227
10000,591,1.873342736814481
10000,592,-0.6964583005584049
10000,593,0.8525460132319949
10000,594,0.22667593496793734
10000,595,0.6011945382842611
10000,596,-0.17599979128511314
10000,597,0.004565287577497978
10000,598,0.07037451837989596
10000,599,-0.07130193343965172
10000,600,-0.655789280549176
10000,601,-0.12887919225675615
10000,602,0.6032348598054936
10000,603,0.8851999676410431
10000,604,-0.7438610748310084
10000,605,0.5867973608697071
10000,606,0.030704378384800803
10000,607,-0.4878928175421797
10000,608,-0.30106550725938835
10000,609,-0.6534277230491903
10000,610,-0.2870729963480999
10000,611,-0.8447176932598233
10000,612,0.16888354067928094
10000,613,0.4606325380745703
10000,614,-0.3319897134746455
10000,615,-1.3006659005711616
10000,616,-0.21937355913989828
10000,617,0.3635163377319932
10000,618,0.17198574221608443
10000,619,0.05974714339073012
10000,620,0.47870451776651085
10000,621,-0.3418502919079681
10000,622,-0.4022742269161863
10000,623,-0.6511927930531286
10000,624,0.4517527817328197
10000,625,-0.6433176041417984
10000,626,-0.4017610069803019
10000,627,0.6268703107301816
10000,628,-0.8974089855375499
10000,629,0.09115567345701427
10000,630,0.40185692452297295
10000,631,-0.39693963826063106
10000,632,-0.006481935586170337
10000,633,0.6595124811754457
10000,634,0.3195861424389635
10000,635,0.09770397120748082
10000,636,0.23364879116061443
10000,637,1.1414438951846668
10000,638,0.7382929395516801
10000,639,-0.0502932675496976
10000,640,0.604767635663877
10000,641,0.19186312718025658
10000,642,0.004740914983647838
10000,643,0.3482491569907856
10000,644,0.23191608107363035
10000,645,1.2953720104856858
10000,646,0.24026451812123598
10000,647,0.5276086064981691
10000,648,0.041041564872341584
10000,649,-0.4642019990005028
10000,650,0.4077270354537261
10000,651,0.11779579808414797
10000,652,-0.04295542596090815
10000,653,-1.583897639657075
10000,654,0.8421016187951011
10000,655,-0.6133140379373582
10000,656,-0.3899499228727977
10000,657,-0.20205785595144268
10000,658,0.2459670704600967
10000,659,-1.1094896790292952
10000,660,1.064549751837853
10000,661,-0.9859325547208823
10000,662,-0.7170698552941189
10000,663,0.7390870679384661
10000,664,-0.24650845191971846
10000,665,0.49159167888120736
10000,666,-0.37782201869181
10000,667,-0.4030662917392948
10000,668,0.13580966667178926
10000,669,-0.69934049574594
10000,670,-0.026053245343007892
10000,671,0.8883222183856564
10000,672,-0.31100787613910996
10000,673,-0.012819429895162736
10000,674,-0.13941704903741511
10000,675,-0.15677949725074156
10000,676,-0.43918401615458785
10000,677,0.6054098417088442
10000,678,1.0020963571660155
10000,679,-0.3660249547509015
10000,680,0.028582276592984877
10000,681,0.11437317305334697
10000,682,0.2202661125397719
10000,683,0.20806149637443402
10000,684,-0.3726087734274653
10000,685,-0.15549930418968388
10000,686,0.4205692078033408
10000,687,-0.5691807212699284
10000,688,-0.0496021667876939
10000,689,-0.08581198851220313
10000,690,-1.0935967175505357
10000,691,-0.16259480930673428
10000,692,-0.11488085119036472
10000,693,0.4350449530013722
10000,694,-2.1149664627663034
10000,695,-0.08953209729766287
10000,696,-0.06840834172302027
10000,697,0.5987643788385949
10000,698,0.2548267546182046
10000,699,-0.47601267952240456
10000,700,-0.5336510134904034
10000,701,-0.6640800829974903
10000,702,0.7378720897399862
10000,703,-0.28285337793496645
10000,704,0.47145810938524263
10000,705,-0.021135108800092114
10000,706,1.2051649852659836
10000,707,-0.6669301080479635
10000,708,-0.32326949092228396
10000,709,0.8887777063895616
10000,710,-0.32713357756148775
10000,711,-0.10129799421622256
10000,712,-0.868675491109565
10000,713,-0.22552475504925334
10000,714,-0.8652044000262893
10000,715,0.015308109484022057
10000,716,0.20524064011105458
10000,717,-0.3836243043066119
10000,718,-1.0255782166460359
10000,719,-0.07415101060612751
10000,720,-0.5250099992872487
10000,721,-0.3135430339262389
10000,722,-0.9711128756444131
10000,723,0.5740809524664882
10000,724,-0.21527013038504214
10000,725,0.3440944560920258
10000,726,-0.3174974964412531
10000,727,-0.685568550394872
10000,728,0.7765868229148781
10000,729,-0.17712099378402893
10000,730,0.23825278117110954
10000,731,-0.5025739745504377
10000,732,-1.2152794364813693
10000,733,0.40106092530923687
10000,734,0.5987314533207528
10000,735,-0.356098140076914
10000,736,-0.23040902587162573
10000,737,-0.7228598561145309
10000,738,0.20175924065690937
10000,739,0.6683009528289303
10000,740,0.27693864323999395
10000,741,-0.5321304435828031
10000,742,0.43444583802800135
10000,743,-0.16301464710161173
10000,744,-0.6458775822764031
10000,745,0.6292301779356916
10000,746,0.14599399302567273
10000,747,-0.35939359283633887
10000,748,-0.37118684791609236
10000,749,0.12469746228626134
10000,750,-0.6709131232825043
10000,751,0.3534017477541386
10000,752,0.06478014118024988
10000,753,0.13415636087736807
10000,754,-1.5895254519832833
10000,755,-0.6347906466461678
10000,756,-0.7178126143434069
10000,757,-0.08939011374068535
10000,758,-0.7738085746067271
10000,759,1.3492206801757423
10000,760,-0.22033539407461436
10000,761,0.9849549515537804
10000,762,0.01981902992116794
10000,763,-0.15643978814821155
10000,764,-0.35763599126950846
10000,765,0.08811048340252549
10000,766,-0.7107919481860383
10000,767,-0.1487924569685049
10000,768,-0.2638681886087141
10000,769,-0.12441343119181622
10000,770,-0.5780061857559922
10000,771,0.05290659195281166
10000,772,1.1449178632342716
10000,773,0.3146817086121108
10000,774,0.4203103501597972
10000,775,0.10777726643813089
10000,776,-0.006778500596589463
10000,777,0.1549329083797218
10000,778,0.8579317628142289
10000,779,-0.4113559226998065
10000,780,0.022101269891636275
10000,781,-0.399831508867084
10000,782,-0.3834142999142419
10000,783,-0.05177157076515052
10000,784,-0.015690223147957323
10000,785,-0.12882610058269203
10000,786,-0.7478168391878558
10000,787,0.33237570985608467
10000,788,-0.6554470212383067
10000,789,-0.20341881834703884
10000,790,1.2546365902894114
10000,791,0.8069929329624447
10000,792,-2.2595342073764977
10000,793,-0.900218935611878
10000,794,0.5633708826563749
10000,795,0.3668567640314005
10000,796,0.13746157435499654
10000,797,0.6646755594090755
10000,798,-0.3459067613195467
10000,799,0.4235592022074334
10000,800,-0.44686981096155937
10000,801,1.1020885157785547
10000,802,0.3924594808967218
10000,803,-0.1429207855694147
10000,804,-0.5077802677077702
10000,805,0.4171658315903863
10000,806,-0.15775471476080427
10000,807,-1.5274237826159618
10000,808,-0.5522818943480275
10000,809,-1.7382224277642073
10000,810,-0.23693661014990974
10000,811,0.5404321001738277
10000,812,0.54747262449508
10000,813,0.3008615901905973
10000,814,-0.359049843880749
10000,815,-0.10534198901233076
10000,816,-0.2088652617625864
10000,817,-0.6465112727788719
10000,818,-0.05475291869937412
10000,819,-0.19744809157904572
10000,820,-0.5867025408760089
10000,821,0.10401843375907839
10000,822,-0.24885043208780658
10000,823,-0.7556085431262423
10000,824,-0.7364610877556068
10000,825,1.1713705447561993
10000,826,-0.7018173903109628
10000,827,0.9918966482874729
10000,828,-1.2319254449476156
10000,829,-1.2880167962788325
10000,830,0.045921318868916275
10000,831,-0.4676442000906018
10000,832,-1.4746562526475677
10000,833,0.5932387361756841
10000,834,0.35337710960342794
10000,835,-0.005430245970249859
10000,836,1.0463013794049727
10000,837,-0.1591834122339954
10000,838,0.7073433464471345
10000,839,0.20644782911629964
10000,840,-0.6050300925416012
10000,841,-0.28453248273469733
10000,842,-0.1063643784609769
10000,843,0.23945724004887076
10000,844,-0.3243742522100944
10000,845,0.781787988822795
10000,846,-0.2858734295486627
10000,847,-0.3738569917410643
10000,848,0.43500501861844726
10000,849,-0.028958148325627337
10000,850,0.40104112257886676
10000,851,-0.8141568272976187
10000,852,0.36259006714177794
10000,853,0.7568397254597248
10000,854,-0.22913053084365623
10000,855,-0.9298429391916543
10000,856,0.5116592654385729
10000,857,0.13782621139034756
10000,858,-0.5988456613968849
10000,859,0.882451852935092
10000,860,1.8777064457601884
10000,861,-0.5774219138899376
10000,862,-0.03039418003917657
10000,863,0.113455221455283
10000,864,-0.5493100788501066
10000,865,0.059141122913774
10000,866,-0.6638647579847105
10000,867,0.34239961211104064
10000,868,0.1440739264103901
10000,869,0.13599390592683167
10000,870,0.2944049775782914
10000,871,-0.08497576923107798
10000,872,-0.046234397793453674
10000,873,-0.10935922936374283
10000,874,-0.0944221806613129
10000,875,0.21814081685846953
10000,876,0.4555050767463306
10000,877,0.2679980966150205
10000,878,1.0151467760308988
10000,879,-0.5751669835749244
10000,880,0.1870530670561078
10000,881,1.3398256725876942
10000,882,0.9174378635061042
10000,883,0.424614375571618
10000,884,0.2565833931233487
10000,885,-0.09422060100087801
10000,886,-0.527689685022056
10000,887,0.18309322638961853
10000,888,-0.6051300761519336
10000,889,0.10271618537354579
10000,890,-0.404089392247077
10000,891,-0.12063494407544245
10000,892,0.46793583732947347
10000,893,0.20700470879238522
10000,894,-0.0010697886770604764
10000,895,-0.3066259967814286
10000,896,-0.09638932894285247
10000,897,-0.1368576482837724
10000,898,-0.2567537036223834
10000,899,0.9517381667301898
10000,900,-0.1733102424911966
10000,901,0.5906496753632511
10000,902,-0.4994982479815785
10000,903,-0.20697987752920355
10000,904,0.7242105499030701
10000,905,-0.6208749453752804
10000,906,0.5683711714764
10000,907,0.2814328153423227
10000,908,-0.5386765665643898
10000,909,-0.6693206903629838
10000,910,-0.7181504066617634
10000,911,-0.0922523555910058
10000,912,-1.5881999988178368
10000,913,0.7862693209625587
10000,914,-0.5193176186149405
10000,915,0.5617177609953895
10000,916,0.25046196921944475
10000,917,-0.11900811771403028
10000,918,-0.05404175977829786
10000,919,-0.736997957641006
10000,920,0.5034369756085815
10000,921,-0.2512269533036055
10000,922,-0.13614581611980645
10000,923,-0.013774756309157445
10000,924,-0.5167013253706491
10000,925,1.0830877159080787
10000,926,-0.19743517276532366
10000,927,0.23960237205627136
10000,928,-0.19381410467138255
10000,929,-0.37233306724604737
10000,930,-0.6589211049261797
10000,931,-0.4259138390967491
10000,932,-0.8502852048529873
10000,933,-0.04121913962178816
10000,934,0.01674496385005157
10000,935,0.9413078239416809
10000,936,1.4961836273912779
10000,937,-0.24574101044747845
10000,938,-0.5665420863461392
10000,939,0.1441014432198837
10000,940,-0.7944898816578874
10000,941,0.39295337789960844
10000,942,-0.3372171991494018
10000,943,0.2593858116013375
10000,944,0.6513507163459207
10000,945,0.5433858680025895
10000,946,0.2930565152626529
10000,947,0.3438254686204135
10000,948,-0.6636743210297162
10000,949,0.9227597150048946
10000,950,-0.17381887177772423
10000,951,-0.37492777469823463
10000,952,0.6838536931663475
10000,953,0.7841505418214374
10000,954,-0.59227925520365
10000,955,-0.8306540288949525
10000,956,-0.41852788882592584
10000,957,-0.16650765350815863
10000,958,0.6908353093387897
10000,959,-0.24117743121975707
10000,960,-0.3360645873565075
10000,961,0.03030432765064614
10000,962,-0.864854457164918
10000,963,0.38509351569719313
10000,964,-0.17773906809074566
10000,965,-0.07820833561217322
10000,966,0.7503605908649402
10000,967,-0.5135302349287949
10000,968,-0.28465056510349407
10000,969,0.7015261630258982
10000,970,0.06315672625265681
10000,971,0.24547365292312545
10000,972,-0.6352896911428448
10000,973,-0.11240964846449103
10000,974,-0.5169665196949713
10000,975,-0.16089928863547107
10000,976,0.35475895185411865
10000,977,-0.5105505546673637
10000,978,1.7439631694423379
10000,979,-0.2484521041435141
10000,980,-0.7212667426609611
10000,981,-0.6664210872805036
10000,982,-0.12198652486260701
10000,983,0.7401601384748394
10000,984,0.5559355248080324
10000,985,-0.9636182118897083
10000,986,0.6215325074736852
10000,987,0.47321179536185315
10000,988,0.2603382639786579
10000,989,-0.16407239216788658
10000,990,-0.43348293683860173
10000,991,-0.5064909311329799
10000,992,0.051278631978286714
10000,993,0.6212195223095017
10000,994,0.297064652653791
10000,995,-0.302516262982022
10000,996,-0.41501952819019805
10000,997,0.04327133837329962
10000,998,0.48670245870526213
10000,999,0.06440700585478994
10000,1000,-0.25575593359002924
500000,1,-0.6001585703104936
500000,2,0.05686511429477535
500000,3,0.40546010002151
500000,4,1.0814199444143469
500000,5,-0.3449704985708327
500000,6,-0.20903849545106046
500000,7,-0.23197459785670102
500000,8,0.33715536847539174
500000,9,-0.32440696073969005
500000,10,0.9852635480889869
500000,11,-0.032366112812784946
500000,12,0.45615654018307755
500000,13,0.00806428844406577
500000,14,0.7025762950729473
500000,15,0.39487067474977877
500000,16,0.13921948517425667
500000,17,0.04139786519887788
500000,18,-0.41831966416676564
500000,19,1.3669038452314148
500000,20,2.310914837073876
500000,21,0.17592398836592077
500000,22,0.6776685130204352
500000,23,0.9032748562084498
500000,24,-0.9224163229054257
500000,25,0.04085079197241127
500000,26,0.15558727561765257
500000,27,0.8371225141578126
500000,28,-0.5646445969655347
500000,29,-0.26260127781727133
500000,30,0.060963956285479265
500000,31,-0.548837404582388
500000,32,-0.04651951271197243
500000,33,0.1504397526870629
500000,34,-0.7599706392180737
500000,35,1.1747245395202108
500000,36,-0.5454180535585366
500000,37,-0.2343655673222443
500000,38,-0.11831547519639833
500000,39,0.677270554044618
500000,40,0.8993934546430462
500000,41,-0.09602150879210007
500000,42,-0.23558916408176908
500000,43,0.7160169776486659
500000,44,0.015813403581377315
500000,45,-0.020402158482295273
500000,46,-0.34069936835970577
500000,47,0.46715663703528737
500000,48,-0.11254288729289252
500000,49,0.05582101851283618
500000,50,1.462148837555358
500000,51,0.014424008452615426
500000,52,-0.4050885694009085
500000,53,-0.44579670630738744
500000,54,0.14922468246484544
500000,55,0.24528149966357618
500000,56,-0.3960594949886495
500000,57,0.06128509102375145
500000,58,0.5283344171160272
500000,59,-0.49898265435128497
500000,60,0.7649797137698171
500000,61,-0.12449732471583745
500000,62,-0.4715453379460029
500000,63,-1.4326786992366805
500000,64,0.33855188244924234
500000,65,-0.17788730211909984
500000,66,-0.5048115063336155
500000,67,-1.2603259252460708
500000,68,-0.1753284317583111
500000,69,0.07672898084175149
500000,70,-0.9727589094644501
500000,71,0.6520069905600657
500000,72,0.33856169625688487
500000,73,-0.17532668950210745
500000,74,0.5149406504821055
500000,75,-0.8936640057169575
500000,76,0.19702480209444354
500000,77,0.455598704033421
500000,78,0.20501599941213378
500000,79,-0.36125982733231304
500000,80,0.30321406571405446
500000,81,0.15297274706338548
500000,82,0.13680580207616078
500000,83,0.9519251868458439
500000,84,-0.08003586644749978
500000,85,-0.0650729607377804
500000,86,-0.15587465227609126
500000,87,0.3756729748023121
500000,88,1.299980164439165
500000,89,0.5898166455675592
500000,90,-1.0155442186515249
500000,91,-1.0582637003781024
500000,92,-0.15571508462584122
500000,93,-0.5370608243746656
500000,94,0.28192048192525704
500000,95,0.6972401869146055
500000,96,-0.025264295980935367
500000,97,0.11466646253142455
500000,98,0.14760539348133075
500000,99,-0.5378168908911823
500000,100,-0.275795441861237
500000,101,-0.4956610707783911
500000,102,-0.24072584803533592
500000,103,0.454242593614571
500000,104,-0.10083505721962
500000,105,0.25035412890134445
500000,106,0.5607633074464906
500000,107,0.0976913923888789
500000,108,1.950303685893197
500000,109,0.4644031811647238
500000,110,0.28977963279699226
500000,111,-0.4871797502776494
500000,112,-0.8204079364062984
500000,113,0.8338634326581315
500000,114,-0.08764934323236794
500000,115,0.5485455898707191
500000,116,-0.039198361698497504
500000,117,-0.39527440298713307
500000,118,0.6350411630589092
500000,119,0.122285651456126
500000,120,0.40079451242388353
500000,121,0.5539775786084966
500000,122,0.10548253991973097
500000,123,0.17754867991137324
500000,124,0.37472726973428433
500000,125,-0.06656517254449071
500000,126,-0.6962184585215225
500000,127,0.47173669289125075
500000,128,-0.10380828846998423
500000,129,0.9650726568458989
500000,130,-0.1604510655914387
500000,131,-0.30344999434300757
500000,132,-0.3580512646956812
500000,133,0.5362188083550505
500000,134,-0.8120033154437233
500000,135,0.1634845899319144
500000,136,0.2844621095091759
500000,137,1.3284424115055578
500000,138,-1.50912369312935
500000,139,0.8082317409903296
500000,140,0.14573832785901555
500000,141,-0.5084425276815405
500000,142,0.585283700647722
500000,143,0.10095474104097925
500000,144,-1.474213304910404
500000,145,0.6393725324826454
500000,146,0.5172519428783805
500000,147,-0.33017783947385193
500000,148,-0.41672102347233364
500000,149,-0.9347905192012225
500000,150,-0.5971813828739005
500000,151,-0.7248445761979212
500000,152,-0.3353273935912633
500000,153,0.24670250710513497
500000,154,0.7990424467769432
500000,155,0.4673904447516129
500000,156,-0.469018113411655
500000,157,-0.40483503233110424
500000,158,0.22676972137512252
500000,159,0.9218362591377182
500000,160,-0.8466401343286636
500000,161,-0.14910777715684542
500000,162,0.45948283484094304
500000,163,-0.1050621779760843
500000,164,-0.32066289090954203
500000,165,0.8494600570134935
500000,166,-0.3981397748555495
500000,167,-0.472114787815103
500000,168,-0.07776877392947852
500000,169,-0.07421353539680335
500000,170,0.44975404120961177
500000,171,-0.11930509215452936
500000,172,-0.20594290323142578
500000,173,0.33912396365228653
500000,174,0.606731758562933
500000,175,-0.002471813437528827
500000,176,-1.3306699887197582
500000,177,0.2733560591670697
500000,178,0.06551800247641831
500000,179,-0.1788263440760215
500000,180,0.48376787566336216
500000,181,0.20222283798077528
500000,182,2.335707725818136
500000,183,-0.8495513477441159
500000,184,-0.04141212289285878
500000,185,-0.28421830267517184
500000,186,-0.3394545114241025
500000,187,0.8142479486502138
500000,188,0.034479838305112566
500000,189,-0.11615135451653973
500000,190,0.003003630418411116
500000,191,-0.3117703281142371
500000,192,-0.857028241914669
500000,193,1.1124235482444673
500000,194,0.09369213015134177
500000,195,0.7181126564519331
500000,196,0.17444996690008005
500000,197,0.5005525523335265
500000,198,0.9517975964169827
500000,199,-1.4245181331683354
500000,200,0.13580660553121898
500000,201,0.3425825232653259
500000,202,-0.4585348788939704
500000,203,-0.492859397033333
500000,204,-0.05686620422805637
500000,205,-1.017758588438621
500000,206,0.8192711382258481
500000,207,-0.29344275828988475
500000,208,-0.2860546283281081
500000,209,1.3750909052103215
500000,210,0.3081365666363153
500000,211,-0.3277537522965574
500000,212,0.557165164656839
500000,213,0.5106530804373822
500000,214,-0.16059237415697625
500000,215,0.7004636972973864
500000,216,0.16249388869985362
500000,217,0.8803592591202053
500000,218,-0.07024334996412877
500000,219,-0.38115049419612745
500000,220,0.04839650551609834
500000,221,0.06838144883504715
500000,222,0.278985416044618
500000,223,-0.7348266602075296
500000,224,-0.5329713160827628
500000,225,-0.18369638615653325
500000,226,0.0893649102507563
500000,227,0.4405423183070708
500000,228,1.0704419783299781
500000,229,-1.4863392448685524
500000,230,-0.5998711807862388
500000,231,-0.5231050435280052
500000,232,-0.3751405737489202
500000,233,-0.5355559815710427
500000,234,0.32946495246386565
500000,235,-0.15411924235327654
500000,236,1.3059791318380485
500000,237,-0.025106153158711526
500000,238,0.071161115856954
500000,239,0.9256903558857331
500000,240,0.18882353719355138
500000,241,1.3609885624363927
500000,242,-0.16601221380095357
500000,243,0.1685629255235994
500000,244,-0.04746152601305216
500000,245,0.22499240499973674
500000,246,-0.5134688930501883
500000,247,-0.42972749732014087
500000,248,1.3294547719862486
500000,249,0.4729083993410553
500000,250,-1.4272407560106202
500000,251,0.3768976048405367
500000,252,0.7527279403214175
500000,253,-0.04345555530313973
500000,254,-2.130372332944438
500000,255,1.3291997272474931
500000,256,-0.21001478979477095
500000,257,0.6204898625649925
500000,258,-0.06394005661800681
500000,259,0.6141469820764632
500000,260,-0.3013081962193404
500000,261,-0.19967856009753393
500000,262,0.7258296655926487
500000,263,-0.24585608570131995
500000,264,0.5592133839917561
500000,265,-0.0723066540832211
500000,266,-0.5650915832013924
500000,267,0.19787666454376576
500000,268,0.2303483679090694
500000,269,0.11424192216526166
500000,270,0.8195130679612906
500000,271,0.20664111473791813
500000,272,-0.6478427885142342
500000,273,-0.7805902430787793
500000,274,0.3573405084582588
500000,275,0.17561785651768042
500000,276,-0.2319904091564052
500000,277,-0.15399826491001825
500000,278,0.2978901286014387
500000,279,-0.4334021710516692
500000,280,-0.6723539113574606
500000,281,-0.25616281071254865
500000,282,-0.08165685979314272
500000,283,0.012375316359860323
500000,284,-0.19421327434328592
500000,285,0.5915862620112151
500000,286,-0.04014433895247453
500000,287,-0.19483198488013975
500000,288,1.456443127211161
500000,289,0.326837929436838
500000,290,-0.3002596038737748
500000,291,0.07091433264963526
500000,292,-0.15728242103042006
500000,293,-1.1344929108413777
500000,294,-1.398646409983839
500000,295,-0.4343347383065327
500000,296,-1.7458974733963895
500000,297,0.006608914583377976
500000,298,-0.002557160673725489
500000,299,0.02105444991500452
500000,300,-0.3086805710221014
500000,301,0.019446215856046167
500000,302,0.3582664109450668
500000,303,0.3176113907860565
500000,304,-0.5688186874450871
500000,305,0.39275327505025304
500000,306,0.2671142448012185
500000,307,-0.7835408122880247
500000,308,0.05072957731950002
500000,309,-0.9095312955945619
500000,310,0.24995454182811944
500000,311,-0.46758216206355835
500000,312,0.0723243272219569
500000,313,-0.514984762848361
500000,314,-0.1250106667832446
500000,315,0.4415908326246715
500000,316,0.9250734740882651
500000,317,0.5038523371213296
500000,318,-1.1032609163141727
500000,319,-0.7530485689649089
500000,320,-0.27510160618766827
500000,321,-0.001087848411133643
500000,322,-0.6715197140868913
500000,323,-0.282119233665362
500000,324,0.4220455147820355
500000,325,-0.34535308258105335
500000,326,0.05001032399783478
500000,327,0.11323727890166911
500000,328,0.12459066139477848
500000,329,-0.38242877164001016
500000,330,1.063613232510951
500000,331,-0.8242984051603042
500000,332,0.15512786489082037
500000,333,0.744048648037232
500000,334,0.5108567470815097
500000,335,-0.24209318072365069
500000,336,0.2685046984558701
500000,337,-0.699894873950716
500000,338,0.23944589464341776
500000,339,-0.12768333329728293
500000,340,-0.030961799544105318
500000,341,0.8243262000820935
500000,342,-0.2701560890554501
500000,343,-0.15035855410770446
500000,344,-0.17297982965735623
500000,345,0.46161324165555184
500000,346,-1.0873979048599143
500000,347,0.08403145433499899
500000,348,0.5436458782653745
500000,349,-0.8055761480109442
500000,350,0.10955327785591364
500000,351,0.24053992745551897
500000,352,0.0035108274759374355
500000,353,1.014577219731351
500000,354,-0.9242526401043781
500000,355,-0.27242038788700307
500000,356,0.4349922104211998
500000,357,1.1982278584720443
500000,358,-0.020481004826597808
500000,359,0.8540225308161751
500000,360,-0.23930518026956527
500000,361,0.06396203332919334
500000,362,-1.1821900104936345
500000,363,0.6159113479646758
500000,364,0.8834394368190274
500000,365,0.34888580308362993
500000,366,0.6507056965264473
500000,367,-0.4461553126047274
500000,368,-0.18344808610126062
500000,369,-0.7455630636500584
500000,370,-0.2786771393401069
500000,371,-0.8258487466221014
500000,372,0.19017256178535005
500000,373,0.3330918676920792
500000,374,-0.962121086259729
500000,375,-0.08746990359002083
500000,376,-0.14627115202376947
500000,377,-0.8955633560871891
500000,378,0.6105379224743074
500000,379,-0.3755823447036275
500000,380,-0.2966525030613732
500000,381,0.24285509445355968
500000,382,-0.008256726224667115
500000,383,0.6175246675385083
500000,384,1.1920172586486237
500000,385,0.7606802477391961
500000,386,0.17913681941102147
500000,387,-1.047377268602543
500000,388,-0.21878655936486133
500000,389,-0.18543635397188543
500000,390,0.16200923013186774
500000,391,-0.4326293966349836
500000,392,-0.2044804908810947
500000,393,1.3390012471502677
500000,394,0.3505574311457347
500000,395,-0.39072649936687176
500000,396,-0.2417925264364313
500000,397,-0.7848928126017121
500000,398,-1.5607857626277002
500000,399,-0.8018811937360366
500000,400,-0.5618450675967619
500000,401,-1.0982963747550527
500000,402,1.3490489313373155
500000,403,-0.2839718785732575
500000,404,0.177667456963383
500000,405,-0.8373971947420527
500000,406,-0.3892149228866573
500000,407,-1.372823429191748
500000,408,0.006954324795128286
500000,409,0.45501669857073307
500000,410,0.3989885765871915
500000,411,0.2655786031475017
500000,412,-0.9494641701885614
500000,413,-0.44341013212381264
500000,414,-0.9577828420271111
500000,415,1.2407569800443905
500000,416,-0.016690260578778565
500000,417,0.47541641897499903
500000,418,0.5307016198473692
500000,419,0.326965476133518
500000,420,0.07443738329754739
500000,421,0.1784538539853838
500000,422,-0.09810298050107089
500000,423,-0.070985891989496
500000,424,0.5031908189314658
500000,425,-0.2598290593511685
500000,426,-0.7633786039343151
500000,427,0.14486576753138541
500000,428,-0.2786209194495552
500000,429,0.357032523394656
500000,430,0.05085958422491072
500000,431,-0.025475087427169644
500000,432,-0.3923400825786777
500000,433,-0.15587923732584816
500000,434,-0.7794168238601196
500000,435,-0.46778886417306564
500000,436,0.5395554294274105
500000,437,-0.7352703000268445
500000,438,-0.7071541345533875
500000,439,0.05550813513431831
500000,440,-0.5594831421542401
500000,441,0.720834250804091
500000,442,-0.53612324421264
500000,443,-0.04753357400305293
500000,444,0.40148473959500663
500000,445,-0.19096408494970632
500000,446,0.17503904825346417
500000,447,-0.24802291530652018
500000,448,-0.0576980833864546
500000,449,0.12053654485362418
500000,450,0.19614835383296636
500000,451,0.262627954648334
500000,452,1.4491134588018675
500000,453,-0.28982011021509324
500000,454,0.6508277526900854
500000,455,0.02180863307063203
500000,456,0.4660011968242955
500000,457,0.8085428240036016
500000,458,-0.3513229975356665
500000,459,-1.0285185701179946
500000,460,-0.42365204948625423
500000,461,0.09911986381521953
500000,462,-0.8533256165796291
500000,463,0.13411554478269566
500000,464,0.9063113582046359
500000,465,0.6632003173473148
500000,466,1.125707703521507
500000,467,-0.11970630721639185
500000,468,0.07221229803626848
500000,469,0.3661583124891291
500000,470,0.7086947600417991
500000,471,0.8423890187835269
500000,472,0.05791131891875655
500000,473,0.4260965995649747
500000,474,-0.35101975810196
500000,475,-0.5872823485989302
500000,476,-0.028654060120871003
500000,477,0.04714529765136508
500000,478,-0.25763202100610344
500000,479,0.29016472118343456
500000,480,-0.4877017436974536
500000,481,-1.1871349127312913
500000,482,-1.1171437516491356
500000,483,-0.22982918623188364
500000,484,-0.2365751048310925
500000,485,-0.14449585544654808
500000,486,0.9517599669573972
500000,487,-1.0640749771079847
500000,488,0.8730795050564822
500000,489,-1.0644665123538106
500000,490,0.15341784899238342
500000,491,0.5155933056635729
500000,492,0.876149616041005
500000,493,0.2922108661915381
500000,494,-0.410521232595624
500000,495,0.03367609048753856
500000,496,-0.7233755153976623
500000,497,-0.45047917725957476
500000,498,-0.694415791291522
500000,499,0.7091318791623911
500000,500,-0.11910769788211421
500000,501,-1.117948982765522
500000,502,0.18137317167951644
500000,503,0.7913955074952355
500000,504,-0.15498411613934046
500000,505,-0.23280784482746622
500000,506,-0.3227139332222113
500000,507,1.2563475020166075
500000,508,1.4419444264096486
500000,509,0.45857063238582
500000,510,0.44942040939116956
500000,511,0.03606339761410435
500000,512,1.7237952679261832
500000,513,0.21160451261093766
500000,514,0.24986274416361204
500000,515,-0.1869058662815087
500000,516,0.17731951946354435
500000,517,-0.5008833572734874
500000,518,0.46251903045508574
500000,519,-0.3035864587076255
500000,520,0.5450900857490532
500000,521,1.3378173023372826
500000,522,0.23826314787755398
500000,523,0.77102195380883
500000,524,0.6101483655440137
500000,525,0.27741090134107166
500000,526,-0.5293814794803549
500000,527,0.5032880927925502
500000,528,0.30937695788788766
500000,529,-0.3415229691355606
500000,530,-0.7640808061577868
500000,531,-0.6898954614914915
500000,532,-0.2767828238202936
500000,533,0.926847491776365
500000,534,0.32707721771632203
500000,535,-1.3071959536783522
500000,536,1.7183487713751808
500000,537,-0.07808511074985984
500000,538,-0.37212511839442663
500000,539,-0.29290423839678
500000,540,0.8783350972955936
500000,541,0.5620779337655812
500000,542,1.5729039903062625
500000,543,0.12215695202333657
500000,544,0.4416794483895872
500000,545,0.790383817804392
500000,546,0.45654372488780165
500000,547,-0.5680949709665408
500000,548,0.45581914624917547
500000,549,0.21488498417997623
500000,550,-0.8342308081447946
500000,551,-0.25473872066608233
500000,552,0.01710476957660619
500000,553,-1.0086580920515245
500000,554,0.39167086449545485
500000,555,1.1773926928518774
500000,556,1.0995424393301312
500000,557,1.2563209675260907
500000,558,0.006782685652878778
500000,559,-0.1045406431872213
500000,560,0.27590780758194167
500000,561,0.17332694021169656
500000,562,0.1568650334824725
500000,563,-0.21180782949742524
500000,564,0.47553044545903106
500000,565,0.46253984704909895
500000,566,-0.2957445621011016
500000,567,0.5050024709841967
500000,568,0.11016517597034124
500000,569,0.6075671825356399
500000,570,-0.827944948341242
500000,571,0.5853110353665668
500000,572,-0.4175675746185401
500000,573,0.650420710919644
500000,574,1.784851821234652
500000,575,-0.27776595023725004
500000,576,0.13825429091481453
500000,577,-0.2415846757920903
500000,578,-0.2585270374507807
500000,579,0.6037215642171423
500000,580,-1.0402325591407282
500000,581,0.022690169398542993
500000,582,-0.7448280555479221
500000,583,-0.4694412410127576
500000,584,0.5817172382076772
500000,585,-0.38457776183021386
500000,586,-0.5059916999211972
500000,587,-0.5997273267570531
500000,588,-1.5703534440098257
500000,589,0.2962865080835331
500000,590,0.3385040444236634
500000,591,-0.10406475629329494
500000,592,0.4491654609204338
500000,593,0.1501319694016856
500000,594,-0.6395161643412182
500000,595,-0.03682662419822196
500000,596,-0.24118524301548286
500000,597,-0.44833891285222455
500000,598,-0.062091497631456744
500000,599,-0.08543407032062736
500000,600,0.1545708961792137
500000,601,-0.1668431272313595
500000,602,-0.2783884207785968
500000,603,0.33437394746898574
500000,604,-0.12087122250196379
500000,605,0.9961072172477697
500000,606,0.21398445002490776
500000,607,-0.3431167121981457
500000,608,-0.6203034578549659
500000,609,-0.18415441289171033
500000,610,0.4063494843900299
500000,611,0.612482317902792
500000,612,0.08492500938196884
500000,613,-0.2605060741167155
500000,614,0.08832802458393332
500000,615,0.30908943642729964
500000,616,-0.007665697900889441
500000,617,-1.4882907199695499
500000,618,1.1057787044251637
500000,619,0.4440325238078012
500000,620,-0.8271221063320068
500000,621,0.1390740469439264
500000,622,1.5462923613265278
500000,623,-0.13752084600997921
500000,624,-0.17543051620897446
500000,625,-0.6498309210395815
500000,626,0.5932338401846311
500000,627,0.5742664930059364
500000,628,0.544508822590237
500000,629,-0.06716806999375582
500000,630,-0.32560208077294345
500000,631,-1.0939656685687158
500000,632,-0.23766508565642444
500000,633,0.2065225877495659
500000,634,0.7759439033617725
500000,635,-0.5754997482443874
500000,636,0.11184324800536889
500000,637,0.6958117058138603
500000,638,0.5233894538656958
500000,639,-0.11040494562581218
500000,640,-1.183338107944591
500000,641,0.09982855174532185
500000,642,0.4786096827430978
500000,643,1.4843118403603832
500000,644,-0.12505198544170212
500000,645,-0.4751395628231429
500000,646,-1.0483178962735462
500000,647,0.659487402748324
500000,648,-0.7091960735502543
500000,649,-0.3315052225915924
500000,650,-0.03188191338977497
500000,651,0.06658871636636485
500000,652,0.08438439671672318
500000,653,-0.3930858340519703
500000,654,0.7648225951278966
500000,655,-0.055947754156307636
500000,656,0.2838533806542643
500000,657,-1.1636268070129885
500000,658,-0.008804100305124626
500000,659,0.11574378392067868
500000,660,0.955327650626795
500000,661,-0.5378375745003141
500000,662,-0.0641633659637274
500000,663,0.21929260783656235
500000,664,0.5715393894721863
500000,665,0.1006058029640482
500000,666,-0.4647492341581252
500000,667,-0.08567668049371852
500000,668,0.5172760990756204
500000,669,-0.6568751414904025
500000,670,0.41651138913163277
500000,671,0.12752651534751494
500000,672,-0.09193254398255443
500000,673,-0.34651135812000133
500000,674,-0.33547811650296316
500000,675,0.4774940365706645
500000,676,0.5373938793161472
500000,677,0.4616763141785451
500000,678,0.5177954051078171
500000,679,-0.5339905620508351
500000,680,-0.11362476144608472
500000,681,-0.2559411466442976
500000,682,-0.24809320210769897
500000,683,-1.184950779057871
500000,684,0.9212842126550417
500000,685,0.4347094978772293
500000,686,-1.1844862732071353
500000,687,-0.07281663878349544
500000,688,0.11775868169748063
500000,689,0.6931428267601881
500000,690,-0.8171351195761767
500000,691,0.9568757326575272
500000,692,-0.5028852431500398
500000,693,-0.04705638453840298
500000,694,-0.25764293609518507
500000,695,-0.19574871918717507
500000,696,0.18642957015552547
500000,697,-1.3042078566292472
500000,698,-0.721057401589057
500000,699,0.6546984919152933
500000,700,0.2615073506341025
500000,701,1.549489142060005
500000,702,-0.17083357535944363
500000,703,0.092459834468536
500000,704,0.008942220414964978
500000,705,2.0970255267329776
500000,706,0.11012815725357518
500000,707,0.3443750051785902
500000,708,0.13644050068529517
500000,709,0.8327839101818
500000,710,0.2607066047825828
500000,711,-0.4127269520090288
500000,712,0.05637393247701469
500000,713,0.5702907299803905
500000,714,1.072975213456534
500000,715,-0.5788645803742725
500000,716,0.5460206701522776
500000,717,-0.34742065054031585
500000,718,0.7182014855294481
500000,719,0.6249945449038324
500000,720,-0.3081751068747425
500000,721,0.14919641189159888
500000,722,-1.3949658702076584
500000,723,1.2219412613629816
500000,724,0.15448575504934337
500000,725,0.22641754862466912
500000,726,0.29392671183967156
500000,727,0.5641107117447509
500000,728,-0.5332388796029768
500000,729,-0.29006914638203335
500000,730,-0.4226009682371415
500000,731,0.11497792539839895
500000,732,0.04017921662606692
500000,733,-0.38619939327986785
500000,734,0.038083383255840104
500000,735,-1.106796968163227
500000,736,0.5913459370182327
500000,737,-0.07570106567051627
500000,738,-0.1437610991108243
500000,739,-0.21639004567131834
500000,740,-0.05693001490459957
500000,741,-1.103929607633908
500000,742,0.45795840844514085
500000,743,-0.393557579995157
500000,744,-0.01115078138236295
500000,745,0.5003201255884314
500000,746,-0.6343977153881917
500000,747,0.04129590812638663
500000,748,0.7456753500984121
500000,749,-0.6268358860733504
500000,750,-0.11383909743053451
500000,751,-0.17667313248971755
500000,752,-0.5797199973474333
500000,753,-0.16669719098326366
500000,754,-0.5055138941457408
500000,755,-0.24542084239862239
500000,756,0.23498312160423207
500000,757,-0.27403734055052814
500000,758,0.2551269849018786
500000,759,-0.40371094568737614
500000,760,-1.0778332626874632
500000,761,-0.19476301772075388
500000,762,-0.2758837928169152
500000,763,-0.06573583129041675
500000,764,0.03912996059531137
500000,765,-0.7309343680704529
500000,766,-1.3361783773070093
500000,767,-1.4246932578235938
500000,768,-0.11167470542396027
500000,769,-0.03302215552947987
500000,770,-0.45015795019155586
500000,771,0.09591290243104171
500000,772,-0.03174949006827814
500000,773,0.10657619657293602
500000,774,-0.7926248671641946
500000,775,-0.2637163826012191
500000,776,-0.20798652683639943
500000,777,0.9563837606509745
500000,778,0.3667716495845628
500000,779,0.2853759442281562
500000,780,0.719715392423361
500000,781,0.4033943692867251
500000,782,0.18058406486871154
500000,783,-1.4986446294257663
500000,784,-0.10671035847983192
500000,785,-0.11284426885247476
500000,786,-0.11853952789953318
500000,787,-0.07479640025428994
500000,788,0.3603296073350784
500000,789,0.9106645388914446
500000,790,-0.35827337222445244
500000,791,-0.6690808253259263
500000,792,-0.7974922658038748
500000,793,0.24052225531139573
500000,794,0.2570836253458991
500000,795,0.09240840346691616
500000,796,-1.307202368592019
500000,797,1.229412610372842
500000,798,0.25984299744331
500000,799,-0.6901036465914763
500000,800,-1.3061566153119617
500000,801,-0.1992137972988758
500000,802,0.3735771604153541
500000,803,-0.25681634251728086
500000,804,-0.06706459761346188
500000,805,-0.21882416580570904
500000,806,0.6627348651592437
500000,807,0.5929178540815557
500000,808,0.4103789836677693
500000,809,0.1657809932198873
500000,810,0.179948580231047
500000,811,0.26243242449327336
500000,812,0.26608425862166224
500000,813,0.13695166196696887
500000,814,-0.550354000996717
500000,815,-0.0778313124490404
500000,816,0.44782887643199887
500000,817,-0.2868170193321386
500000,818,1.2519843986737602
500000,819,0.6876757760009043
500000,820,-0.008016512641085282
500000,821,0.366079319297154
500000,822,0.8829884095866671
500000,823,-0.40114706694626373
500000,824,0.3065408408734559
500000,825,0.9483760945244182
500000,826,-0.05868023670508464
500000,827,0.7504346413397579
500000,828,-0.08308448874080594
500000,829,0.24180523601956375
500000,830,0.03995292622942595
500000,831,0.38815101633101085
500000,832,-0.024559530691797452
500000,833,-0.6265376945677203
500000,834,1.3460759514150538
500000,835,-0.3482220851832472
500000,836,1.7060825786063791
500000,837,0.40059269679924625
500000,838,-0.48518509424989975
500000,839,-0.1839058237089544
500000,840,-0.7539119211701355
500000,841,0.25062292914497886
500000,842,-0.8346838798496024
500000,843,1.1269045432496934
500000,844,-1.6708761019527243
500000,845,0.3792310784181805
500000,846,1.0200236354907295
500000,847,-1.1923034567073574
500000,848,0.21104803661169763
500000,849,0.2827432003530469
500000,850,0.24088872942564996
500000,851,-0.2248687216311196
500000,852,0.23601889283128696
500000,853,-0.7193342019329612
500000,854,-0.13663789703200058
500000,855,1.5068273784602215
500000,856,0.4379430229374061
500000,857,-0.34140194008564756
500000,858,1.0203401704541661
500000,859,-0.44827188345132063
500000,860,1.3897553765345807
500000,861,0.3028918044509067
500000,862,0.3186740015825317
500000,863,0.705726043438624
500000,864,-1.3986106761438772
500000,865,-0.08277818557726058
500000,866,0.05739501207924575
500000,867,-0.14312771476023545
500000,868,0.415117834173949
500000,869,-0.13285998328868304
500000,870,0.0006699895841891716
500000,871,-0.4652381885831388
500000,872,1.5248451031568158
500000,873,0.46193635960133966
500000,874,-0.028296012459514845
500000,875,0.861343755761281
500000,876,0.615938861013511
500000,877,0.4132847325836414
500000,878,0.35447739464697925
500000,879,-1.186116742650639
500000,880,-0.21458070492008746
500000,881,0.0933683395283103
500000,882,-0.28541988955987635
500000,883,0.13667807279411598
500000,884,0.4024695071338647
500000,885,-0.36418708869546873
500000,886,-0.09802613123577597
500000,887,-1.104198317688672
500000,888,-0.5314409740119053
500000,889,0.49936620876387094
500000,890,-0.06627331940327344
500000,891,-0.2970904777230179
500000,892,-0.5849269677425303
500000,893,1.2346981383181976
500000,894,-0.8139381048503496
500000,895,0.44825454183804697
500000,896,0.5227965442627103
500000,897,0.004285694716987113
500000,898,-0.4022086966928801
500000,899,0.8655976710436681
500000,900,-0.3707519681629149
500000,901,-0.11795176733026985
500000,902,0.39911552584928556
500000,903,1.4450328146515132
500000,904,1.0627103894504228
500000,905,-0.40035625231496824
500000,906,0.8601308950249569
500000,907,0.7474587430927688
500000,908,1.0650513287214036
500000,909,0.2081182773751838
500000,910,0.19342791469672985
500000,911,0.5585277712729104
500000,912,0.47713841357264475
500000,913,0.01980493430113043
500000,914,0.24493141169839389
500000,915,-0.5292995194714011
500000,916,-0.43041757066160535
500000,917,-0.2575238211566018
500000,918,-0.11520030434009916
500000,919,-0.371122629816903
500000,920,0.19594994783920272
500000,921,-0.6241853792898833
500000,922,0.3268028982598104
500000,923,-0.011717912017023421
500000,924,0.2078073997178128
500000,925,-0.747035551480449
500000,926,0.07284336526654363
500000,927,1.3160282584324698
500000,928,-0.24372699771301548
500000,929,1.0910438728080607
500000,930,0.11025953580003776
500000,931,0.6542586745657486
500000,932,-0.02470363305222963
500000,933,-1.3215399417536846
500000,934,1.0909423225935502
500000,935,-0.02987530598870438
500000,936,1.1359037492851842
500000,937,-0.005348967167852506
500000,938,1.5367110037325629
500000,939,-0.11369354600823448
500000,940,-0.6609140699528822
500000,941,0.5887297337601802
500000,942,0.8241521128046406
500000,943,0.925024631347146
500000,944,-0.5165295749659198
500000,945,-0.22356520752839074
500000,946,-0.4302015085666194
500000,947,0.1744386191635299
500000,948,-0.004455697452303654
500000,949,0.5488477246539788
500000,950,0.23926190965382882
500000,951,0.15080772061318773
500000,952,-0.1270642745441446
500000,953,0.3240993036924074
500000,954,0.06518400171357303
500000,955,0.023112068277967742
500000,956,0.47635921066999554
500000,957,-0.13929735521085718
500000,958,-0.9845119575457462
500000,959,0.6090616995481225
500000,960,-0.5437612884805525
500000,961,0.6309673647534717
500000,962,0.9083746843009319
500000,963,0.30609078718561933
500000,964,0.10564497286421436
500000,965,-0.27116429102870976
500000,966,0.6181013585839908
500000,967,-0.5375969387219024
500000,968,0.5878040041254988
500000,969,-1.5974802892113344
500000,970,-1.0191856646715605
500000,971,0.21327037456850217
500000,972,-0.06307819043415179
500000,973,-0.0904548099034809
500000,974,1.0820484736641254
500000,975,-0.24872537952738605
500000,976,0.2574773785976159
500000,977,-0.19163456420388825
500000,978,0.6147178999927646
500000,979,-0.06438530851101419
500000,980,0.5335227344853496
500000,981,0.24388657433756897
500000,982,1.0462354651371457
500000,983,-0.36833601973031976
500000,984,-0.5204979707148124
500000,985,0.2799713500218089
500000,986,1.0916305849542958
500000,987,-0.33597415980448553
500000,988,-0.9910169424086348
500000,989,-0.181681954178179
500000,990,0.18619775178449346
500000,991,0.3454105033967199
500000,992,-0.2392101175767693
500000,993,-0.11553867398461705
500000,994,-1.392768202634547
500000,995,-1.0459326843284418
500000,996,-0.28121482956219074
500000,997,-0.31311823107950804
500000,998,-0.08984868878652244
500000,999,0.9861393617806198
500000,1000,-0.27174375225055075
