"n","z","panel"
50,-0.516051157763883,"n = 50"
50,-1.00273284269371,"n = 50"
50,0.864147469248774,"n = 50"
50,-0.293944769702958,"n = 50"
50,-0.82983923354226,"n = 50"
50,2.07039037162309,"n = 50"
50,1.81237717474515,"n = 50"
50,2.13220428298156,"n = 50"
50,0.630804179908735,"n = 50"
50,0.460643293976477,"n = 50"
50,2.16612919859852,"n = 50"
50,-0.477675256616297,"n = 50"
50,0.807662677129394,"n = 50"
50,-1.35094454575043,"n = 50"
50,0.156145396609172,"n = 50"
50,0.73282559567832,"n = 50"
50,1.480202309954,"n = 50"
50,0.0296243018274992,"n = 50"
50,-0.227890739837424,"n = 50"
50,0.666646770349543,"n = 50"
50,-0.637664587561107,"n = 50"
50,0.576032814827408,"n = 50"
50,1.69846758044256,"n = 50"
50,0.612111109865349,"n = 50"
50,-0.71296693947465,"n = 50"
50,0.609716515954161,"n = 50"
50,-1.56541607069497,"n = 50"
50,-0.0161340482494635,"n = 50"
50,1.21941783363356,"n = 50"
50,1.06151401800516,"n = 50"
50,0.282233289376321,"n = 50"
50,-0.76037638077744,"n = 50"
50,0.517615881134331,"n = 50"
50,0.299660501060286,"n = 50"
50,0.269968923414917,"n = 50"
50,-0.132103104210218,"n = 50"
50,-0.633619200752171,"n = 50"
50,0.38359142399425,"n = 50"
50,0.161398469243691,"n = 50"
50,-2.35690079388265,"n = 50"
50,-0.620610453691543,"n = 50"
50,1.02372146289632,"n = 50"
50,0.799553077372803,"n = 50"
50,0.495428727559171,"n = 50"
50,-0.392988925110354,"n = 50"
50,0.281388337107602,"n = 50"
50,-1.13210678686381,"n = 50"
50,0.671821609823716,"n = 50"
50,-0.391073839734553,"n = 50"
50,-0.440018871384844,"n = 50"
50,0.876023119333207,"n = 50"
50,0.0547170707590611,"n = 50"
50,1.02632891658176,"n = 50"
50,-0.100444982150253,"n = 50"
50,-0.515449084595656,"n = 50"
50,-0.510177076936925,"n = 50"
50,2.11563022612013,"n = 50"
50,1.0134906731077,"n = 50"
50,-0.246584124722672,"n = 50"
50,0.688255542330094,"n = 50"
50,0.370762509017258,"n = 50"
50,1.0711774665343,"n = 50"
50,1.03449569546245,"n = 50"
50,-0.554819626773766,"n = 50"
50,0.687125847246676,"n = 50"
50,-1.09300531040965,"n = 50"
50,-1.96295041481253,"n = 50"
50,-0.212738112740724,"n = 50"
50,-0.423759509965605,"n = 50"
50,-0.35118883299401,"n = 50"
50,-0.197243767830474,"n = 50"
50,0.12791418595297,"n = 50"
50,-1.2447223197298,"n = 50"
50,1.42457053702973,"n = 50"
50,1.59591743641049,"n = 50"
50,-0.628111664525064,"n = 50"
50,1.60525139250134,"n = 50"
50,0.766831366107771,"n = 50"
50,-1.80342519703479,"n = 50"
50,0.74562810353073,"n = 50"
50,-0.865931182129912,"n = 50"
50,1.3276812170181,"n = 50"
50,0.0498203433291536,"n = 50"
50,2.02545096976159,"n = 50"
50,-0.409563869521928,"n = 50"
50,1.51167640096607,"n = 50"
50,-1.02281321696903,"n = 50"
50,-0.583478212191411,"n = 50"
50,0.747836520921817,"n = 50"
50,0.33335706211348,"n = 50"
50,0.214038074227765,"n = 50"
50,1.5221490724883,"n = 50"
50,0.358363345227735,"n = 50"
50,-1.07985908389773,"n = 50"
50,0.311549738820085,"n = 50"
50,1.63913242731581,"n = 50"
50,-0.629224637391357,"n = 50"
50,1.11986474217337,"n = 50"
50,-0.831269013128727,"n = 50"
50,-1.46380532034141,"n = 50"
50,0.992685555096003,"n = 50"
50,-0.630080976242174,"n = 50"
50,1.9169959112866,"n = 50"
50,1.99186437647367,"n = 50"
50,1.5091353351642,"n = 50"
50,0.730961806524695,"n = 50"
50,-1.92580585308521,"n = 50"
50,1.44880391301498,"n = 50"
50,-1.18155895553462,"n = 50"
50,-0.997662612912249,"n = 50"
50,0.324245088859541,"n = 50"
50,0.598929448418191,"n = 50"
50,0.724029529419945,"n = 50"
50,-1.45635198740496,"n = 50"
50,-0.464325406918587,"n = 50"
50,1.06011494416523,"n = 50"
50,1.41991884324842,"n = 50"
50,-0.881885782716799,"n = 50"
50,0.971277276912862,"n = 50"
50,1.66575125178753,"n = 50"
50,-0.416703699914391,"n = 50"
50,2.04564218919483,"n = 50"
50,-1.07052762041979,"n = 50"
50,-0.69437805028336,"n = 50"
50,0.117524671559624,"n = 50"
50,-0.882026625933665,"n = 50"
50,-0.908678013164385,"n = 50"
50,-0.724052883037671,"n = 50"
50,0.037693936921761,"n = 50"
50,-2.09584994003197,"n = 50"
50,0.627417346412459,"n = 50"
50,-1.43038727217063,"n = 50"
50,2.34397252767651,"n = 50"
50,-1.83200630575991,"n = 50"
50,0.6420460593719,"n = 50"
50,-0.609253861527063,"n = 50"
50,0.55428340649266,"n = 50"
50,1.48862501548302,"n = 50"
50,1.52101293773151,"n = 50"
50,0.402769053091152,"n = 50"
50,-1.50925367285452,"n = 50"
50,-0.875586276687055,"n = 50"
50,-0.430198738889669,"n = 50"
50,0.824157757665037,"n = 50"
50,-0.905575196522541,"n = 50"
50,-0.447500295839952,"n = 50"
50,-0.218735115588015,"n = 50"
50,-1.27481453138349,"n = 50"
50,-0.319311041179446,"n = 50"
50,-0.386175062984178,"n = 50"
50,-1.57005794983116,"n = 50"
50,-1.42936086658145,"n = 50"
50,-0.854685704412806,"n = 50"
50,1.92051763886202,"n = 50"
50,-0.243051095005496,"n = 50"
50,-0.985568135716605,"n = 50"
50,-0.105633080959935,"n = 50"
50,-0.213603865974127,"n = 50"
50,0.356526953910576,"n = 50"
50,-0.601651635104671,"n = 50"
50,-0.316338350671052,"n = 50"
50,-0.38535705766555,"n = 50"
50,-0.812883569281029,"n = 50"
50,0.440459870649833,"n = 50"
50,-2.07004311400658,"n = 50"
50,-1.36396369165333,"n = 50"
50,1.97325096351619,"n = 50"
50,-2.28527794337,"n = 50"
50,0.97919267214712,"n = 50"
50,0.84630897555247,"n = 50"
50,0.966280578295721,"n = 50"
50,0.921892767846157,"n = 50"
50,1.75407433140389,"n = 50"
50,-2.32792739459937,"n = 50"
50,3.32536651471379,"n = 50"
50,-1.03095871135324,"n = 50"
50,-0.423582493344616,"n = 50"
50,0.0479368513824428,"n = 50"
50,3.28724142543831,"n = 50"
50,-0.565939443881541,"n = 50"
50,-0.358040478766926,"n = 50"
50,2.34185646985365,"n = 50"
50,1.18854174288275,"n = 50"
50,1.23898941896261,"n = 50"
50,-0.244454022733461,"n = 50"
50,1.67398840003767,"n = 50"
50,0.259027779739308,"n = 50"
50,-2.26972555617711,"n = 50"
50,3.68113746457602,"n = 50"
50,-0.966736449889533,"n = 50"
50,0.301077574188051,"n = 50"
50,0.506211169305631,"n = 50"
50,-0.250593181902464,"n = 50"
50,-1.71517158707622,"n = 50"
50,0.907005449762934,"n = 50"
50,-1.66327628436369,"n = 50"
50,-0.924664096539714,"n = 50"
50,-0.834857922894126,"n = 50"
50,-1.4213386523668,"n = 50"
50,-0.356650365679656,"n = 50"
50,-1.77916865889078,"n = 50"
50,1.24603581129472,"n = 50"
50,-0.495079200329647,"n = 50"
50,0.225211324014023,"n = 50"
50,1.49712766584157,"n = 50"
50,-0.46256889448179,"n = 50"
50,-0.00429006855375511,"n = 50"
50,0.588203864269264,"n = 50"
50,-2.33830695130708,"n = 50"
50,-0.582772367474282,"n = 50"
50,1.08444463636514,"n = 50"
50,-0.147990482533488,"n = 50"
50,0.645515878894271,"n = 50"
50,-0.0157466229107218,"n = 50"
50,-0.0871722679425592,"n = 50"
50,-1.27427332148592,"n = 50"
50,-0.00285416983349578,"n = 50"
50,2.4226878260588,"n = 50"
50,-1.53060568656381,"n = 50"
50,-0.736648848006169,"n = 50"
50,-0.606782155348357,"n = 50"
50,-0.639418056365382,"n = 50"
50,-0.957572348160741,"n = 50"
50,0.680936757367468,"n = 50"
50,0.150640711115853,"n = 50"
50,0.79203715214439,"n = 50"
50,1.42688270847657,"n = 50"
50,0.740204331522399,"n = 50"
50,-0.0392548196772282,"n = 50"
50,-0.69451433295477,"n = 50"
50,1.3124995603245,"n = 50"
50,0.825709436813652,"n = 50"
50,0.860211843396406,"n = 50"
50,0.953797147587109,"n = 50"
50,1.03192202019923,"n = 50"
50,-1.16525146283058,"n = 50"
50,-0.440082857299522,"n = 50"
50,2.10317420838302,"n = 50"
50,-0.522372283703029,"n = 50"
50,-1.29882261095069,"n = 50"
50,-0.400293874785577,"n = 50"
50,-0.212398029259464,"n = 50"
50,-1.30558229925545,"n = 50"
50,1.49381302938318,"n = 50"
50,3.08226966972425,"n = 50"
50,1.00761948544951,"n = 50"
50,0.384571342271316,"n = 50"
50,0.310293908757327,"n = 50"
50,1.20404533761269,"n = 50"
50,0.699064340948046,"n = 50"
50,0.0831912077723289,"n = 50"
50,0.363799076630908,"n = 50"
50,-0.853542734803305,"n = 50"
50,-0.0362706868682869,"n = 50"
50,1.17945485722746,"n = 50"
50,-1.7263821915371,"n = 50"
50,0.323530926815181,"n = 50"
50,-0.45972614886017,"n = 50"
50,-1.47233161314353,"n = 50"
50,-0.448668864148917,"n = 50"
50,2.16852980989622,"n = 50"
50,-1.25831572048776,"n = 50"
50,1.11673303429802,"n = 50"
50,-2.01215701579909,"n = 50"
50,-1.04375982941955,"n = 50"
50,1.47662701819571,"n = 50"
50,-2.16168697302163,"n = 50"
50,0.36771559541396,"n = 50"
50,0.74733836987733,"n = 50"
50,0.919716565584297,"n = 50"
50,0.0204452594751047,"n = 50"
50,2.00236610880269,"n = 50"
50,-0.834675147954835,"n = 50"
50,-1.42631763575819,"n = 50"
50,-1.07827848811888,"n = 50"
50,0.205616995127524,"n = 50"
50,-1.00596593357269,"n = 50"
50,0.933413461270334,"n = 50"
50,-0.330077286176128,"n = 50"
50,2.61316847842883,"n = 50"
50,2.14466280694162,"n = 50"
50,-0.432312635939833,"n = 50"
50,1.13593424453203,"n = 50"
50,1.00521606614981,"n = 50"
50,0.889266878295155,"n = 50"
50,0.993217252768213,"n = 50"
50,-1.8199974688615,"n = 50"
50,-0.521195655095694,"n = 50"
50,0.13507998401705,"n = 50"
50,0.466867191671817,"n = 50"
50,2.33338943630313,"n = 50"
50,-1.36510770565022,"n = 50"
50,2.17060852312416,"n = 50"
50,1.23802374130245,"n = 50"
50,-0.238837436435815,"n = 50"
50,0.139282851854397,"n = 50"
50,2.13583106397693,"n = 50"
50,-1.74799355677391,"n = 50"
50,1.58213831405721,"n = 50"
50,-1.26837782164839,"n = 50"
50,-0.676942624351259,"n = 50"
50,0.556265436102906,"n = 50"
50,0.745854545563612,"n = 50"
50,-1.85388686075538,"n = 50"
50,2.38045119255959,"n = 50"
50,0.444799703065272,"n = 50"
50,-0.913993240983498,"n = 50"
50,2.28124147514532,"n = 50"
50,1.27603613206104,"n = 50"
50,0.414144063560753,"n = 50"
50,1.51188067053131,"n = 50"
50,-0.382799802013522,"n = 50"
50,-1.67154528928321,"n = 50"
50,0.170045132893999,"n = 50"
50,-1.66664705783534,"n = 50"
50,-1.50638470721302,"n = 50"
50,1.81606896023803,"n = 50"
50,-0.962024267868172,"n = 50"
50,0.0517363278527471,"n = 50"
50,1.29024641859448,"n = 50"
50,2.53519839858488,"n = 50"
50,-1.14659367235216,"n = 50"
50,0.756942797588113,"n = 50"
50,0.369917421159664,"n = 50"
50,-1.37091417850704,"n = 50"
50,2.27459230552083,"n = 50"
50,1.0230114163941,"n = 50"
50,0.0133768773131102,"n = 50"
50,1.21267299602883,"n = 50"
50,-2.50323217700035,"n = 50"
50,-0.256505865823375,"n = 50"
50,-0.195152296714235,"n = 50"
50,0.59067040475426,"n = 50"
50,-1.01000479965003,"n = 50"
50,-0.0852284136838458,"n = 50"
50,-1.38937233520427,"n = 50"
50,-1.46878096162529,"n = 50"
50,0.338339310521209,"n = 50"
50,-1.88537374698557,"n = 50"
50,-0.0743412413304273,"n = 50"
50,-1.46296767389604,"n = 50"
50,1.17960327433722,"n = 50"
50,-0.0532514406688735,"n = 50"
50,0.432852290137521,"n = 50"
50,-0.348939705938899,"n = 50"
50,-0.849978959746739,"n = 50"
50,0.722091096911101,"n = 50"
50,-0.19663059030262,"n = 50"
50,0.273105862271277,"n = 50"
50,0.096636167234475,"n = 50"
50,-0.277066940186247,"n = 50"
50,-0.0172542387387032,"n = 50"
50,-1.2015378815623,"n = 50"
50,-0.903368879397824,"n = 50"
50,0.138081039597953,"n = 50"
50,-0.312404460363395,"n = 50"
50,-1.73022856342289,"n = 50"
50,-0.658065318401805,"n = 50"
50,0.772585894188768,"n = 50"
50,2.07489173202802,"n = 50"
50,2.24019496595476,"n = 50"
50,2.0170923138845,"n = 50"
50,-0.702694154576625,"n = 50"
50,0.777093247105115,"n = 50"
50,0.335635621182451,"n = 50"
50,1.6182047064561,"n = 50"
50,-0.996632998917597,"n = 50"
50,-1.71277610810518,"n = 50"
50,2.85342041020918,"n = 50"
50,-1.70124045560309,"n = 50"
50,0.621087188224588,"n = 50"
50,-0.241917108091438,"n = 50"
50,-1.19551709274359,"n = 50"
50,0.57262402408852,"n = 50"
50,0.23840125290092,"n = 50"
50,0.237382238573897,"n = 50"
50,1.22391102899455,"n = 50"
50,0.733564587047499,"n = 50"
50,-1.52658787596689,"n = 50"
50,-1.03682646257881,"n = 50"
50,1.0900649702731,"n = 50"
50,-0.289807847151001,"n = 50"
50,-0.289171461918757,"n = 50"
50,-0.0513195206758215,"n = 50"
50,-1.27387764041208,"n = 50"
50,-1.03720420736089,"n = 50"
50,0.761481097411683,"n = 50"
50,0.101947120675922,"n = 50"
50,-1.64066876119353,"n = 50"
50,0.726825327132981,"n = 50"
50,0.353126927406598,"n = 50"
50,-0.1046882055601,"n = 50"
50,0.631953830360327,"n = 50"
50,0.325684625493562,"n = 50"
50,-1.05915096007581,"n = 50"
50,0.0484718794254505,"n = 50"
50,-0.508273862410249,"n = 50"
50,1.08247212647683,"n = 50"
50,-1.6421248866288,"n = 50"
50,-1.0883269478746,"n = 50"
50,0.382619443532769,"n = 50"
50,1.75472919238613,"n = 50"
50,-0.195563539420003,"n = 50"
50,-0.175758415260909,"n = 50"
50,1.70905513710095,"n = 50"
50,-0.215627517986249,"n = 50"
50,0.181077409633746,"n = 50"
50,0.895128316346721,"n = 50"
50,-1.25143996039021,"n = 50"
50,1.52400628335454,"n = 50"
50,0.794418823129898,"n = 50"
50,2.54993509640422,"n = 50"
50,1.1877389278935,"n = 50"
50,0.994658355272163,"n = 50"
50,-0.0835116327119518,"n = 50"
50,-0.856458490535687,"n = 50"
50,-0.684255945702465,"n = 50"
50,-2.8866045044727,"n = 50"
50,0.672477095576349,"n = 50"
50,0.0723014061226097,"n = 50"
50,-1.39455159963971,"n = 50"
50,0.662754348840419,"n = 50"
50,-2.50832673154197,"n = 50"
50,0.918086508612341,"n = 50"
50,0.413958421192496,"n = 50"
50,-1.88760573887693,"n = 50"
50,2.44674408172957,"n = 50"
50,-1.91144187586152,"n = 50"
50,3.19952847178458,"n = 50"
50,-0.31170376916468,"n = 50"
50,0.199226624869209,"n = 50"
50,0.920820966719155,"n = 50"
50,0.61153652773425,"n = 50"
50,-1.05051166675165,"n = 50"
50,-0.554989892223591,"n = 50"
50,0.233551135678727,"n = 50"
50,-0.181353169086791,"n = 50"
50,-1.10438456256271,"n = 50"
50,-2.33517898734072,"n = 50"
50,2.08260659110646,"n = 50"
50,0.775824353652167,"n = 50"
50,-1.07608496459036,"n = 50"
50,-1.39437511326594,"n = 50"
50,-1.411600769426,"n = 50"
50,0.24738684839059,"n = 50"
50,-1.45530902026243,"n = 50"
50,-0.967689668730205,"n = 50"
50,0.347962822942501,"n = 50"
50,0.277011858677208,"n = 50"
50,0.224494360330332,"n = 50"
50,-0.256634436397662,"n = 50"
50,-0.328776526897064,"n = 50"
50,-0.591984126483692,"n = 50"
50,1.29696241535795,"n = 50"
50,0.822368068992509,"n = 50"
50,1.14630461447033,"n = 50"
50,-0.310902539025975,"n = 50"
50,0.302508709567266,"n = 50"
50,0.109760734672686,"n = 50"
50,-1.70892953295134,"n = 50"
50,0.915330278492332,"n = 50"
50,-0.436243479311877,"n = 50"
50,1.09131440349516,"n = 50"
50,1.39373500331237,"n = 50"
50,-0.446817302912729,"n = 50"
50,0.0365272670127738,"n = 50"
50,1.38088477539181,"n = 50"
50,-0.507662474611642,"n = 50"
50,4.07373367267242,"n = 50"
50,-0.692065206658012,"n = 50"
50,2.04870884542073,"n = 50"
50,-0.225124902240891,"n = 50"
50,0.547879525912138,"n = 50"
50,0.433641127579145,"n = 50"
50,1.34873637397104,"n = 50"
50,-1.58714705324699,"n = 50"
50,-1.13931324554053,"n = 50"
50,-0.584807105402939,"n = 50"
50,1.28701186390271,"n = 50"
50,0.833814924546483,"n = 50"
50,-1.29427673765443,"n = 50"
50,1.57451022877717,"n = 50"
50,1.88708278974111,"n = 50"
50,0.682933218260737,"n = 50"
50,-1.66760058664287,"n = 50"
50,-0.868588203294141,"n = 50"
50,0.5690996013465,"n = 50"
50,-0.529786555281988,"n = 50"
50,0.707991848041324,"n = 50"
50,2.46798751465661,"n = 50"
50,0.323376266077131,"n = 50"
50,-0.141015327560463,"n = 50"
50,-0.736536431741678,"n = 50"
50,0.287832952974274,"n = 50"
50,-0.833712498574538,"n = 50"
50,-1.10008715520806,"n = 50"
50,-0.23877804780816,"n = 50"
50,1.59991202244251,"n = 50"
50,1.90000987337919,"n = 50"
50,-1.02088424703951,"n = 50"
50,-0.273624674015283,"n = 50"
50,0.346100445548986,"n = 50"
50,-0.177523232796695,"n = 50"
50,0.273082773200894,"n = 50"
50,-1.50776191049236,"n = 50"
50,0.902857290362443,"n = 50"
50,0.345879136542672,"n = 50"
50,-1.98069906920252,"n = 50"
50,-1.09530932457373,"n = 50"
50,1.15508097847506,"n = 50"
50,-0.981736343869531,"n = 50"
50,0.676733429906565,"n = 50"
50,-0.702250862920856,"n = 50"
50,1.13124249090858,"n = 50"
50,-0.955206031040798,"n = 50"
50,-0.817341018802266,"n = 50"
50,1.0635020025942,"n = 50"
50,0.217204747031988,"n = 50"
50,1.20568455017758,"n = 50"
50,-0.547944401058831,"n = 50"
50,-0.44868544064903,"n = 50"
50,-1.6012522989645,"n = 50"
50,-0.188650468999159,"n = 50"
50,0.670776551757363,"n = 50"
50,-0.129073520962425,"n = 50"
50,-1.59433028810099,"n = 50"
50,-0.562419662451665,"n = 50"
50,0.807696786497939,"n = 50"
50,-0.488232685444031,"n = 50"
50,0.530991453770309,"n = 50"
50,-1.32114493940855,"n = 50"
50,-1.39609197129879,"n = 50"
50,-1.52843533218065,"n = 50"
50,-0.00296549504766886,"n = 50"
50,0.64762826796221,"n = 50"
50,-0.246814517649796,"n = 50"
50,0.16183930406716,"n = 50"
50,-0.177393188520834,"n = 50"
50,0.966188601614922,"n = 50"
50,2.31906963857269,"n = 50"
50,0.331019670613915,"n = 50"
50,0.332584838421294,"n = 50"
50,0.494861712442006,"n = 50"
50,0.55705697344946,"n = 50"
50,0.548854191479004,"n = 50"
50,1.97600093571476,"n = 50"
50,-1.23670450379898,"n = 50"
50,0.0858546579212164,"n = 50"
50,0.980179793697941,"n = 50"
50,-1.48872525568705,"n = 50"
50,1.48237945930083,"n = 50"
50,-0.357130377737856,"n = 50"
50,1.92925774594357,"n = 50"
50,0.730368015070172,"n = 50"
50,0.773236607158132,"n = 50"
50,3.1519577547078,"n = 50"
50,0.56449593521537,"n = 50"
50,-2.26292295250866,"n = 50"
50,-0.150818824540012,"n = 50"
50,1.56933792379116,"n = 50"
50,-0.554479408283536,"n = 50"
50,-0.662833061417375,"n = 50"
50,1.05979808346733,"n = 50"
50,0.645942399078273,"n = 50"
50,0.556493052164366,"n = 50"
50,-1.988714312221,"n = 50"
50,2.25372054035318,"n = 50"
50,-0.562770055890327,"n = 50"
50,-0.687215671291992,"n = 50"
50,1.45805612170656,"n = 50"
50,0.141265658918179,"n = 50"
50,0.353572854419548,"n = 50"
50,0.025832953500451,"n = 50"
50,-1.36252640188922,"n = 50"
50,-1.66844264136281,"n = 50"
50,1.42635708434023,"n = 50"
50,0.168303572840452,"n = 50"
50,0.614077204463639,"n = 50"
50,-0.910228493674456,"n = 50"
50,1.35994653712792,"n = 50"
50,0.888565484825907,"n = 50"
50,0.104521440551001,"n = 50"
50,1.40407998201815,"n = 50"
50,-0.124127548859235,"n = 50"
50,0.262220045933613,"n = 50"
50,-0.864250502602329,"n = 50"
50,0.241229822426181,"n = 50"
50,0.161579294292978,"n = 50"
50,-0.120580472663502,"n = 50"
50,0.762386633307149,"n = 50"
50,0.435795599407458,"n = 50"
50,-0.00820104205065251,"n = 50"
50,3.41017417351871,"n = 50"
50,-0.73014794658401,"n = 50"
50,0.0886074393065054,"n = 50"
50,-0.967883129758575,"n = 50"
50,-0.0733848488625758,"n = 50"
50,-0.485344519616057,"n = 50"
50,-0.445311301485946,"n = 50"
50,0.565277281833617,"n = 50"
50,0.147227054887249,"n = 50"
50,-0.453227670189271,"n = 50"
50,-0.898909534777813,"n = 50"
50,2.3134405556588,"n = 50"
50,0.516590227164769,"n = 50"
50,0.0931258108164384,"n = 50"
50,1.66312871120057,"n = 50"
50,-1.36009646210593,"n = 50"
50,1.20279107857804,"n = 50"
50,-0.0963027816464123,"n = 50"
50,-0.956991115029322,"n = 50"
50,1.86092505705386,"n = 50"
50,-1.88071211093472,"n = 50"
50,-0.277148031954952,"n = 50"
50,0.711924131213853,"n = 50"
50,0.20287878782366,"n = 50"
50,-1.03590891183811,"n = 50"
50,0.337164007590003,"n = 50"
50,1.7203999578996,"n = 50"
50,1.87157030197106,"n = 50"
50,-0.579969189794305,"n = 50"
50,-0.341928444461398,"n = 50"
50,-1.15470243981715,"n = 50"
50,0.389488256932073,"n = 50"
50,1.55838661382301,"n = 50"
50,-2.24135877783152,"n = 50"
50,0.379753710330777,"n = 50"
50,1.27446945443164,"n = 50"
50,-0.205305562628512,"n = 50"
50,-1.09866422654098,"n = 50"
50,-0.698661994643937,"n = 50"
50,1.5595197521299,"n = 50"
50,-3.33656953852586,"n = 50"
50,0.299578442332706,"n = 50"
50,1.07884768070712,"n = 50"
50,0.056038795033669,"n = 50"
50,1.81365625844146,"n = 50"
50,-0.634652096250335,"n = 50"
50,-0.367123406072839,"n = 50"
50,-1.14299835099778,"n = 50"
50,2.3410986839312,"n = 50"
50,2.59142114611893,"n = 50"
50,0.0283185325216806,"n = 50"
50,-0.969379101959854,"n = 50"
50,0.812461103936058,"n = 50"
50,0.151076469109596,"n = 50"
50,2.89139884357267,"n = 50"
50,1.07149443658952,"n = 50"
50,1.31281095218853,"n = 50"
50,-0.246789219867265,"n = 50"
50,1.42247992014883,"n = 50"
50,-0.625272033499658,"n = 50"
50,2.01823749940522,"n = 50"
50,-0.639796793937906,"n = 50"
50,-1.74189175727809,"n = 50"
50,-0.668306591722849,"n = 50"
50,-0.754735600084612,"n = 50"
50,0.567981342358346,"n = 50"
50,-0.116422501542382,"n = 50"
50,-0.938763085333587,"n = 50"
50,-2.03221730231128,"n = 50"
50,1.19498925391764,"n = 50"
50,-0.199615987750362,"n = 50"
50,-0.0622905765052267,"n = 50"
50,2.4833150691342,"n = 50"
50,0.717948127893671,"n = 50"
50,-0.745569393949323,"n = 50"
50,-1.62930321055949,"n = 50"
50,0.0430434201870677,"n = 50"
50,-0.275168796655059,"n = 50"
50,-0.00649325306176149,"n = 50"
50,-1.41705071496716,"n = 50"
50,-0.633611174218123,"n = 50"
50,-0.175316176100366,"n = 50"
50,-0.21582014438535,"n = 50"
50,1.24663478281064,"n = 50"
50,0.339282807710961,"n = 50"
50,-0.47841581182163,"n = 50"
50,-0.754392459697602,"n = 50"
50,-0.339871757279862,"n = 50"
50,0.870993573831392,"n = 50"
50,-0.707940749018821,"n = 50"
50,-0.97226518998878,"n = 50"
50,1.77183480101209,"n = 50"
50,0.625741723064757,"n = 50"
50,0.520227375363363,"n = 50"
50,-1.04663104408315,"n = 50"
50,-2.042651670082,"n = 50"
50,-0.132807463271397,"n = 50"
50,1.26318348673778,"n = 50"
50,-0.89200409098409,"n = 50"
50,2.61038452824501,"n = 50"
50,0.29500654073897,"n = 50"
50,1.17578867725928,"n = 50"
50,0.667115754059364,"n = 50"
50,-0.0507427888216525,"n = 50"
50,-0.946866587008506,"n = 50"
50,-0.783669580021776,"n = 50"
50,1.30836819838513,"n = 50"
50,-1.31161980796377,"n = 50"
50,0.557986830357524,"n = 50"
50,-0.146086969763147,"n = 50"
50,-0.174653159592211,"n = 50"
50,0.549000214884446,"n = 50"
50,1.33089022101852,"n = 50"
50,-1.59370848671871,"n = 50"
50,-1.47768915761279,"n = 50"
50,0.354125674340497,"n = 50"
50,-1.3469581261862,"n = 50"
50,1.38743073008366,"n = 50"
50,1.37972086875885,"n = 50"
50,-0.676553751216067,"n = 50"
50,1.44532319540927,"n = 50"
50,-1.65044063013731,"n = 50"
50,-1.25994790063957,"n = 50"
50,0.799157792664214,"n = 50"
50,-0.490000631969397,"n = 50"
50,0.924039792502762,"n = 50"
50,0.61172053783314,"n = 50"
50,-0.357937666510033,"n = 50"
50,0.221330693456914,"n = 50"
50,0.0802072562027189,"n = 50"
50,-0.443308234958131,"n = 50"
50,0.0567908832657973,"n = 50"
50,1.39313313853424,"n = 50"
50,-1.02192532592254,"n = 50"
50,2.97881867802018,"n = 50"
50,0.242368541783967,"n = 50"
50,1.70518566971123,"n = 50"
50,0.86699471263173,"n = 50"
50,0.998873678589313,"n = 50"
50,-0.625373549344294,"n = 50"
50,-1.80202936252711,"n = 50"
50,-1.51336211255571,"n = 50"
50,1.1060967527629,"n = 50"
50,-0.546252575303638,"n = 50"
50,1.05493949223725,"n = 50"
50,-0.409661937999039,"n = 50"
50,-1.57301660045157,"n = 50"
50,0.174690197078833,"n = 50"
50,0.550243561485056,"n = 50"
50,1.28755928381103,"n = 50"
50,0.61766290242762,"n = 50"
50,-0.555477245405361,"n = 50"
50,0.0609150807731187,"n = 50"
50,-1.33988124397827,"n = 50"
50,1.08913316715013,"n = 50"
50,-0.109979488968786,"n = 50"
50,-0.102267051670882,"n = 50"
50,0.80575268331361,"n = 50"
50,-0.0714157495732382,"n = 50"
50,0.414073089105025,"n = 50"
50,-0.41198648334774,"n = 50"
50,0.71651712618894,"n = 50"
50,-0.802439064289097,"n = 50"
50,2.81736901015105,"n = 50"
50,-0.407874303459234,"n = 50"
50,0.592874084974521,"n = 50"
50,-0.527535394586894,"n = 50"
50,-0.463876098502454,"n = 50"
50,2.48661274819216,"n = 50"
50,-0.568346550958753,"n = 50"
50,-0.664852471387707,"n = 50"
50,3.37848020183013,"n = 50"
50,1.93179538089545,"n = 50"
50,-0.151491136178909,"n = 50"
50,-0.2271893356495,"n = 50"
50,0.663109419031576,"n = 50"
50,-0.478442377117928,"n = 50"
50,-0.85353071976436,"n = 50"
50,0.524097302712939,"n = 50"
50,-1.81299960728357,"n = 50"
50,-0.171708627636047,"n = 50"
50,-0.422074931653794,"n = 50"
50,0.730221421016515,"n = 50"
50,0.23630436301529,"n = 50"
50,-1.70983089279531,"n = 50"
50,-0.865629384098975,"n = 50"
50,0.436546117018603,"n = 50"
50,0.142526421515121,"n = 50"
50,-0.312864718508423,"n = 50"
50,-2.18226335877789,"n = 50"
50,0.593647834624202,"n = 50"
50,1.94278140768342,"n = 50"
50,-0.740221208054583,"n = 50"
50,-0.760641361670961,"n = 50"
50,-0.487231392228522,"n = 50"
50,-0.888903574139009,"n = 50"
50,0.732379767451945,"n = 50"
50,1.45625317495054,"n = 50"
50,1.6544741654717,"n = 50"
50,2.18919660940171,"n = 50"
50,0.413484590072324,"n = 50"
50,2.74803462607609,"n = 50"
50,0.579500921348957,"n = 50"
50,-1.47358135325999,"n = 50"
50,0.67719496910863,"n = 50"
50,-0.239881201290893,"n = 50"
50,1.43295350711984,"n = 50"
50,0.102609017848602,"n = 50"
50,-0.40211662909975,"n = 50"
50,-0.413062253961677,"n = 50"
50,2.34608929494854,"n = 50"
50,-0.44100061284551,"n = 50"
50,0.737897544024002,"n = 50"
50,0.276724533573938,"n = 50"
50,-0.214786810277485,"n = 50"
50,1.44229070726073,"n = 50"
50,-1.77081269397822,"n = 50"
50,-2.21843854530037,"n = 50"
50,-0.446728976072173,"n = 50"
50,-0.104674401060437,"n = 50"
50,0.275666944642374,"n = 50"
50,-0.972655804467017,"n = 50"
50,0.733432279014713,"n = 50"
50,-0.933222474035872,"n = 50"
50,-0.425594354557895,"n = 50"
50,-0.266193657130831,"n = 50"
50,0.196382116905918,"n = 50"
50,0.857077132339324,"n = 50"
50,0.13043153556785,"n = 50"
50,-0.617769320286174,"n = 50"
50,1.9908112280611,"n = 50"
50,-0.247967191002714,"n = 50"
50,-0.435645349493276,"n = 50"
50,0.795605939303158,"n = 50"
50,0.576445187125745,"n = 50"
50,-0.43054580149419,"n = 50"
50,0.0645101570719438,"n = 50"
50,-0.852393590664421,"n = 50"
50,0.055268320737607,"n = 50"
50,-0.505688952002416,"n = 50"
50,-0.695795849339343,"n = 50"
50,0.0851986222229453,"n = 50"
50,-0.645645774994984,"n = 50"
50,0.034770371196547,"n = 50"
50,1.81470944549532,"n = 50"
50,-0.652579642879665,"n = 50"
50,-0.821725455026263,"n = 50"
50,2.66290592534362,"n = 50"
50,-0.0876538400050967,"n = 50"
50,-0.728641255356598,"n = 50"
50,1.64701952739997,"n = 50"
50,0.630817365911013,"n = 50"
50,-0.565578470043829,"n = 50"
50,1.14281586768269,"n = 50"
50,-0.412185477888201,"n = 50"
50,-0.00305609814624591,"n = 50"
50,0.0345182841017079,"n = 50"
50,-1.43176848107688,"n = 50"
50,-0.115965882173561,"n = 50"
50,-0.893072792326605,"n = 50"
50,0.00493087901264657,"n = 50"
50,1.51270342123149,"n = 50"
50,0.280578467361535,"n = 50"
50,-0.466644340646782,"n = 50"
50,-0.00563546618047858,"n = 50"
50,1.34384434552794,"n = 50"
50,-0.355734583775445,"n = 50"
50,-0.160959738711722,"n = 50"
50,-0.883823271926687,"n = 50"
50,-0.293673813441313,"n = 50"
50,0.953493405937574,"n = 50"
50,0.304313127600844,"n = 50"
50,-0.0565080672370477,"n = 50"
50,2.31397353180264,"n = 50"
50,1.6382012485076,"n = 50"
50,-0.343497193821842,"n = 50"
50,0.181016538061598,"n = 50"
50,-1.02898729509615,"n = 50"
50,3.26581321942488,"n = 50"
50,-1.48640956799965,"n = 50"
50,-0.680594636953684,"n = 50"
50,-0.849774354254003,"n = 50"
50,2.25608260153558,"n = 50"
50,-2.00074914782733,"n = 50"
50,1.54889567959579,"n = 50"
50,0.924401911672849,"n = 50"
50,-0.0701825894255761,"n = 50"
50,-0.285285155287932,"n = 50"
50,3.17774470140405,"n = 50"
50,-0.974965465012395,"n = 50"
50,-1.92344916833084,"n = 50"
50,2.60041682137816,"n = 50"
50,-1.4058219438354,"n = 50"
50,0.0731981301772561,"n = 50"
50,-0.977541717029852,"n = 50"
50,-0.38434162923323,"n = 50"
50,0.369793590568553,"n = 50"
50,2.34081625260841,"n = 50"
50,0.579854647519065,"n = 50"
50,-1.03897594007051,"n = 50"
50,2.29715680786331,"n = 50"
50,0.260772056296211,"n = 50"
50,1.40156883106368,"n = 50"
50,0.619091095824725,"n = 50"
50,-1.28560876478405,"n = 50"
50,0.472383926355252,"n = 50"
50,0.23296215351018,"n = 50"
50,-1.1695739240281,"n = 50"
50,0.189854019032435,"n = 50"
50,-0.118560243996303,"n = 50"
50,0.684166643310156,"n = 50"
50,-1.43692786834558,"n = 50"
50,-1.20012187048185,"n = 50"
50,-0.429852154728209,"n = 50"
50,2.85227431386976,"n = 50"
50,-0.933611736721624,"n = 50"
50,-1.14954105117829,"n = 50"
50,-0.148516500854921,"n = 50"
50,-0.567294234552684,"n = 50"
50,-0.740464155484634,"n = 50"
50,1.66469089509849,"n = 50"
50,0.230701084006171,"n = 50"
50,1.55869957906738,"n = 50"
50,1.03214099831637,"n = 50"
50,0.18917569210037,"n = 50"
50,-2.15910608438966,"n = 50"
50,1.6298116794876,"n = 50"
50,-2.97884030440871,"n = 50"
50,-0.126446705882327,"n = 50"
50,-0.0100729411888476,"n = 50"
50,0.221217427649533,"n = 50"
50,0.523224701368837,"n = 50"
50,0.498628863007157,"n = 50"
50,1.23156553524821,"n = 50"
50,-1.03679089131708,"n = 50"
50,0.786923224442332,"n = 50"
50,1.81262800048755,"n = 50"
50,0.0724683680894563,"n = 50"
50,-0.211537689238692,"n = 50"
50,1.28509869266573,"n = 50"
50,1.99729572107121,"n = 50"
50,0.365684327486847,"n = 50"
50,0.890929512704909,"n = 50"
50,0.257414921165418,"n = 50"
50,1.02094044748038,"n = 50"
50,1.04790344634904,"n = 50"
50,1.25352381766048,"n = 50"
50,-0.700936789247132,"n = 50"
50,-0.649806368525112,"n = 50"
50,-0.156277248247251,"n = 50"
50,-2.27242249493176,"n = 50"
50,-0.900522118305051,"n = 50"
50,0.00882368157165113,"n = 50"
50,1.11126239448462,"n = 50"
50,-1.04537727564212,"n = 50"
50,-0.401757227262623,"n = 50"
50,1.37018923412378,"n = 50"
50,0.847484470616752,"n = 50"
50,0.208731540096398,"n = 50"
50,-2.36500196770917,"n = 50"
50,-1.82737181193552,"n = 50"
50,1.27492660003865,"n = 50"
50,0.0651644901549859,"n = 50"
50,-1.13554499997845,"n = 50"
50,0.982903240928936,"n = 50"
50,1.34283806497723,"n = 50"
50,0.713638799065343,"n = 50"
50,0.486735917176043,"n = 50"
50,-1.3230229217705,"n = 50"
50,2.92767620920325,"n = 50"
50,-0.187480439987691,"n = 50"
50,1.7859792151467,"n = 50"
50,1.04865521090356,"n = 50"
50,2.90872888149053,"n = 50"
50,-0.390133855227794,"n = 50"
50,-0.309332449619284,"n = 50"
50,1.3622488419985,"n = 50"
50,-0.529442774537044,"n = 50"
50,1.05485906469057,"n = 50"
50,-1.6965762372365,"n = 50"
50,1.15119336754754,"n = 50"
50,0.526560020110025,"n = 50"
50,3.84309463884094,"n = 50"
50,0.962901911861561,"n = 50"
50,2.81890344649826,"n = 50"
50,1.95749015989417,"n = 50"
50,-1.2914641300786,"n = 50"
50,0.901853004825174,"n = 50"
50,0.975014360494196,"n = 50"
50,-0.913670404144622,"n = 50"
50,-0.64062448248443,"n = 50"
50,0.188415637215834,"n = 50"
50,-0.982916858527545,"n = 50"
50,0.220400731521885,"n = 50"
50,1.01041597298968,"n = 50"
50,-0.995244619666016,"n = 50"
50,0.35118760878877,"n = 50"
50,1.02903921454899,"n = 50"
50,-1.3261308847669,"n = 50"
50,-2.85378791185505,"n = 50"
50,1.13381440142793,"n = 50"
50,-0.896758201454565,"n = 50"
50,1.90059628900715,"n = 50"
50,0.551042970334962,"n = 50"
50,0.508835950853478,"n = 50"
50,-1.35771532044142,"n = 50"
50,-0.325334848119879,"n = 50"
50,0.314783452147191,"n = 50"
50,6.11806800890285,"n = 50"
50,-0.183842334420272,"n = 50"
50,0.948810757114995,"n = 50"
50,0.601953445926487,"n = 50"
50,-0.751248390419685,"n = 50"
50,-0.668774295106461,"n = 50"
50,0.265500786279915,"n = 50"
50,-0.828618940964067,"n = 50"
50,-1.48155566903793,"n = 50"
50,-0.419679978210946,"n = 50"
50,1.14614225736866,"n = 50"
50,1.25184957758442,"n = 50"
50,0.282893546764707,"n = 50"
50,0.215504947238451,"n = 50"
50,-0.188124158816135,"n = 50"
50,-2.18895133989651,"n = 50"
50,-0.148549129779458,"n = 50"
50,-0.832072476787362,"n = 50"
50,0.687933518032623,"n = 50"
50,-0.50566444935451,"n = 50"
50,-1.60361419983148,"n = 50"
50,0.405675226438089,"n = 50"
50,0.484937879550037,"n = 50"
50,1.00235989731385,"n = 50"
50,2.52447621653511,"n = 50"
50,0.599783461619603,"n = 50"
50,0.145433412189606,"n = 50"
50,-0.833738208509793,"n = 50"
50,-1.54085201176289,"n = 50"
50,0.517189289394236,"n = 50"
50,0.405714924182434,"n = 50"
50,0.588983029391895,"n = 50"
50,0.729078191451872,"n = 50"
50,-0.297778889756363,"n = 50"
50,0.367046349062219,"n = 50"
50,1.05266867889132,"n = 50"
50,-0.509668702282906,"n = 50"
50,0.417250515530466,"n = 50"
50,-1.68243330366343,"n = 50"
50,-1.32750067030898,"n = 50"
50,0.658916284322178,"n = 50"
50,1.17568719920355,"n = 50"
50,-0.655982758133088,"n = 50"
50,1.90438560508956,"n = 50"
50,-1.58438361194013,"n = 50"
50,-0.603527657838954,"n = 50"
50,-1.68692549506285,"n = 50"
50,0.741680607819107,"n = 50"
50,0.0608080207802533,"n = 50"
50,-0.185171276542644,"n = 50"
50,1.32211016969418,"n = 50"
50,-0.910318065087217,"n = 50"
50,-0.465326219120008,"n = 50"
50,-0.451826560140714,"n = 50"
50,2.06299734728163,"n = 50"
50,-0.302803419308206,"n = 50"
50,0.781288278494822,"n = 50"
50,0.447279107357763,"n = 50"
50,-0.846917289790609,"n = 50"
50,-1.16332952929187,"n = 50"
50,-0.186586245108775,"n = 50"
50,0.234163623421235,"n = 50"
50,0.100849497251129,"n = 50"
50,0.747164923269366,"n = 50"
50,-0.575229532877886,"n = 50"
50,0.548656422469859,"n = 50"
50,-0.583577464776158,"n = 50"
50,-0.0631375110990593,"n = 50"
50,0.373084594520403,"n = 50"
50,0.561960147151161,"n = 50"
50,1.64672580087011,"n = 50"
50,-0.0357216378654626,"n = 50"
50,-0.427452700970887,"n = 50"
50,0.341948214227321,"n = 50"
50,-0.105685348947886,"n = 50"
50,-0.300633089202548,"n = 50"
50,0.170400489611932,"n = 50"
50,1.06311423196392,"n = 50"
50,0.0449694353937793,"n = 50"
50,-0.231684654500247,"n = 50"
50,0.0889679343881143,"n = 50"
50,3.90008195889831,"n = 50"
50,-0.845078646170191,"n = 50"
50,-1.1958685913881,"n = 50"
50,0.824696845477494,"n = 50"
50,1.94494397025729,"n = 50"
50,0.419452106231401,"n = 50"
50,0.297021809829933,"n = 50"
50,-0.610398113289734,"n = 50"
50,-1.83955662169057,"n = 50"
50,1.01644782488469,"n = 50"
50,-0.814397823079873,"n = 50"
50,-0.608281861191275,"n = 50"
50,1.09607268680286,"n = 50"
50,-0.407106673080991,"n = 50"
50,-1.08251677306242,"n = 50"
50,-0.292390995139821,"n = 50"
50,-0.968527891635256,"n = 50"
50,3.50987415145965,"n = 50"
50,1.73976925929421,"n = 50"
50,2.46707956489679,"n = 50"
50,0.00786533516695585,"n = 50"
50,-1.40919505627986,"n = 50"
50,-1.03184215134294,"n = 50"
50,-1.14035085705487,"n = 50"
50,-0.725663120573604,"n = 50"
50,2.1269420780747,"n = 50"
50,0.981862919763855,"n = 50"
50,-1.71092793300287,"n = 50"
50,-0.812827380002254,"n = 50"
50,0.38460258779661,"n = 50"
50,0.576423142777967,"n = 50"
50,-1.08074959795085,"n = 50"
50,1.5424942969485,"n = 50"
50,0.0105712530702689,"n = 50"
50,1.76697421108957,"n = 50"
50,1.75822261719008,"n = 50"
50,-1.84750589628546,"n = 50"
50,-0.618089536387143,"n = 50"
50,-0.587621369497075,"n = 50"
50,-2.06915329734878,"n = 50"
50,-1.77800620688419,"n = 50"
50,1.17169490333706,"n = 50"
50,0.00490017755285884,"n = 50"
50,0.713521013995472,"n = 50"
50,-2.0107765880473,"n = 50"
50,3.04791408849686,"n = 50"
50,3.07993647910117,"n = 50"
50,-1.35694611426539,"n = 50"
50,-1.64722380420557,"n = 50"
50,-0.835758217275685,"n = 50"
50,-0.503451230297881,"n = 50"
50,0.504103989306525,"n = 50"
50,1.31814974815584,"n = 50"
50,0.00895254234582907,"n = 50"
50,0.203691341219497,"n = 50"
50,-1.0476378312257,"n = 50"
50,-1.01558731683174,"n = 50"
50,0.885608638953614,"n = 50"
50,0.306741660782616,"n = 50"
50,-0.883040814892824,"n = 50"
50,0.914724158034723,"n = 50"
50,-0.974133835266115,"n = 50"
50,0.0458826585315819,"n = 50"
50,0.923916670874235,"n = 50"
50,1.53501996775577,"n = 50"
50,2.06464752714033,"n = 50"
50,-0.25188783061382,"n = 50"
50,1.89039342479454,"n = 50"
50,0.704866163305736,"n = 50"
50,0.407224604696157,"n = 50"
50,-0.705091140114608,"n = 50"
50,-0.596361917574635,"n = 50"
50,0.798570957496221,"n = 50"
50,1.6815231626303,"n = 50"
50,-1.31951706145907,"n = 50"
50,-1.32438967320067,"n = 50"
50,3.80216388571058,"n = 50"
50,-0.170973409621994,"n = 50"
50,-0.243645358053704,"n = 50"
50,-0.3375377155091,"n = 50"
50,0.018727195954038,"n = 50"
50,0.450923827834498,"n = 50"
50,0.116181495124568,"n = 50"
50,0.437063516024608,"n = 50"
50,-0.01888087959425,"n = 50"
50,-0.247517094231526,"n = 50"
50,0.108216254167219,"n = 50"
50,-0.0432339252412769,"n = 50"
50,0.303225300506934,"n = 50"
50,-1.60882534034138,"n = 50"
50,0.0949430921606606,"n = 50"
50,-0.646064088891779,"n = 50"
50,0.225463332394528,"n = 50"
50,-0.702713308597504,"n = 50"
50,0.0830384851767884,"n = 50"
50,-0.135432995762671,"n = 50"
50,-1.88438125685937,"n = 50"
50,2.65668898892028,"n = 50"
50,0.974946264329716,"n = 50"
50,-0.846419711150044,"n = 50"
50,0.929237275813031,"n = 50"
50,0.298836395839246,"n = 50"
50,-1.41958244156449,"n = 50"
50,-0.601761934382109,"n = 50"
50,1.04308955727658,"n = 50"
50,1.223434082021,"n = 50"
50,-0.39920428252208,"n = 50"
50,0.724557153913621,"n = 50"
50,1.27585385746096,"n = 50"
50,-1.10802943965606,"n = 50"
50,-1.55097334331814,"n = 50"
50,3.3194775189723,"n = 50"
50,1.43476321930284,"n = 50"
50,1.36862567310755,"n = 50"
50,1.84030699422205,"n = 50"
50,-0.757587908474405,"n = 50"
50,-0.610666131423431,"n = 50"
50,0.456888573831834,"n = 50"
50,0.181484432010762,"n = 50"
50,0.209523671070405,"n = 50"
50,-1.37854613826361,"n = 50"
50,-0.338840327340885,"n = 50"
50,-0.670364163936121,"n = 50"
50,-0.376173485097028,"n = 50"
50,0.133875148961023,"n = 50"
50,-0.611120055835359,"n = 50"
50,0.472339717369966,"n = 50"
50,0.129642440439952,"n = 50"
50,0.694641955616562,"n = 50"
50,-1.33450143102333,"n = 50"
50,-0.594467577440518,"n = 50"
50,1.65870099193307,"n = 50"
50,1.70578706944793,"n = 50"
50,0.647504471073209,"n = 50"
50,1.52515419647874,"n = 50"
50,3.0680891620471,"n = 50"
50,0.257464485329977,"n = 50"
50,-1.62898282662677,"n = 50"
50,-1.94850380593756,"n = 50"
50,-0.00445924097947217,"n = 50"
50,0.337445831254766,"n = 50"
50,1.45021634037954,"n = 50"
50,-0.33438846853659,"n = 50"
50,0.361465782753978,"n = 50"
50,0.990763102207397,"n = 50"
50,-0.671496151045214,"n = 50"
50,-0.0298721919421225,"n = 50"
50,-0.459806556560978,"n = 50"
50,2.77190712880372,"n = 50"
50,1.16230921140423,"n = 50"
50,-0.365058127567153,"n = 50"
50,0.133395541519909,"n = 50"
50,0.565728883726375,"n = 50"
50,-2.46365419125328,"n = 50"
50,2.26323945889004,"n = 50"
50,0.794526189610371,"n = 50"
50,0.698328672212979,"n = 50"
50,-0.592398117658683,"n = 50"
50,0.45334641938961,"n = 50"
50,-0.982135756758109,"n = 50"
50,-0.0938611407885653,"n = 50"
50,-0.11976731811146,"n = 50"
50,-0.210115979175643,"n = 50"
50,-1.5345640971046,"n = 50"
50,-0.106700256595996,"n = 50"
50,1.93147807034642,"n = 50"
50,0.171084518648974,"n = 50"
50,-0.223535914895357,"n = 50"
50,0.229507702112168,"n = 50"
50,-0.313089956974669,"n = 50"
50,2.74253538102368,"n = 50"
50,0.159265146690232,"n = 50"
50,-0.466448939088493,"n = 50"
50,0.905948163072268,"n = 50"
50,-0.676254416753495,"n = 50"
50,1.78232520993006,"n = 50"
50,0.095464724293556,"n = 50"
50,-0.218649369506874,"n = 50"
50,1.05391053044781,"n = 50"
50,-0.996429302207444,"n = 50"
50,0.211006511616049,"n = 50"
50,-1.07166901162274,"n = 50"
50,0.547027732553471,"n = 50"
50,0.810093553410161,"n = 50"
50,-1.06582973319242,"n = 50"
50,0.766461202898466,"n = 50"
50,-0.400997169721147,"n = 50"
50,0.546984429269868,"n = 50"
50,0.702483290780012,"n = 50"
50,0.968341266888919,"n = 50"
50,1.82641693769688,"n = 50"
50,0.910711428810777,"n = 50"
50,0.382973455585828,"n = 50"
50,0.233258601909094,"n = 50"
50,-0.489423729721794,"n = 50"
50,-1.15906618383747,"n = 50"
50,-0.783582534543688,"n = 50"
50,0.611229018789618,"n = 50"
50,-0.149987929817647,"n = 50"
50,0.0993869897544358,"n = 50"
50,-1.34680405139784,"n = 50"
50,1.4709423776016,"n = 50"
50,-0.719901366759327,"n = 50"
50,-0.739327370860444,"n = 50"
50,-1.971981876809,"n = 50"
50,-1.27964277146131,"n = 50"
50,-1.01307906845418,"n = 50"
50,1.27160238314731,"n = 50"
50,-1.17647636676286,"n = 50"
50,-1.30361660473367,"n = 50"
50,2.13840130989493,"n = 50"
50,0.45566507252995,"n = 50"
50,0.698091122176882,"n = 50"
50,3.43979131011078,"n = 50"
50,0.516654104024961,"n = 50"
50,1.66883749430325,"n = 50"
50,-1.0980387567956,"n = 50"
50,-0.712967502080453,"n = 50"
50,1.51267499600625,"n = 50"
50,-1.02610410993403,"n = 50"
50,0.911986628080854,"n = 50"
50,0.17755692183877,"n = 50"
50,2.32506751734219,"n = 50"
50,1.95866771376302,"n = 50"
50,-0.101721629789002,"n = 50"
50,3.14103939893023,"n = 50"
50,-0.46420337630858,"n = 50"
50,2.17623977700632,"n = 50"
50,0.0537360396806289,"n = 50"
50,-0.822530056816731,"n = 50"
50,-0.187083540839055,"n = 50"
50,-0.459956523068721,"n = 50"
50,-0.0850162721861963,"n = 50"
50,-0.939916144927774,"n = 50"
50,-1.23440691524614,"n = 50"
50,0.0730582506577609,"n = 50"
50,-0.562076969041725,"n = 50"
50,-1.59677255274315,"n = 50"
50,1.36867044264054,"n = 50"
50,-0.0764860592909106,"n = 50"
50,0.836512079348414,"n = 50"
50,0.786842639017045,"n = 50"
50,-1.30528460397084,"n = 50"
50,1.44851527408662,"n = 50"
50,0.436693246437957,"n = 50"
50,0.787243973538308,"n = 50"
50,-0.700484719645428,"n = 50"
50,-1.2973222229477,"n = 50"
50,-0.534370859841643,"n = 50"
50,0.67188570332673,"n = 50"
50,0.324239541670173,"n = 50"
50,-1.13064156248469,"n = 50"
50,-0.1579822323357,"n = 50"
50,0.329501486979693,"n = 50"
50,-1.74216564423825,"n = 50"
50,0.414500272671921,"n = 50"
50,1.03825799029725,"n = 50"
50,0.447588313421229,"n = 50"
50,1.51484535587264,"n = 50"
50,-0.319237800070352,"n = 50"
50,0.602375844029437,"n = 50"
50,-1.40881383553608,"n = 50"
50,0.983175467856651,"n = 50"
50,1.03379847191777,"n = 50"
50,-0.874849927296206,"n = 50"
50,0.0798898874980976,"n = 50"
50,-0.0569117067866913,"n = 50"
50,-1.49043661988981,"n = 50"
50,0.626302646812364,"n = 50"
50,-0.626907152793253,"n = 50"
50,0.923236380392372,"n = 50"
50,0.417136787268403,"n = 50"
50,0.445163526631606,"n = 50"
50,1.44702952574136,"n = 50"
50,0.480956723736156,"n = 50"
50,-0.257767484271248,"n = 50"
50,0.0407113093696317,"n = 50"
50,1.05096921023792,"n = 50"
50,-1.85307246711685,"n = 50"
50,3.00234270111438,"n = 50"
50,0.446013243782953,"n = 50"
50,-1.66734770259281,"n = 50"
50,1.42496874322139,"n = 50"
50,-0.721221519140629,"n = 50"
50,-0.221941728077408,"n = 50"
50,1.23909972331274,"n = 50"
50,-0.0338169917308043,"n = 50"
50,-1.24030691293136,"n = 50"
50,1.91286474429239,"n = 50"
50,1.29544469122956,"n = 50"
50,0.0559137918254,"n = 50"
50,0.0468460573154553,"n = 50"
50,-2.1237428652145,"n = 50"
50,-0.597632887809594,"n = 50"
50,0.620831520159507,"n = 50"
50,0.246801175274553,"n = 50"
50,0.0466916860903685,"n = 50"
50,-0.211594448987292,"n = 50"
50,1.85418638366972,"n = 50"
50,0.965501440558785,"n = 50"
50,-0.849813448445234,"n = 50"
50,5.30826285639073,"n = 50"
50,-1.48385018155537,"n = 50"
50,0.810714544349418,"n = 50"
50,0.538324185767291,"n = 50"
50,-0.00502970987874403,"n = 50"
50,0.435379198608273,"n = 50"
50,1.84549336797993,"n = 50"
50,0.246154895483463,"n = 50"
50,-0.481719235059048,"n = 50"
50,-0.696221816150424,"n = 50"
50,0.119317840161909,"n = 50"
50,0.812797017063464,"n = 50"
50,1.45782584710422,"n = 50"
50,-1.73040349467322,"n = 50"
50,-0.125282337271307,"n = 50"
50,1.54296741936609,"n = 50"
50,0.588506620094138,"n = 50"
50,1.31204400653348,"n = 50"
50,0.835082519287548,"n = 50"
50,0.533957317435362,"n = 50"
50,0.867146459107394,"n = 50"
50,-0.140928976614482,"n = 50"
50,-1.04123944533068,"n = 50"
50,0.788448667980124,"n = 50"
50,-0.280376620250948,"n = 50"
50,-0.27506103614587,"n = 50"
50,0.796750070617409,"n = 50"
50,1.44095228518936,"n = 50"
50,-0.105110290084835,"n = 50"
50,-0.824967196760888,"n = 50"
50,0.616600750846866,"n = 50"
50,-1.06696113925118,"n = 50"
50,-1.09246359378346,"n = 50"
50,0.304393409162675,"n = 50"
50,-2.52611954975767,"n = 50"
50,-0.765263996869303,"n = 50"
50,-0.370966136392945,"n = 50"
50,-2.34372239913441,"n = 50"
50,-0.184701908154483,"n = 50"
50,1.53363157538214,"n = 50"
50,2.45038093753183,"n = 50"
50,-2.52704696625287,"n = 50"
50,0.0728894267372058,"n = 50"
50,-1.88859148492382,"n = 50"
50,0.569901544585789,"n = 50"
50,-1.60701018157216,"n = 50"
50,-0.237101579755745,"n = 50"
50,-1.13054316108235,"n = 50"
50,-0.440037273831746,"n = 50"
50,0.82914279353984,"n = 50"
50,-0.468379109135524,"n = 50"
50,0.376206310881544,"n = 50"
50,0.430457401137274,"n = 50"
50,-0.387457702030308,"n = 50"
50,2.02630908368319,"n = 50"
50,-0.708049502472691,"n = 50"
50,-0.106863493078262,"n = 50"
50,4.69700811930178,"n = 50"
50,-0.716528010713946,"n = 50"
50,-0.74627653248626,"n = 50"
50,0.267577646387028,"n = 50"
50,-1.17866639668222,"n = 50"
50,0.775254920732123,"n = 50"
50,-0.314242295301626,"n = 50"
50,-2.82948333815657,"n = 50"
50,-1.42731450121377,"n = 50"
50,-1.14505822327363,"n = 50"
50,-0.229261177689845,"n = 50"
50,1.00063723944445,"n = 50"
50,-0.9524803830112,"n = 50"
50,-0.785545217865175,"n = 50"
50,1.42139762186476,"n = 50"
50,0.71743141133684,"n = 50"
50,1.05050910114994,"n = 50"
50,0.425057112581947,"n = 50"
50,-1.1450071779306,"n = 50"
50,-0.399915136777683,"n = 50"
50,0.416820980555899,"n = 50"
50,-0.431936290348242,"n = 50"
50,1.00146720291558,"n = 50"
50,0.464779882569427,"n = 50"
50,1.26725104303892,"n = 50"
50,-2.2180462259386,"n = 50"
50,-0.432615003641729,"n = 50"
50,0.914978234678937,"n = 50"
50,1.21750199605853,"n = 50"
50,1.62016057493788,"n = 50"
50,-0.336696810100245,"n = 50"
50,-1.22912588814747,"n = 50"
50,0.67298554715744,"n = 50"
50,-0.592742829364657,"n = 50"
50,-0.586785060300603,"n = 50"
50,-0.273195753902231,"n = 50"
50,-1.25057988974549,"n = 50"
50,0.651977547545247,"n = 50"
50,-0.192544486125353,"n = 50"
50,-0.823209820217666,"n = 50"
50,1.13017297077218,"n = 50"
50,1.05402967468477,"n = 50"
50,1.51220493211514,"n = 50"
50,1.5235394452777,"n = 50"
50,-0.56025686800387,"n = 50"
50,-0.725587139725793,"n = 50"
50,-0.627715144064612,"n = 50"
50,-1.1044249585034,"n = 50"
50,-0.30152174507447,"n = 50"
50,1.20445967254697,"n = 50"
50,1.35840800753467,"n = 50"
50,1.22271365097989,"n = 50"
50,-1.49583489218072,"n = 50"
50,1.22494167660216,"n = 50"
50,0.362639044404908,"n = 50"
50,0.174244275175531,"n = 50"
50,2.95758301375685,"n = 50"
50,0.126248929361588,"n = 50"
50,0.123436716712447,"n = 50"
50,-0.917760969128509,"n = 50"
50,-1.48940106168727,"n = 50"
50,-1.70019466692861,"n = 50"
50,-0.715815941641104,"n = 50"
50,-0.961292212617321,"n = 50"
50,-0.931609794989372,"n = 50"
50,-0.684758889440093,"n = 50"
50,-0.841239133068609,"n = 50"
50,1.32506243963556,"n = 50"
50,2.45820918817825,"n = 50"
50,-0.586064025616673,"n = 50"
50,-0.890917088622421,"n = 50"
50,0.290579792310788,"n = 50"
50,-1.09495683983186,"n = 50"
50,-0.236217925012209,"n = 50"
50,0.878927432424374,"n = 50"
50,2.04428990055226,"n = 50"
50,-0.0902023370867686,"n = 50"
50,-0.51853058613799,"n = 50"
50,-0.650662142751888,"n = 50"
50,1.97413170632318,"n = 50"
50,-0.0477024170396239,"n = 50"
50,-1.77314542512721,"n = 50"
50,-0.412177356960874,"n = 50"
50,0.284640641148962,"n = 50"
50,0.57309229383926,"n = 50"
50,-0.496316037726669,"n = 50"
50,0.264201788040135,"n = 50"
50,0.720204904838144,"n = 50"
50,1.15404309834278,"n = 50"
50,-0.388566688640483,"n = 50"
50,-0.492484605654599,"n = 50"
50,-0.239517051262569,"n = 50"
50,-0.346088881087417,"n = 50"
50,0.156358468983966,"n = 50"
50,-0.373301754078572,"n = 50"
50,-0.305544751732111,"n = 50"
50,-2.16374420554481,"n = 50"
50,-0.0163066433187819,"n = 50"
50,-0.939907281079845,"n = 50"
50,0.217871615225854,"n = 50"
50,1.06817776700576,"n = 50"
50,-1.47117024051318,"n = 50"
50,-0.66386981529813,"n = 50"
50,-0.655630551383197,"n = 50"
50,0.447431850495042,"n = 50"
50,-0.804352811634387,"n = 50"
50,4.1692793938352,"n = 50"
50,-0.400524377830279,"n = 50"
50,2.48593974772481,"n = 50"
50,-0.562005654708392,"n = 50"
50,1.76479221745259,"n = 50"
50,1.28670861210249,"n = 50"
50,-0.276850660202642,"n = 50"
50,1.47078474254473,"n = 50"
50,0.79833651400312,"n = 50"
50,1.22596232803111,"n = 50"
50,0.904967533070757,"n = 50"
50,-0.759755449629762,"n = 50"
50,0.510688219043062,"n = 50"
50,-0.387930523206501,"n = 50"
50,-0.847810627577736,"n = 50"
50,2.51354055497937,"n = 50"
50,-0.453377705353149,"n = 50"
50,-2.16370313601358,"n = 50"
50,0.433958821084736,"n = 50"
50,1.21003293567575,"n = 50"
50,0.395196792446667,"n = 50"
50,-0.158511327224048,"n = 50"
50,0.166979237783247,"n = 50"
50,0.00775203477820411,"n = 50"
50,1.39061526852841,"n = 50"
50,2.27121737741086,"n = 50"
50,-0.251634920131817,"n = 50"
50,-2.57161917725512,"n = 50"
50,2.11277723703235,"n = 50"
50,0.184836012313867,"n = 50"
50,0.981330138586062,"n = 50"
50,-0.611346276830668,"n = 50"
50,-0.672448284738773,"n = 50"
50,-0.117732702362221,"n = 50"
50,0.306855970883292,"n = 50"
50,-0.9550662408901,"n = 50"
50,-0.141153995080313,"n = 50"
50,0.798273348562224,"n = 50"
50,-0.485002166349093,"n = 50"
50,0.0941491692717479,"n = 50"
50,1.20832244145249,"n = 50"
50,0.574196516480964,"n = 50"
50,-0.86558670476626,"n = 50"
50,0.346089148678236,"n = 50"
50,0.993501504448618,"n = 50"
50,-0.998110455108198,"n = 50"
50,0.210313920864653,"n = 50"
50,-0.870082568812256,"n = 50"
50,1.40488943161336,"n = 50"
50,1.12679476038717,"n = 50"
50,0.799486261140701,"n = 50"
50,1.64115735295352,"n = 50"
50,1.10578684586158,"n = 50"
50,1.35183052793496,"n = 50"
50,-0.941066913361244,"n = 50"
50,0.434037533791631,"n = 50"
50,1.75974172636016,"n = 50"
50,-1.28229260440015,"n = 50"
50,-0.254292407732858,"n = 50"
50,-0.215722131563411,"n = 50"
50,-0.351562580897043,"n = 50"
50,0.0148342463431896,"n = 50"
50,-0.00505048623082568,"n = 50"
50,-0.400351572349445,"n = 50"
50,-0.163705505215965,"n = 50"
50,-1.1278844105095,"n = 50"
50,-0.455939415211798,"n = 50"
50,0.85082404366249,"n = 50"
50,-0.97110436163562,"n = 50"
50,0.459189624757106,"n = 50"
50,1.2585830918472,"n = 50"
50,-0.513623616847307,"n = 50"
50,-1.6420532079459,"n = 50"
50,-0.75983335765497,"n = 50"
50,-1.37966925942231,"n = 50"
50,0.0755413254208281,"n = 50"
50,1.64676388502033,"n = 50"
50,0.0200454283293963,"n = 50"
50,-1.07672181388314,"n = 50"
50,0.0820914788724172,"n = 50"
50,0.43291304870258,"n = 50"
50,-1.09481652691187,"n = 50"
50,0.313445991101353,"n = 50"
50,-0.129709673756451,"n = 50"
50,1.48434825396202,"n = 50"
50,-0.0992394614584742,"n = 50"
50,-0.763686233637167,"n = 50"
50,-0.0395603760271103,"n = 50"
50,1.01227420053005,"n = 50"
50,-1.93697004064402,"n = 50"
50,-0.7841169340902,"n = 50"
50,-0.628123328447181,"n = 50"
50,1.65037961846752,"n = 50"
50,0.677515434642322,"n = 50"
50,1.33299357456335,"n = 50"
50,-0.106804339826541,"n = 50"
50,-1.41892343995772,"n = 50"
50,-0.366685650619142,"n = 50"
50,-1.47879204543695,"n = 50"
50,-1.100681398241,"n = 50"
50,-0.168268006778635,"n = 50"
50,0.251798731556882,"n = 50"
50,1.1903087829499,"n = 50"
50,-0.815651291698712,"n = 50"
50,0.533213146352663,"n = 50"
50,-1.22476384898023,"n = 50"
50,-0.426432345602535,"n = 50"
50,0.173103586814333,"n = 50"
50,0.31963991355445,"n = 50"
50,-0.409445517651741,"n = 50"
50,-0.366568890498131,"n = 50"
50,-0.438585647571494,"n = 50"
50,1.06068316563635,"n = 50"
50,0.0810808001540511,"n = 50"
50,-0.399292160476014,"n = 50"
50,0.142659024458524,"n = 50"
50,-0.747316775225776,"n = 50"
50,-2.77703928107454,"n = 50"
50,0.516001848920109,"n = 50"
50,0.639331048385541,"n = 50"
50,1.12133958552418,"n = 50"
50,1.21342734889747,"n = 50"
50,-1.60672133908549,"n = 50"
50,2.50844012639054,"n = 50"
50,0.209209417910234,"n = 50"
50,0.682677316824748,"n = 50"
50,-1.42468401531196,"n = 50"
50,-0.742413938801993,"n = 50"
50,-0.845683594850539,"n = 50"
50,-1.27590758593219,"n = 50"
50,1.8532020353918,"n = 50"
50,-1.16221863349118,"n = 50"
50,0.576113380868883,"n = 50"
50,2.6676250409137,"n = 50"
50,-0.692135879898493,"n = 50"
50,0.787428698756151,"n = 50"
50,1.06265076610326,"n = 50"
50,-0.172035023763591,"n = 50"
50,0.523862651152782,"n = 50"
50,-1.66625465543588,"n = 50"
50,0.00733070279924641,"n = 50"
50,0.868643996196399,"n = 50"
50,0.615112974107485,"n = 50"
50,-0.316185862028616,"n = 50"
50,-0.406523638536534,"n = 50"
50,-1.83193701897405,"n = 50"
50,-1.72637671103947,"n = 50"
50,-1.38038801352028,"n = 50"
50,0.538643105483345,"n = 50"
50,0.325569869539221,"n = 50"
50,-0.359468648594459,"n = 50"
50,-1.6409673107031,"n = 50"
50,1.42889638321207,"n = 50"
50,-0.599665057375417,"n = 50"
50,1.11299215954621,"n = 50"
50,-0.910250556102178,"n = 50"
50,-0.4833212512701,"n = 50"
50,-0.766611340558806,"n = 50"
50,0.372492504938805,"n = 50"
50,0.338519336820202,"n = 50"
50,0.480101655526116,"n = 50"
50,0.751628327902145,"n = 50"
50,1.31151624080745,"n = 50"
50,2.13625742227341,"n = 50"
50,0.404260003131715,"n = 50"
50,0.831201988286245,"n = 50"
50,1.05874471140802,"n = 50"
50,-0.170888191673034,"n = 50"
50,0.424358045754936,"n = 50"
50,0.288581528132346,"n = 50"
50,0.222444769265337,"n = 50"
50,1.09969660744885,"n = 50"
50,0.589016823157317,"n = 50"
50,1.2029642033833,"n = 50"
50,-0.430066753620464,"n = 50"
50,0.823588168374978,"n = 50"
50,-1.58971132497523,"n = 50"
50,1.5734844168604,"n = 50"
50,0.231234688436004,"n = 50"
50,-0.222323629753858,"n = 50"
50,1.15049909353579,"n = 50"
50,0.0924951196341234,"n = 50"
50,2.29728630042633,"n = 50"
50,-1.79616183723313,"n = 50"
50,1.45932472625588,"n = 50"
50,0.26878196461831,"n = 50"
50,0.0162387907081148,"n = 50"
50,0.566648378347113,"n = 50"
50,1.06639090796197,"n = 50"
50,-0.317784976083086,"n = 50"
50,3.41692924874604,"n = 50"
50,-1.29334683505003,"n = 50"
50,-0.707752451060157,"n = 50"
50,0.704097029426764,"n = 50"
50,0.47724732959445,"n = 50"
50,-0.827295977057415,"n = 50"
50,0.719072599911714,"n = 50"
50,-0.611529900575218,"n = 50"
50,-1.55677077267005,"n = 50"
50,0.0297954160606061,"n = 50"
50,-1.60721225126215,"n = 50"
50,-0.607995941699174,"n = 50"
50,0.405704145491103,"n = 50"
50,1.53247538267646,"n = 50"
50,0.517908649510407,"n = 50"
50,-0.992243048481148,"n = 50"
50,1.03857326062494,"n = 50"
50,-0.620126091968812,"n = 50"
50,-0.0676221555848409,"n = 50"
50,-2.44842326529969,"n = 50"
50,-0.35901976526435,"n = 50"
50,2.16959664894373,"n = 50"
50,-1.00682168430439,"n = 50"
50,-0.364044408218665,"n = 50"
50,1.97684532880395,"n = 50"
50,-1.6072138007285,"n = 50"
50,0.100091438257524,"n = 50"
50,-0.550594474784474,"n = 50"
50,0.120342281350311,"n = 50"
50,-0.859413498315311,"n = 50"
50,1.29765286846355,"n = 50"
50,-0.523300080705823,"n = 50"
50,-0.0377161489846906,"n = 50"
50,-1.8771118719324,"n = 50"
50,-0.483104464076097,"n = 50"
50,-0.699066116923082,"n = 50"
50,-1.3173502835442,"n = 50"
50,0.0335311471331375,"n = 50"
50,-1.74737397726512,"n = 50"
50,-0.376417090686979,"n = 50"
50,-0.967831783227863,"n = 50"
50,1.4697479413901,"n = 50"
50,-0.139725808545928,"n = 50"
50,0.0597746772813225,"n = 50"
50,-2.18947142319944,"n = 50"
50,0.53035251345335,"n = 50"
50,-1.44021946200379,"n = 50"
50,1.06611923237381,"n = 50"
50,0.736562206476843,"n = 50"
50,0.223446439330521,"n = 50"
50,-1.11620043892737,"n = 50"
50,0.0388975950520947,"n = 50"
50,0.16558119754226,"n = 50"
50,-0.168475096842374,"n = 50"
50,-0.681510043266536,"n = 50"
50,-1.64797028986082,"n = 50"
50,-0.442163913405515,"n = 50"
50,0.239662270761933,"n = 50"
50,-0.0579992736460328,"n = 50"
50,-0.172927004390163,"n = 50"
50,1.34880628060507,"n = 50"
50,1.87005910286225,"n = 50"
50,-0.511308138558639,"n = 50"
50,-0.187126485193612,"n = 50"
50,1.25134547960272,"n = 50"
50,0.0563415683552361,"n = 50"
50,-0.301845028042704,"n = 50"
50,-0.817931593595515,"n = 50"
50,0.247412418271216,"n = 50"
50,-0.607403351552485,"n = 50"
50,-0.317346002360722,"n = 50"
50,0.431713352292363,"n = 50"
50,0.158491405237352,"n = 50"
50,1.22799314090224,"n = 50"
50,-0.894703257112751,"n = 50"
50,1.24316869607026,"n = 50"
50,-0.704782952478068,"n = 50"
50,-0.219819721249873,"n = 50"
50,-2.20803262490931,"n = 50"
50,0.810703109062605,"n = 50"
50,1.51745652592738,"n = 50"
50,-0.173542716511892,"n = 50"
50,-0.00841932275755274,"n = 50"
50,-2.34910259181852,"n = 50"
50,-0.577225458362239,"n = 50"
50,0.0197519640282397,"n = 50"
50,4.36630721171576,"n = 50"
50,-0.867899412931947,"n = 50"
50,-0.0969958394797207,"n = 50"
50,0.669000499754661,"n = 50"
50,-1.45968287674786,"n = 50"
50,-0.302408977544366,"n = 50"
50,0.762981925560999,"n = 50"
50,-1.43173460667157,"n = 50"
50,-0.405127001795712,"n = 50"
50,0.917591350011798,"n = 50"
50,-0.286467614623312,"n = 50"
50,1.19494762671578,"n = 50"
50,0.0290369336114034,"n = 50"
50,2.23925506403473,"n = 50"
50,-0.60928457484553,"n = 50"
50,2.75590445341058,"n = 50"
50,-0.914157295182322,"n = 50"
50,0.0121500244930075,"n = 50"
50,-1.2333285557697,"n = 50"
50,0.246611565309933,"n = 50"
50,-3.77573139742302,"n = 50"
50,1.77553953318511,"n = 50"
50,0.755065896952093,"n = 50"
50,-0.139465904711138,"n = 50"
50,-0.177964276039668,"n = 50"
50,-0.63492919294064,"n = 50"
50,-0.781835090619287,"n = 50"
50,0.48072476399387,"n = 50"
50,-1.29154603804095,"n = 50"
50,1.64829544390402,"n = 50"
50,-0.755961552542698,"n = 50"
50,2.90710784597169,"n = 50"
50,-0.029186764529826,"n = 50"
50,-1.34511551287933,"n = 50"
50,-0.203583141137378,"n = 50"
50,-0.68352067120087,"n = 50"
50,-0.182749468800373,"n = 50"
50,0.166461382264283,"n = 50"
50,-0.930908558518611,"n = 50"
50,0.84852460249383,"n = 50"
50,0.477562155208387,"n = 50"
50,0.271479320166066,"n = 50"
50,-1.73172625572769,"n = 50"
50,0.0971726218982068,"n = 50"
50,-0.663106135236719,"n = 50"
50,-0.53495235831182,"n = 50"
50,-0.899245242222884,"n = 50"
50,3.45213275159053,"n = 50"
50,3.62317645708297,"n = 50"
50,-0.715738363785479,"n = 50"
50,1.07972597859378,"n = 50"
50,0.637527638886986,"n = 50"
50,-1.5706760153717,"n = 50"
50,1.00471391201626,"n = 50"
50,1.10408446420216,"n = 50"
50,-0.666933963513192,"n = 50"
50,-1.60629078824426,"n = 50"
50,-0.440665930767923,"n = 50"
50,0.938927288452269,"n = 50"
50,-0.0661082156314087,"n = 50"
50,-0.376422789758154,"n = 50"
50,-0.646790406377793,"n = 50"
50,-0.987508658615319,"n = 50"
50,1.80028731116223,"n = 50"
50,0.570554601877578,"n = 50"
50,-0.177216999722825,"n = 50"
50,0.979433823727156,"n = 50"
50,-1.12664320851599,"n = 50"
50,0.461744030644451,"n = 50"
50,0.796465672009708,"n = 50"
50,-0.370389601920901,"n = 50"
50,0.511094233838611,"n = 50"
50,-1.57970350736194,"n = 50"
50,-0.53497092959835,"n = 50"
50,2.04378148450803,"n = 50"
50,-0.507147457452212,"n = 50"
50,-0.213333802566829,"n = 50"
50,0.384509039577787,"n = 50"
50,1.21900845894766,"n = 50"
50,-0.434437698241685,"n = 50"
50,-0.190841271160819,"n = 50"
50,-0.047552417718529,"n = 50"
50,1.05811502007188,"n = 50"
50,0.248919191523311,"n = 50"
50,1.04469322233101,"n = 50"
50,-2.19084330930937,"n = 50"
50,0.946308395804343,"n = 50"
50,0.32743292811649,"n = 50"
50,-0.921616164496181,"n = 50"
50,-0.465069368564231,"n = 50"
50,0.250029991660788,"n = 50"
50,-0.500133559817974,"n = 50"
50,1.76035412194973,"n = 50"
50,-0.0770933227418137,"n = 50"
50,-1.75798816506886,"n = 50"
50,-1.0572774702097,"n = 50"
50,-1.97845643587275,"n = 50"
50,-0.0748602301626482,"n = 50"
50,0.740026951403559,"n = 50"
50,-0.599341314678599,"n = 50"
50,1.18842977646302,"n = 50"
50,-0.824325760646307,"n = 50"
50,-0.382493542211083,"n = 50"
50,0.503299377967901,"n = 50"
50,-0.128858426580065,"n = 50"
50,-0.399056587472781,"n = 50"
50,0.147896724059837,"n = 50"
50,-0.608507875513641,"n = 50"
50,-0.937403151077407,"n = 50"
50,1.34600706059752,"n = 50"
50,0.932207207404643,"n = 50"
50,0.806516706644139,"n = 50"
50,-0.764678327403265,"n = 50"
50,0.112072889595508,"n = 50"
50,-0.358884456509317,"n = 50"
50,0.926031118662821,"n = 50"
50,-1.27871039325234,"n = 50"
50,-0.957063008415401,"n = 50"
50,2.07193616361665,"n = 50"
50,-0.087989468819514,"n = 50"
50,-0.13056363121503,"n = 50"
50,0.798450420751877,"n = 50"
50,-0.235250132571401,"n = 50"
50,1.3455582330689,"n = 50"
50,-1.62388550902315,"n = 50"
50,-1.41323647255232,"n = 50"
50,-0.713753209681946,"n = 50"
50,1.11211779385902,"n = 50"
50,-0.645712565548778,"n = 50"
50,-0.302393960120085,"n = 50"
50,0.89913186325409,"n = 50"
50,1.01290442009535,"n = 50"
50,0.676328380920765,"n = 50"
50,-0.965849260686002,"n = 50"
50,-0.895909436004315,"n = 50"
50,1.38519972249372,"n = 50"
50,-0.9761817788834,"n = 50"
50,0.994297803315202,"n = 50"
50,-0.910586165983493,"n = 50"
50,-0.104563758684982,"n = 50"
50,0.000876552208212804,"n = 50"
50,0.40039694085054,"n = 50"
50,-1.21355930172153,"n = 50"
50,-0.0115356911541924,"n = 50"
50,1.62187584731226,"n = 50"
50,0.0396062884290725,"n = 50"
50,0.880350534495869,"n = 50"
50,-0.241011468111362,"n = 50"
50,-0.293803094204482,"n = 50"
50,-0.389860508295429,"n = 50"
50,0.779967553971365,"n = 50"
50,0.156565034238647,"n = 50"
50,1.15449424741745,"n = 50"
50,-0.841995315727594,"n = 50"
50,0.958574517190206,"n = 50"
50,-1.14926673903772,"n = 50"
50,0.51393649419027,"n = 50"
50,-0.486169028475081,"n = 50"
50,-0.186397912137639,"n = 50"
50,-0.371984787176949,"n = 50"
50,-0.515579422168936,"n = 50"
50,0.86473448211892,"n = 50"
50,-0.0418518831626951,"n = 50"
50,-0.46050311520851,"n = 50"
50,-0.0864781427531953,"n = 50"
50,0.0605274893390401,"n = 50"
50,0.586041127664139,"n = 50"
50,0.547940789275559,"n = 50"
50,1.25248829631376,"n = 50"
50,0.364583237526978,"n = 50"
50,-0.949212183596086,"n = 50"
50,1.01444215117907,"n = 50"
50,0.287052658261664,"n = 50"
50,-1.63908282261483,"n = 50"
50,-0.581674951891832,"n = 50"
50,-1.64150941955362,"n = 50"
50,-0.76106613067196,"n = 50"
50,0.807589330889687,"n = 50"
50,0.0033685527489657,"n = 50"
50,1.43855582388888,"n = 50"
50,-1.29686466525179,"n = 50"
50,-0.757422343274175,"n = 50"
50,0.533408474036279,"n = 50"
50,0.222614266182994,"n = 50"
50,0.014928064350862,"n = 50"
50,-1.65218750009253,"n = 50"
50,-0.978036821971195,"n = 50"
50,-1.02466942180824,"n = 50"
50,0.273128379612051,"n = 50"
50,-0.261863883490182,"n = 50"
50,0.453171811740163,"n = 50"
50,0.474099731970715,"n = 50"
50,-0.551009214181499,"n = 50"
50,1.06284515982138,"n = 50"
50,1.02144040848149,"n = 50"
50,1.28302742853438,"n = 50"
50,-1.64118256874136,"n = 50"
50,0.0007365149050978,"n = 50"
50,2.92651670412923,"n = 50"
50,1.29322357446923,"n = 50"
50,-0.228010571931421,"n = 50"
50,-0.845624184427187,"n = 50"
50,-0.017980117968459,"n = 50"
50,-0.323747040926818,"n = 50"
50,0.352176938937929,"n = 50"
50,0.537097564264133,"n = 50"
50,0.783028664843527,"n = 50"
50,-0.900927634834257,"n = 50"
50,-0.777450485925948,"n = 50"
50,-0.317324985145201,"n = 50"
50,-0.881135847115964,"n = 50"
50,-0.299595768604641,"n = 50"
50,0.049418456609606,"n = 50"
50,-0.00103522378171685,"n = 50"
50,2.05156273466489,"n = 50"
50,0.826398794460929,"n = 50"
50,1.34011496015974,"n = 50"
50,0.330501814896435,"n = 50"
50,0.367542478617255,"n = 50"
50,-0.416008805933465,"n = 50"
50,0.479995886782295,"n = 50"
50,1.75959466002503,"n = 50"
50,1.0387349385635,"n = 50"
50,-0.270360674269415,"n = 50"
50,-1.66927665331615,"n = 50"
50,-0.868255480861281,"n = 50"
50,-1.18755672600567,"n = 50"
50,-1.13696920852868,"n = 50"
50,-0.246270613876453,"n = 50"
50,0.300120622535662,"n = 50"
50,3.51171146738731,"n = 50"
50,1.53396689889608,"n = 50"
50,1.57218586141025,"n = 50"
50,0.0033691634034552,"n = 50"
50,0.21982347829402,"n = 50"
50,0.391279518390112,"n = 50"
50,0.184288427616627,"n = 50"
50,0.457243233211081,"n = 50"
50,0.510137284146086,"n = 50"
50,-1.7647082737773,"n = 50"
50,0.498430377706493,"n = 50"
50,2.26810187025074,"n = 50"
50,-1.06194333334931,"n = 50"
50,0.342477098703852,"n = 50"
50,1.11216982861485,"n = 50"
50,-0.336454404989066,"n = 50"
50,-0.274675467569466,"n = 50"
50,-0.970809138577241,"n = 50"
50,-1.07662264143334,"n = 50"
50,-1.09765618788687,"n = 50"
50,2.77068676768062,"n = 50"
50,-0.329237520027491,"n = 50"
50,-1.08503223691202,"n = 50"
50,2.29413486139942,"n = 50"
50,0.841938696719372,"n = 50"
50,1.04785203327844,"n = 50"
50,0.0853028815755257,"n = 50"
50,-0.295410721803908,"n = 50"
50,-0.35193708355695,"n = 50"
50,-1.66373928249316,"n = 50"
50,0.979283990309514,"n = 50"
50,0.101822409004349,"n = 50"
50,-1.34011728341628,"n = 50"
50,-0.114111884459486,"n = 50"
50,1.0973854559332,"n = 50"
50,-0.944223261039975,"n = 50"
50,0.417175447662257,"n = 50"
50,1.30606014987474,"n = 50"
50,-2.14081684421796,"n = 50"
50,0.0737719488673171,"n = 50"
50,-0.0530270202904615,"n = 50"
50,0.649824393211446,"n = 50"
50,0.498876806828171,"n = 50"
50,0.0701110279799284,"n = 50"
50,0.801329425986965,"n = 50"
50,-0.320703624237916,"n = 50"
50,-0.973830279252218,"n = 50"
50,-1.06902669451297,"n = 50"
50,0.614409219860896,"n = 50"
50,0.637841790075833,"n = 50"
50,-0.00853051487055698,"n = 50"
50,-1.01531885737658,"n = 50"
50,2.20176198462914,"n = 50"
50,-0.750063181183796,"n = 50"
50,-0.699670178246492,"n = 50"
50,-1.19599150379099,"n = 50"
50,-0.154180485710577,"n = 50"
50,-1.87530061904124,"n = 50"
50,0.0441663893143909,"n = 50"
50,0.796937785883271,"n = 50"
50,0.248691026373586,"n = 50"
50,-0.248068990145173,"n = 50"
50,1.27584472229749,"n = 50"
50,0.672755589534177,"n = 50"
50,0.663764318031233,"n = 50"
50,2.32968676089749,"n = 50"
50,-1.6077088046023,"n = 50"
50,-0.546758570852812,"n = 50"
50,-0.623098497774132,"n = 50"
50,-0.148475867095862,"n = 50"
50,-0.500051794620608,"n = 50"
50,0.0424638836219998,"n = 50"
50,2.23712377335695,"n = 50"
50,-1.4391378691197,"n = 50"
50,0.653303151548835,"n = 50"
50,-0.971396539126673,"n = 50"
50,-0.561339222474029,"n = 50"
50,-1.05181516189461,"n = 50"
50,0.779346767133992,"n = 50"
50,1.76263139194431,"n = 50"
50,0.718773488206646,"n = 50"
50,0.919267987153483,"n = 50"
50,1.89766134521559,"n = 50"
50,-0.697845081461429,"n = 50"
50,-0.152304714722326,"n = 50"
50,0.874187770035418,"n = 50"
50,-0.739310905763048,"n = 50"
50,-1.08548375958935,"n = 50"
50,-0.860785240238107,"n = 50"
50,-1.44811438055646,"n = 50"
50,2.46309006102732,"n = 50"
50,-1.38670371937543,"n = 50"
50,-0.323826388515287,"n = 50"
50,2.00252074810276,"n = 50"
50,-1.53408593856744,"n = 50"
50,0.0350503534289396,"n = 50"
50,2.86142916789502,"n = 50"
50,0.339387123057944,"n = 50"
50,-0.414346929861952,"n = 50"
50,1.53495934588851,"n = 50"
50,-1.40499365738058,"n = 50"
50,-1.30722129647954,"n = 50"
50,0.490819158727132,"n = 50"
50,0.917741264253193,"n = 50"
50,-0.308008213834438,"n = 50"
50,-1.29048177055785,"n = 50"
50,0.631019650764234,"n = 50"
50,-0.272845875727665,"n = 50"
50,0.0724915961748174,"n = 50"
50,0.509010150169225,"n = 50"
50,0.824157147210868,"n = 50"
50,-0.621257170404208,"n = 50"
50,1.97365360748965,"n = 50"
50,0.794295303717594,"n = 50"
50,0.146945595577287,"n = 50"
50,-0.707170998106169,"n = 50"
50,1.07043367012826,"n = 50"
50,-0.133473944052155,"n = 50"
50,0.257639108126729,"n = 50"
50,0.762017915780855,"n = 50"
50,-1.55469874054987,"n = 50"
50,-0.165754995883736,"n = 50"
50,1.46017712804989,"n = 50"
50,-0.102850569559439,"n = 50"
50,2.31680708210521,"n = 50"
50,0.968259948150149,"n = 50"
50,2.55709824440868,"n = 50"
50,1.52005633747601,"n = 50"
50,-0.388093530171933,"n = 50"
50,2.74498229761822,"n = 50"
50,-2.05815342290182,"n = 50"
50,2.86259119680205,"n = 50"
50,-0.723605791986308,"n = 50"
50,0.707426561926037,"n = 50"
50,-0.342515234592348,"n = 50"
50,-0.214415782267803,"n = 50"
50,0.448080129293778,"n = 50"
50,0.72241742296147,"n = 50"
50,0.472668843382812,"n = 50"
50,0.373829866666621,"n = 50"
50,1.11418730489968,"n = 50"
50,2.46496632642351,"n = 50"
50,0.493961723394876,"n = 50"
50,2.36051754224194,"n = 50"
50,0.685315100841897,"n = 50"
50,-0.167278983182511,"n = 50"
50,0.47892001104721,"n = 50"
50,1.89826824746785,"n = 50"
50,1.09208853140756,"n = 50"
50,-1.53593345899525,"n = 50"
50,-0.0653604446851545,"n = 50"
50,-0.875152702826251,"n = 50"
50,-1.16465038375534,"n = 50"
50,2.0047152279808,"n = 50"
50,1.72942679114584,"n = 50"
50,-0.358480936402945,"n = 50"
50,0.699253150180336,"n = 50"
50,0.804497695100821,"n = 50"
50,2.43944147837782,"n = 50"
50,-0.125871349033209,"n = 50"
50,0.0589047203960861,"n = 50"
50,-0.693228892961984,"n = 50"
50,0.160421412875956,"n = 50"
50,1.31785491771205,"n = 50"
50,1.40405216994691,"n = 50"
50,1.31075186932266,"n = 50"
50,1.51610646958678,"n = 50"
50,-0.884167446378654,"n = 50"
50,0.26701193805994,"n = 50"
50,0.0301938542886881,"n = 50"
50,-0.59192271937032,"n = 50"
50,0.168831855148513,"n = 50"
50,0.131676394351254,"n = 50"
50,0.52869350663141,"n = 50"
50,-0.959743821737809,"n = 50"
50,0.0389058274347958,"n = 50"
50,0.89231303227541,"n = 50"
50,1.17808596844015,"n = 50"
50,-1.22195789348247,"n = 50"
50,-1.42192025699825,"n = 50"
50,-0.105999599373156,"n = 50"
50,-1.61303948109888,"n = 50"
50,1.13172741104853,"n = 50"
50,0.742807782153722,"n = 50"
50,-0.0873646628997779,"n = 50"
50,-1.47328396060806,"n = 50"
50,-0.133384253400812,"n = 50"
50,-0.234091425196517,"n = 50"
50,-0.779137244366258,"n = 50"
50,-0.74546189717275,"n = 50"
50,-0.798496116145079,"n = 50"
50,-0.350935325384625,"n = 50"
50,-0.573935023054409,"n = 50"
50,1.73143564754168,"n = 50"
50,1.47622622437146,"n = 50"
50,0.319278317894884,"n = 50"
50,1.79369666680082,"n = 50"
50,0.153425550821646,"n = 50"
50,-0.0920173813920289,"n = 50"
50,0.839781938264304,"n = 50"
50,-1.07535111337499,"n = 50"
50,-1.48413874942491,"n = 50"
50,0.134505735636281,"n = 50"
50,-1.30880246052834,"n = 50"
50,-0.702353852903108,"n = 50"
50,0.300234673316272,"n = 50"
50,0.571237344916733,"n = 50"
50,-0.778034112964609,"n = 50"
50,0.194882037315815,"n = 50"
50,-0.625244732222778,"n = 50"
50,-0.818357368025994,"n = 50"
50,0.797629995208106,"n = 50"
50,-1.12138229802613,"n = 50"
50,-0.439456448653503,"n = 50"
50,0.587697924727482,"n = 50"
50,1.73965399847948,"n = 50"
50,0.554683785102476,"n = 50"
50,2.13110962535935,"n = 50"
50,-0.512542194768806,"n = 50"
50,1.12450995962167,"n = 50"
50,-1.86073610018229,"n = 50"
50,0.910225623238682,"n = 50"
50,-0.423577854546096,"n = 50"
50,-0.882559998450212,"n = 50"
50,0.272109445449069,"n = 50"
50,-0.287694312627246,"n = 50"
50,-0.573909533778231,"n = 50"
50,0.509181249878694,"n = 50"
50,-0.242404305308838,"n = 50"
50,0.318121638521512,"n = 50"
50,-0.874726816107587,"n = 50"
50,-1.55009201193875,"n = 50"
50,-0.0283068724364901,"n = 50"
50,0.715558201340297,"n = 50"
50,0.57064454747766,"n = 50"
50,-0.624275529524074,"n = 50"
50,0.867046460385023,"n = 50"
50,-1.54705346766171,"n = 50"
50,-0.665675001271197,"n = 50"
50,0.393785380139406,"n = 50"
50,-0.833169468735564,"n = 50"
50,-0.315859615012005,"n = 50"
50,0.217097212544581,"n = 50"
50,0.250172923788833,"n = 50"
50,1.14613916499014,"n = 50"
50,1.90568310321385,"n = 50"
50,0.0249173273369888,"n = 50"
50,0.398244612972928,"n = 50"
50,0.241193473346362,"n = 50"
50,-0.531061031685057,"n = 50"
50,1.26072068171017,"n = 50"
50,0.508823619834897,"n = 50"
50,0.767008756049797,"n = 50"
50,-0.00722943842091528,"n = 50"
50,-1.11690169144005,"n = 50"
50,-2.5317373026603,"n = 50"
50,2.90170438560986,"n = 50"
50,-1.25678715202692,"n = 50"
50,0.0146084941723883,"n = 50"
50,-0.284003817312998,"n = 50"
50,0.955830532761823,"n = 50"
50,-0.161838554941737,"n = 50"
50,3.62026333309989,"n = 50"
50,-1.73788320863475,"n = 50"
50,1.0415397674292,"n = 50"
50,1.99472007657132,"n = 50"
50,2.83019945025431,"n = 50"
50,1.1292776139246,"n = 50"
50,1.11459738011215,"n = 50"
50,2.15573837512623,"n = 50"
50,-0.193173801799698,"n = 50"
50,-0.394089506579745,"n = 50"
50,-0.535658045958476,"n = 50"
50,2.93968485405447,"n = 50"
50,-1.13900816915536,"n = 50"
50,-1.70029721738687,"n = 50"
50,0.822753588273106,"n = 50"
50,-0.612659064675585,"n = 50"
50,-1.00298515225877,"n = 50"
50,-0.967550870668471,"n = 50"
50,-1.54791329699024,"n = 50"
50,-0.537331406660976,"n = 50"
50,2.60303809571592,"n = 50"
50,-1.54829020542293,"n = 50"
50,-1.3237073697781,"n = 50"
50,0.821076177368591,"n = 50"
50,1.50063614574574,"n = 50"
50,-0.828148948069185,"n = 50"
50,2.00473444029358,"n = 50"
50,0.170593282663476,"n = 50"
50,0.185976683872672,"n = 50"
50,-0.800728574660231,"n = 50"
50,1.44037285130594,"n = 50"
50,-2.09219384484263,"n = 50"
50,0.827985751677142,"n = 50"
50,0.997281553384218,"n = 50"
50,0.627136885242278,"n = 50"
50,2.11342421161762,"n = 50"
50,2.47717130331272,"n = 50"
50,-0.569533370421808,"n = 50"
50,0.0135713153328216,"n = 50"
50,0.27860083467671,"n = 50"
50,1.09361025355186,"n = 50"
50,1.56371763928457,"n = 50"
50,1.27218570443919,"n = 50"
50,1.08924165198367,"n = 50"
50,0.0540259357907421,"n = 50"
50,-0.819575905485569,"n = 50"
50,-0.367830697725677,"n = 50"
50,1.28808972571055,"n = 50"
50,-1.68012197485553,"n = 50"
50,-0.713364384962199,"n = 50"
50,0.583165246086324,"n = 50"
50,-1.10937818897879,"n = 50"
50,-0.463292488181909,"n = 50"
50,-0.839076325968042,"n = 50"
50,-0.394043337297084,"n = 50"
50,-0.198798768101119,"n = 50"
50,3.07326103778869,"n = 50"
50,1.09917835939262,"n = 50"
50,0.079798103732787,"n = 50"
50,-0.516132204126229,"n = 50"
50,-1.16349466662173,"n = 50"
50,0.499267659246409,"n = 50"
50,-0.725849541429462,"n = 50"
50,0.0988990825669563,"n = 50"
50,0.540501332474441,"n = 50"
50,0.0542889685566463,"n = 50"
50,-1.45788581924496,"n = 50"
50,0.506083593790054,"n = 50"
50,0.00709282872100583,"n = 50"
50,1.07563947685608,"n = 50"
50,2.65413047273981,"n = 50"
50,0.501492502550537,"n = 50"
50,-0.0334393588690692,"n = 50"
50,0.859629245321806,"n = 50"
50,-0.0300039794246768,"n = 50"
50,-0.252659615224463,"n = 50"
50,-0.327046216469994,"n = 50"
50,2.05182701244658,"n = 50"
50,0.129125879080967,"n = 50"
50,-1.10908046508403,"n = 50"
50,-0.446091606836439,"n = 50"
50,-0.319159245032044,"n = 50"
50,-1.98768472115374,"n = 50"
50,1.26540838437517,"n = 50"
50,1.77858144192952,"n = 50"
50,0.820583737469225,"n = 50"
50,1.13382884385306,"n = 50"
50,-0.708950475655086,"n = 50"
50,1.16381920134237,"n = 50"
50,-0.0972522534888867,"n = 50"
50,-0.410094659193195,"n = 50"
50,-0.439782750666228,"n = 50"
50,-0.935342383826913,"n = 50"
50,2.25485731563385,"n = 50"
50,-1.15718453695214,"n = 50"
50,-0.556015117604849,"n = 50"
50,-1.14393958392463,"n = 50"
50,0.343194201150287,"n = 50"
50,-0.124025031875856,"n = 50"
50,-0.770392956442992,"n = 50"
50,2.02495296419612,"n = 50"
50,1.26610683436039,"n = 50"
50,0.134963750491258,"n = 50"
50,-0.521874476074663,"n = 50"
50,-0.441349829511605,"n = 50"
50,3.29100038280469,"n = 50"
50,-1.07702235806224,"n = 50"
50,0.323843245330948,"n = 50"
50,0.913267054078657,"n = 50"
50,-1.7352911498972,"n = 50"
50,-0.767120000120886,"n = 50"
50,1.43041046777779,"n = 50"
50,0.772808529794246,"n = 50"
50,1.47953147554186,"n = 50"
50,0.250534021710625,"n = 50"
50,1.31344314876908,"n = 50"
50,-1.0782389987335,"n = 50"
50,1.09655836235947,"n = 50"
50,-1.41980891364253,"n = 50"
50,-1.62510558858053,"n = 50"
50,-0.987368083201326,"n = 50"
50,1.53581988894182,"n = 50"
50,1.42857448652968,"n = 50"
50,-0.938378851384808,"n = 50"
50,0.987147134842001,"n = 50"
50,0.238330318135819,"n = 50"
50,1.00775934456971,"n = 50"
50,0.313801323971267,"n = 50"
50,0.523131743247667,"n = 50"
50,-0.313215559952694,"n = 50"
50,-0.408698668151093,"n = 50"
50,-1.47254572623793,"n = 50"
50,-0.887681391302116,"n = 50"
50,2.10057458672918,"n = 50"
50,1.83622594968201,"n = 50"
50,-0.558918964602242,"n = 50"
50,-0.33510287560242,"n = 50"
50,1.50530304251528,"n = 50"
50,-0.602655514229277,"n = 50"
50,1.78335761785011,"n = 50"
50,0.568834663628498,"n = 50"
50,-0.780810818043033,"n = 50"
50,0.521388353076776,"n = 50"
50,1.13253763447099,"n = 50"
50,-1.77663138357842,"n = 50"
50,1.62976433387021,"n = 50"
50,-2.07352377292818,"n = 50"
50,-0.00442073702108436,"n = 50"
50,-1.19956120942176,"n = 50"
50,-0.391532344262395,"n = 50"
50,-0.501017954971134,"n = 50"
50,-0.846140265718667,"n = 50"
50,-1.44360305091941,"n = 50"
50,0.476464983388228,"n = 50"
50,0.24117871218917,"n = 50"
50,-1.84399119790134,"n = 50"
50,0.989050438696818,"n = 50"
50,-0.878697045271518,"n = 50"
50,0.295420618980726,"n = 50"
50,-0.178374869434054,"n = 50"
50,1.89873947471019,"n = 50"
50,0.855830403191263,"n = 50"
50,0.385101161861978,"n = 50"
50,0.279079582724291,"n = 50"
50,-3.01628892923511,"n = 50"
50,0.321813960071477,"n = 50"
50,2.87537896602898,"n = 50"
50,-2.34495676051264,"n = 50"
50,0.425776287946065,"n = 50"
50,0.858113229203238,"n = 50"
50,0.528313409011791,"n = 50"
50,1.03298713554141,"n = 50"
50,0.0685895637392843,"n = 50"
50,-0.261380841026257,"n = 50"
50,0.993767017381104,"n = 50"
50,0.679744652309435,"n = 50"
50,0.549254091185259,"n = 50"
50,0.484292268194472,"n = 50"
50,0.497977983786774,"n = 50"
50,-0.771640271835174,"n = 50"
50,0.631007381238897,"n = 50"
50,-0.907357402566567,"n = 50"
50,1.258064226255,"n = 50"
50,2.05322103182283,"n = 50"
50,0.946583606548923,"n = 50"
50,0.590840951473516,"n = 50"
50,-0.978631350767912,"n = 50"
50,-0.0201513066696936,"n = 50"
50,0.615209274180794,"n = 50"
50,1.16879538399621,"n = 50"
50,0.300755750604903,"n = 50"
50,-0.170559834354171,"n = 50"
50,-0.503003851889801,"n = 50"
50,3.70034204327062,"n = 50"
50,-0.900794889909809,"n = 50"
50,0.620982001404315,"n = 50"
50,-1.38163700843949,"n = 50"
50,1.6237502567423,"n = 50"
50,0.909808932251792,"n = 50"
50,-2.30799760633178,"n = 50"
50,-0.368354882358287,"n = 50"
50,1.04798193925234,"n = 50"
50,-1.69474187327249,"n = 50"
50,-0.636869429739603,"n = 50"
50,-0.0961014574652015,"n = 50"
50,3.5021926256683,"n = 50"
50,-0.853770055997282,"n = 50"
50,-0.00317117077453419,"n = 50"
50,0.256089875427045,"n = 50"
50,-1.52285254536242,"n = 50"
50,-0.574146979648235,"n = 50"
50,0.331777449408464,"n = 50"
50,1.30452470020845,"n = 50"
50,-1.45824541602144,"n = 50"
50,-2.36839385610166,"n = 50"
50,-0.00192206234352141,"n = 50"
50,-0.416684980948215,"n = 50"
50,-0.894167585179738,"n = 50"
50,0.554987352358738,"n = 50"
50,-0.634395655215071,"n = 50"
50,0.0677666947451786,"n = 50"
50,0.968286017250197,"n = 50"
50,1.41745387741539,"n = 50"
50,1.08721624539692,"n = 50"
50,1.90023098542213,"n = 50"
50,0.143799242796086,"n = 50"
50,-0.32509301637095,"n = 50"
50,0.646581022190526,"n = 50"
50,0.616715695858916,"n = 50"
50,-0.0796597779463294,"n = 50"
50,-0.938289478092301,"n = 50"
50,-0.642763893961491,"n = 50"
50,-0.65314530474446,"n = 50"
50,-0.955975058990668,"n = 50"
50,0.0281483201362689,"n = 50"
50,-0.0570693803196111,"n = 50"
50,0.945478392482478,"n = 50"
50,0.170294540559795,"n = 50"
50,-1.2176807553955,"n = 50"
50,-1.0599474443273,"n = 50"
50,0.145237881181831,"n = 50"
50,2.41985392637041,"n = 50"
50,-1.08605897160648,"n = 50"
50,-0.257201403771417,"n = 50"
50,0.123887435278425,"n = 50"
50,-0.930542930858749,"n = 50"
50,-0.589950667155563,"n = 50"
50,-1.8657295688005,"n = 50"
50,-0.593758406575237,"n = 50"
50,0.23804359819379,"n = 50"
50,0.794731656959231,"n = 50"
50,0.383171405816121,"n = 50"
50,0.35651858112026,"n = 50"
50,1.15510246852522,"n = 50"
50,-0.666971450604581,"n = 50"
50,1.21484805244354,"n = 50"
50,-1.10337012070921,"n = 50"
50,0.687222443830783,"n = 50"
50,0.842381314323612,"n = 50"
50,-2.0082138187573,"n = 50"
50,-0.88817883966214,"n = 50"
50,-0.892688631895981,"n = 50"
50,0.495685157842856,"n = 50"
50,0.854009540350334,"n = 50"
50,-0.395320218668451,"n = 50"
50,2.65898438784032,"n = 50"
50,0.231488492686616,"n = 50"
50,0.687622840764208,"n = 50"
50,0.0601141271236881,"n = 50"
50,-0.836258098669001,"n = 50"
50,-1.07826273035678,"n = 50"
50,1.22159593326466,"n = 50"
50,1.51948316107391,"n = 50"
50,1.25845363961795,"n = 50"
50,-0.256603240182146,"n = 50"
50,0.996000050943576,"n = 50"
50,-0.229918906488027,"n = 50"
50,0.185004559073202,"n = 50"
50,-0.472268917192403,"n = 50"
50,0.679688848285832,"n = 50"
50,1.12668485029875,"n = 50"
50,2.3175668975798,"n = 50"
50,-0.224165085779244,"n = 50"
50,-0.566303362446983,"n = 50"
50,-0.047838032203516,"n = 50"
50,-1.8214268400335,"n = 50"
50,-0.39034165979295,"n = 50"
50,-0.564025229017462,"n = 50"
50,-0.0519009559229782,"n = 50"
50,0.612278769165844,"n = 50"
50,2.59256390455896,"n = 50"
50,-3.23287553848402,"n = 50"
50,-0.686037426609653,"n = 50"
50,-0.0863611419321706,"n = 50"
50,-0.122683415858462,"n = 50"
50,0.613220529390371,"n = 50"
50,1.5652473460361,"n = 50"
50,-0.183925774613578,"n = 50"
50,-0.466774322052928,"n = 50"
50,-0.8027132868419,"n = 50"
50,1.19041005654373,"n = 50"
50,0.405038475333263,"n = 50"
50,0.040700054709814,"n = 50"
50,0.879939423557064,"n = 50"
50,-1.09427474405984,"n = 50"
50,-0.403020898951611,"n = 50"
50,1.65403447121635,"n = 50"
50,-0.447157649574788,"n = 50"
50,-0.661652688064298,"n = 50"
50,-1.69929632880566,"n = 50"
50,2.08778946984034,"n = 50"
50,-0.713862607955417,"n = 50"
50,0.620007611660063,"n = 50"
50,-0.0832708486794796,"n = 50"
50,1.07655011510309,"n = 50"
50,0.373351428042796,"n = 50"
50,1.10169239685213,"n = 50"
50,0.586523453752016,"n = 50"
50,-1.38255357670454,"n = 50"
50,-0.136726335953061,"n = 50"
50,0.101940240489536,"n = 50"
50,1.03528554507377,"n = 50"
50,2.51910990019486,"n = 50"
50,1.15008086727167,"n = 50"
50,-0.407143338722612,"n = 50"
50,-1.3606923661905,"n = 50"
50,-0.55464125093323,"n = 50"
50,-0.886044656001015,"n = 50"
50,0.486860165776376,"n = 50"
50,0.596512140870914,"n = 50"
50,0.225944682745912,"n = 50"
50,0.706541380076232,"n = 50"
50,-1.65611921076355,"n = 50"
50,0.572117359697843,"n = 50"
50,0.315647854920831,"n = 50"
50,0.835890130302892,"n = 50"
50,2.56118063714277,"n = 50"
50,-0.0883721296993286,"n = 50"
50,0.383652085084787,"n = 50"
50,0.151285071217632,"n = 50"
50,1.11201885554685,"n = 50"
50,-1.32169597372966,"n = 50"
50,-1.28993230436674,"n = 50"
50,-0.242039466050583,"n = 50"
50,0.567522301680785,"n = 50"
50,-0.526876478550304,"n = 50"
50,-0.740840450826845,"n = 50"
50,-0.459658756210735,"n = 50"
50,2.67014334915182,"n = 50"
50,-1.57432479172071,"n = 50"
50,0.105678115348603,"n = 50"
50,-0.121380055603513,"n = 50"
50,0.293583792032565,"n = 50"
50,0.0282904730261134,"n = 50"
50,1.54979524356281,"n = 50"
50,0.302075594297104,"n = 50"
50,-1.97998519821747,"n = 50"
50,1.79837172396082,"n = 50"
50,0.387519091636638,"n = 50"
50,1.90050202213948,"n = 50"
50,-0.364232547894212,"n = 50"
50,-0.271773939846861,"n = 50"
50,-0.720297416494315,"n = 50"
50,1.59047948864748,"n = 50"
50,0.564058070059539,"n = 50"
50,0.554231855648703,"n = 50"
50,0.0307622747734196,"n = 50"
50,-0.807068154987484,"n = 50"
50,-0.401462820031037,"n = 50"
50,0.94310086318024,"n = 50"
50,-0.676977857929561,"n = 50"
50,-1.21276124847903,"n = 50"
50,-0.353990177785124,"n = 50"
50,1.05669092523079,"n = 50"
50,1.39043071537255,"n = 50"
50,-1.35563300380035,"n = 50"
50,-0.00878799254700158,"n = 50"
50,-0.161864759173411,"n = 50"
50,-1.27621123247822,"n = 50"
50,-0.940303919169647,"n = 50"
50,0.0410630192480441,"n = 50"
50,-0.0637720161169476,"n = 50"
50,1.23343993344393,"n = 50"
50,0.436750982290519,"n = 50"
50,0.198935055309665,"n = 50"
50,-0.058270562672574,"n = 50"
50,2.64237315529898,"n = 50"
50,0.767704736257569,"n = 50"
50,-0.547744513800005,"n = 50"
50,-0.63495778041023,"n = 50"
50,-0.414558070798492,"n = 50"
50,1.11112425971471,"n = 50"
50,-1.13471370352811,"n = 50"
50,0.865413166387834,"n = 50"
50,-0.175388742684024,"n = 50"
50,1.62711458381775,"n = 50"
50,-1.16024696703122,"n = 50"
50,0.322248065586595,"n = 50"
50,-1.03740877532829,"n = 50"
50,-0.276765965218956,"n = 50"
50,0.269180767646417,"n = 50"
50,-0.609488599495055,"n = 50"
50,0.246312728204802,"n = 50"
50,-0.617701300816872,"n = 50"
50,1.16636766191567,"n = 50"
50,-0.393286715979454,"n = 50"
50,-2.87631695803024,"n = 50"
50,-1.76749848770549,"n = 50"
50,1.37761885898865,"n = 50"
50,-0.817299443498477,"n = 50"
50,-0.136875361440309,"n = 50"
50,1.3559112315344,"n = 50"
50,1.06287338768783,"n = 50"
50,-0.881140270399041,"n = 50"
50,-0.214776822427813,"n = 50"
50,-0.773306345430252,"n = 50"
50,0.375986283864691,"n = 50"
50,-0.0919037207889527,"n = 50"
50,-0.940926882781805,"n = 50"
50,-0.367104004731509,"n = 50"
50,-0.401424575914731,"n = 50"
50,0.65712089752241,"n = 50"
50,-0.417600578305343,"n = 50"
50,-1.5237562926101,"n = 50"
50,0.458208712465183,"n = 50"
50,2.32285761475613,"n = 50"
50,-0.682011007742352,"n = 50"
50,-0.00571543924170161,"n = 50"
50,0.48988211205186,"n = 50"
50,-0.379055311610031,"n = 50"
50,2.83814850343221,"n = 50"
50,-1.71102514959674,"n = 50"
50,-0.548947557708259,"n = 50"
50,0.169306668628303,"n = 50"
50,1.120748830146,"n = 50"
50,0.848438364001094,"n = 50"
50,0.788916453860202,"n = 50"
50,2.78797524101312,"n = 50"
50,-0.580994607863596,"n = 50"
50,0.0832705371634086,"n = 50"
50,1.0076537039712,"n = 50"
50,-0.0336114850340982,"n = 50"
50,0.212166448119818,"n = 50"
50,-1.3465817837722,"n = 50"
50,0.643675277893351,"n = 50"
50,-0.314655882569112,"n = 50"
50,1.64494129845697,"n = 50"
50,2.89043589443112,"n = 50"
50,0.0851676595526541,"n = 50"
50,-0.99034588060022,"n = 50"
50,1.97719642162708,"n = 50"
50,1.72638907562778,"n = 50"
50,0.871656403252061,"n = 50"
50,-0.603389241416428,"n = 50"
50,-2.00410248238127,"n = 50"
50,1.04370359059479,"n = 50"
50,-0.39786028988828,"n = 50"
50,1.11442895890043,"n = 50"
50,0.571889058472714,"n = 50"
50,1.07333166058768,"n = 50"
50,-2.39247562037344,"n = 50"
50,0.0636249009020649,"n = 50"
50,1.48957860221231,"n = 50"
50,2.70797926904016,"n = 50"
50,0.429332741038959,"n = 50"
50,0.13329415699933,"n = 50"
50,0.887861230183249,"n = 50"
50,-0.1754675148204,"n = 50"
50,-0.111154537288265,"n = 50"
50,0.813451156536955,"n = 50"
50,1.17842359635837,"n = 50"
50,1.72791258581157,"n = 50"
50,-0.639318648261899,"n = 50"
50,0.939706921847409,"n = 50"
50,1.09322298064541,"n = 50"
50,0.677225673619508,"n = 50"
50,-0.24150570717559,"n = 50"
50,-0.577280228197591,"n = 50"
50,0.915374416288813,"n = 50"
50,1.10520800822985,"n = 50"
50,-0.192897305934302,"n = 50"
50,1.21296106118203,"n = 50"
50,0.394695607131914,"n = 50"
50,-0.461779918379543,"n = 50"
50,-0.798805070735788,"n = 50"
50,0.349093670015114,"n = 50"
50,0.758074072267212,"n = 50"
50,0.596206620828434,"n = 50"
50,1.33214532107502,"n = 50"
50,1.59837788831544,"n = 50"
50,1.25179940692029,"n = 50"
50,0.239482264225474,"n = 50"
50,0.78356150948794,"n = 50"
50,-0.416511997051774,"n = 50"
50,2.11108424182208,"n = 50"
50,0.737332983042473,"n = 50"
50,0.907259356081674,"n = 50"
50,-0.788450417693983,"n = 50"
50,0.409258391373693,"n = 50"
50,0.775805351130244,"n = 50"
50,-0.208601565917191,"n = 50"
50,-0.771013062181864,"n = 50"
50,0.137988554902048,"n = 50"
50,-0.829244069004804,"n = 50"
50,0.826594314092256,"n = 50"
50,1.50665029435633,"n = 50"
50,0.385587732580943,"n = 50"
50,-1.05313335401586,"n = 50"
50,0.171950029467179,"n = 50"
50,-1.82517638282702,"n = 50"
50,-0.315997170755688,"n = 50"
50,-0.3091299117941,"n = 50"
50,-0.975892836003854,"n = 50"
50,-0.761540703660351,"n = 50"
50,-1.15941735756745,"n = 50"
50,-0.896514118501456,"n = 50"
50,0.0667106068197797,"n = 50"
50,0.922065764030807,"n = 50"
50,0.250386688328319,"n = 50"
50,-0.425452370517908,"n = 50"
50,-1.54426282612077,"n = 50"
50,-0.341224511769948,"n = 50"
50,-0.123043768583654,"n = 50"
50,0.540937291792054,"n = 50"
50,-1.82035383037013,"n = 50"
50,0.781002915005,"n = 50"
50,-1.62389599599989,"n = 50"
50,4.00587422899182,"n = 50"
50,-1.1116606698882,"n = 50"
50,-0.345030835633207,"n = 50"
50,-1.41013946759946,"n = 50"
50,-0.93716357605405,"n = 50"
50,-0.337418227471364,"n = 50"
50,0.598669060647125,"n = 50"
50,0.449461778049319,"n = 50"
50,0.637740673485058,"n = 50"
50,-0.911147799300794,"n = 50"
50,-1.15243921174565,"n = 50"
50,-1.54168925906275,"n = 50"
50,1.55815474155399,"n = 50"
50,1.88414919569411,"n = 50"
50,1.29269928065912,"n = 50"
50,-1.31419751341448,"n = 50"
50,-0.823511654228141,"n = 50"
50,-0.524685205123744,"n = 50"
50,-0.596152556060239,"n = 50"
50,-0.537069854900669,"n = 50"
50,0.643974251218513,"n = 50"
50,-1.37867790128985,"n = 50"
50,0.175049645981167,"n = 50"
50,0.198419354061528,"n = 50"
50,1.56535260387684,"n = 50"
50,0.99894183718026,"n = 50"
50,0.577901803190903,"n = 50"
50,1.22123204795924,"n = 50"
50,2.64613854204943,"n = 50"
50,-0.167358751830251,"n = 50"
50,-0.625557026616941,"n = 50"
50,0.933688889171548,"n = 50"
50,0.979526590226557,"n = 50"
50,-0.742431645093143,"n = 50"
50,0.793608022134781,"n = 50"
50,-0.4515450775091,"n = 50"
50,-0.362725997094107,"n = 50"
50,1.28797509383387,"n = 50"
50,-0.924261591660879,"n = 50"
50,-0.752790438930608,"n = 50"
50,-0.943478353932482,"n = 50"
50,0.0582448898368191,"n = 50"
50,-1.7785266120761,"n = 50"
50,0.187132457811972,"n = 50"
50,1.22532923911884,"n = 50"
50,-1.18873650012377,"n = 50"
50,1.54257575070762,"n = 50"
50,-0.472984311719738,"n = 50"
50,0.18110087520995,"n = 50"
50,0.267799507227486,"n = 50"
50,-0.409907297554015,"n = 50"
50,0.328377746871428,"n = 50"
50,-1.47166778917292,"n = 50"
50,1.28775684686761,"n = 50"
50,0.723356665876084,"n = 50"
50,-0.737059230732656,"n = 50"
50,-1.58555062766455,"n = 50"
50,2.4317763831333,"n = 50"
50,-0.899554694045072,"n = 50"
50,0.396311969793463,"n = 50"
50,1.15791077750181,"n = 50"
50,1.54683140798011,"n = 50"
50,0.162042649930582,"n = 50"
50,1.4704013343714,"n = 50"
50,-0.689718908261139,"n = 50"
50,-1.11857679718342,"n = 50"
50,-1.08950378136888,"n = 50"
50,0.121739718350744,"n = 50"
50,-2.73175780447919,"n = 50"
50,0.311695879359881,"n = 50"
50,-1.13912671823834,"n = 50"
50,0.292637853828552,"n = 50"
50,-0.856450163732103,"n = 50"
50,1.1054964614487,"n = 50"
50,1.28305581327124,"n = 50"
50,-2.27576491743152,"n = 50"
50,0.829952882604656,"n = 50"
50,2.25356885368919,"n = 50"
50,0.338973985265647,"n = 50"
50,-0.321391236851501,"n = 50"
50,-1.44900035912235,"n = 50"
50,1.16677251576899,"n = 50"
50,-0.973454647275815,"n = 50"
50,2.78004632873745,"n = 50"
50,0.031618262762517,"n = 50"
50,-1.11090526663984,"n = 50"
50,0.103026748446929,"n = 50"
50,-0.725866145358896,"n = 50"
50,0.989021247796194,"n = 50"
50,-1.19680514995052,"n = 50"
50,1.16385272538999,"n = 50"
50,-0.967035650100668,"n = 50"
50,0.256148043654027,"n = 50"
50,-1.84736765089019,"n = 50"
50,1.01650152801678,"n = 50"
50,0.370556960555663,"n = 50"
50,-0.632133914809387,"n = 50"
50,1.31330871700494,"n = 50"
50,-0.244707382825359,"n = 50"
50,-0.57413399627107,"n = 50"
50,0.0628448174385651,"n = 50"
50,1.82709359392304,"n = 50"
50,0.89585617858712,"n = 50"
50,-0.966432823168291,"n = 50"
50,0.641174474985584,"n = 50"
50,2.11672626193309,"n = 50"
50,-0.131250455889799,"n = 50"
50,1.08060172682192,"n = 50"
50,-1.28605169162794,"n = 50"
50,1.40824806688849,"n = 50"
50,0.964452355006109,"n = 50"
50,-0.549628474966674,"n = 50"
50,-1.1639614614664,"n = 50"
50,-0.270482272124345,"n = 50"
50,-0.835446383045696,"n = 50"
50,0.634839825303789,"n = 50"
50,-0.817055890774521,"n = 50"
50,0.2819901250016,"n = 50"
50,1.34771132519018,"n = 50"
50,-0.717777485889057,"n = 50"
50,1.8284743520898,"n = 50"
50,-1.00850409358349,"n = 50"
50,0.566086944948508,"n = 50"
50,-0.89564211509946,"n = 50"
50,0.81014406294775,"n = 50"
50,-0.681087521651911,"n = 50"
50,-0.708303543271506,"n = 50"
50,-0.325333848548768,"n = 50"
50,0.603721262098709,"n = 50"
50,-0.494100209229785,"n = 50"
50,0.453213994704838,"n = 50"
50,0.133871746800219,"n = 50"
50,-1.07466233338088,"n = 50"
50,1.05915836340797,"n = 50"
50,-0.626947058643688,"n = 50"
50,0.990810593861222,"n = 50"
50,0.758565381321716,"n = 50"
50,0.151678510798624,"n = 50"
50,-0.844133898061324,"n = 50"
50,0.668588212428652,"n = 50"
50,-0.97546183669574,"n = 50"
50,-1.96900324031545,"n = 50"
50,-1.19030994733585,"n = 50"
50,1.59187386422483,"n = 50"
50,-1.61246018080194,"n = 50"
50,-0.350870681274437,"n = 50"
50,-0.257666071620534,"n = 50"
50,-2.19773366404691,"n = 50"
50,0.789837216877504,"n = 50"
50,-0.878470037554104,"n = 50"
50,1.01737553401192,"n = 50"
50,-0.756002787815227,"n = 50"
50,-0.793591348646127,"n = 50"
50,-0.362395002481159,"n = 50"
50,-1.12774600185074,"n = 50"
50,1.60925808765464,"n = 50"
50,-0.89991566599589,"n = 50"
50,1.43225316736859,"n = 50"
50,0.624245292073348,"n = 50"
50,-0.0892029341548222,"n = 50"
50,-0.714418089544518,"n = 50"
50,1.04629906019636,"n = 50"
50,-0.0927509558638682,"n = 50"
50,-0.177318457300216,"n = 50"
50,-0.311376685333622,"n = 50"
50,0.178379700322787,"n = 50"
50,-0.183925709319802,"n = 50"
50,-0.412186384155304,"n = 50"
50,-0.122040728013656,"n = 50"
50,-3.33245088827569,"n = 50"
50,-0.340005994043726,"n = 50"
50,-1.09118323411152,"n = 50"
50,-0.263786213127411,"n = 50"
50,-0.58511283716596,"n = 50"
50,-1.20007107503453,"n = 50"
50,-1.45278856576523,"n = 50"
50,0.490960900121595,"n = 50"
50,0.214377382146467,"n = 50"
50,0.297691016792317,"n = 50"
50,0.845838950506775,"n = 50"
50,0.663476990628092,"n = 50"
50,-0.125764648732571,"n = 50"
50,-0.246941022019328,"n = 50"
50,1.22807548287659,"n = 50"
50,1.43576296470096,"n = 50"
50,0.972072141035779,"n = 50"
50,-0.287144064334081,"n = 50"
50,0.585418381448858,"n = 50"
50,0.916644815755711,"n = 50"
50,-0.376583333808709,"n = 50"
50,0.116260553729496,"n = 50"
50,0.761795090815072,"n = 50"
50,1.61456232697503,"n = 50"
50,-1.64801543619604,"n = 50"
50,-1.179802401236,"n = 50"
50,1.48364428332885,"n = 50"
50,0.122653357591305,"n = 50"
50,-1.41278227483123,"n = 50"
50,0.709064715384745,"n = 50"
50,0.320316461421914,"n = 50"
50,-0.0845273124080326,"n = 50"
50,-1.20850650569103,"n = 50"
50,-1.6812147546828,"n = 50"
50,-0.346645085517909,"n = 50"
50,0.653772589054282,"n = 50"
50,0.0757362074701858,"n = 50"
50,0.318902825709131,"n = 50"
50,-1.07899600452382,"n = 50"
50,0.904626304207242,"n = 50"
50,-0.264704664666568,"n = 50"
50,-0.403085456655494,"n = 50"
50,0.048351221954446,"n = 50"
50,-0.894298824804853,"n = 50"
50,-2.14718700357992,"n = 50"
50,-0.468220427955318,"n = 50"
50,-0.239120149271262,"n = 50"
50,0.870899430690935,"n = 50"
50,-0.967556739476923,"n = 50"
50,-1.7105757589239,"n = 50"
50,-0.480511344638421,"n = 50"
50,-0.517092632938496,"n = 50"
50,0.0562444076022798,"n = 50"
50,-0.346125066681613,"n = 50"
50,1.5652559345124,"n = 50"
50,-0.976822602556255,"n = 50"
50,1.60513292843475,"n = 50"
50,-0.712258592718644,"n = 50"
50,-0.63520715904308,"n = 50"
50,-0.19566451454766,"n = 50"
50,-0.262707723453919,"n = 50"
50,-0.0034809599800312,"n = 50"
50,1.27152265190114,"n = 50"
50,0.279869035804714,"n = 50"
50,0.706855872340666,"n = 50"
50,0.192108541141657,"n = 50"
50,0.878210510819927,"n = 50"
50,0.486935032856491,"n = 50"
50,-1.21060254372985,"n = 50"
50,-1.82089791380274,"n = 50"
50,-1.70131695022748,"n = 50"
50,0.68682476486561,"n = 50"
50,-0.363421512325262,"n = 50"
50,0.470672051881166,"n = 50"
50,-0.321385628022466,"n = 50"
50,1.74262946245587,"n = 50"
50,1.80824797085531,"n = 50"
50,0.361081399437619,"n = 50"
50,0.870384060671509,"n = 50"
50,0.390333592316336,"n = 50"
50,0.692736878983445,"n = 50"
50,1.32192620691803,"n = 50"
50,-0.439979821703583,"n = 50"
50,0.284075217865355,"n = 50"
50,-0.173871743599291,"n = 50"
50,0.407614637469902,"n = 50"
50,-0.398630685514058,"n = 50"
50,0.19943574937048,"n = 50"
50,0.766153327866779,"n = 50"
50,0.461916434512091,"n = 50"
50,-0.51333049329338,"n = 50"
50,1.07237366851208,"n = 50"
50,0.614988887816985,"n = 50"
50,-1.38915254276036,"n = 50"
50,0.389662412255195,"n = 50"
50,-0.474399046976432,"n = 50"
50,0.182581377835575,"n = 50"
50,-0.96220205118707,"n = 50"
50,0.537506424852473,"n = 50"
50,0.027441841888458,"n = 50"
50,1.08209199602251,"n = 50"
50,-0.248376349192395,"n = 50"
50,1.26811650195706,"n = 50"
50,1.77423494770727,"n = 50"
50,1.03052039615072,"n = 50"
50,-0.356667201252303,"n = 50"
50,-0.332805212782377,"n = 50"
50,-0.542000245574403,"n = 50"
50,0.548551948919223,"n = 50"
50,-1.05457543526688,"n = 50"
50,-2.18155279271832,"n = 50"
50,-1.64370660133109,"n = 50"
50,-1.54534233335142,"n = 50"
50,-1.27981176823101,"n = 50"
50,-0.150748109465233,"n = 50"
50,-0.766519170305513,"n = 50"
50,1.04933251960951,"n = 50"
50,-0.300643525733294,"n = 50"
50,-0.696502048806458,"n = 50"
50,-0.580694597879145,"n = 50"
50,1.49380066079879,"n = 50"
50,-0.843591945178429,"n = 50"
50,0.377045875910779,"n = 50"
50,0.444017608673079,"n = 50"
50,0.299429845409799,"n = 50"
50,1.43481972125571,"n = 50"
50,3.49510137878796,"n = 50"
50,-0.389536174043491,"n = 50"
50,1.59293906009533,"n = 50"
50,-1.3200898245716,"n = 50"
50,-0.219618173569138,"n = 50"
50,-1.6582699156213,"n = 50"
50,-0.837799234789076,"n = 50"
50,-0.102789921565318,"n = 50"
50,0.654672094203972,"n = 50"
50,-0.71485235164575,"n = 50"
50,1.03095505999096,"n = 50"
50,-1.15017070000046,"n = 50"
50,-0.122112051950339,"n = 50"
50,2.59703416476442,"n = 50"
50,-0.141643843792198,"n = 50"
50,0.812142923516931,"n = 50"
50,-1.10828279883483,"n = 50"
50,-0.0172003531761221,"n = 50"
50,1.56555074692929,"n = 50"
50,-0.226929121018488,"n = 50"
50,-1.4033661331421,"n = 50"
50,-1.13680231751988,"n = 50"
50,-2.25478654923755,"n = 50"
50,-1.44423259656026,"n = 50"
50,-0.0141141011609929,"n = 50"
50,0.576932259545621,"n = 50"
50,0.120761610466686,"n = 50"
50,0.377828712896038,"n = 50"
50,2.80606482759622,"n = 50"
50,-0.40581877849351,"n = 50"
50,-1.00832427482684,"n = 50"
50,-1.71076954520825,"n = 50"
50,-0.242027849617644,"n = 50"
50,-1.46807453391877,"n = 50"
50,0.874144200312997,"n = 50"
50,-1.15665063865373,"n = 50"
50,-2.09491354123387,"n = 50"
50,0.372915663810879,"n = 50"
50,-0.365367026642688,"n = 50"
50,1.62191197678473,"n = 50"
50,0.510422562771447,"n = 50"
50,1.12272340006333,"n = 50"
50,0.908040628377937,"n = 50"
50,-0.220098077363517,"n = 50"
50,0.237449569304886,"n = 50"
50,0.666005270002656,"n = 50"
50,0.0949654156099971,"n = 50"
50,1.44179750573636,"n = 50"
50,-0.0864165001898246,"n = 50"
50,1.4011983919834,"n = 50"
50,-0.941554600776647,"n = 50"
50,-1.98476773159149,"n = 50"
50,0.399162621708347,"n = 50"
50,0.400652145890901,"n = 50"
50,-2.31455021371723,"n = 50"
50,1.34811802323635,"n = 50"
50,-0.757304151985982,"n = 50"
50,-0.971422579564279,"n = 50"
50,-0.338226483208238,"n = 50"
50,0.0489022965977526,"n = 50"
50,-0.678828004213862,"n = 50"
50,1.30197535565476,"n = 50"
50,2.29423337127371,"n = 50"
50,3.33874619572497,"n = 50"
50,1.22194399803109,"n = 50"
50,0.600754455459141,"n = 50"
50,-0.956328107413754,"n = 50"
50,2.08447170073247,"n = 50"
50,-0.867980520106246,"n = 50"
50,0.385923744269561,"n = 50"
50,1.56257467659647,"n = 50"
50,0.869867998225425,"n = 50"
50,-0.103529407404394,"n = 50"
50,1.41333936535239,"n = 50"
50,-0.63181701911985,"n = 50"
50,-0.716260360788962,"n = 50"
50,-0.538173481275906,"n = 50"
50,1.18668476632949,"n = 50"
50,-0.741854759735597,"n = 50"
50,1.95183940964531,"n = 50"
50,0.442933658932132,"n = 50"
50,0.470988353343744,"n = 50"
50,-1.40302860608422,"n = 50"
50,0.177720134759302,"n = 50"
50,2.03455391045649,"n = 50"
50,0.594202552131751,"n = 50"
50,-0.0290300619227484,"n = 50"
50,-1.92986371106879,"n = 50"
50,0.704455580303428,"n = 50"
50,-0.397555574613881,"n = 50"
50,3.72427080618176,"n = 50"
50,0.0259597027685365,"n = 50"
50,-0.915400263229158,"n = 50"
50,-0.892905899648627,"n = 50"
50,1.33901876865986,"n = 50"
50,0.526404269414258,"n = 50"
50,0.202734221149746,"n = 50"
50,0.613433433542242,"n = 50"
50,4.68164436076778,"n = 50"
50,-0.0988165441966011,"n = 50"
50,-0.160596974602835,"n = 50"
50,2.66918752091306,"n = 50"
50,0.403458526829533,"n = 50"
50,-1.35254325294737,"n = 50"
50,-1.39524096128839,"n = 50"
50,-0.0404882928107571,"n = 50"
50,-0.163378766244525,"n = 50"
50,0.38236789009731,"n = 50"
50,-1.48269003125565,"n = 50"
50,1.3365996483119,"n = 50"
50,-0.508739845317778,"n = 50"
50,-1.01278687070209,"n = 50"
50,-1.8192441246592,"n = 50"
50,1.65487656277728,"n = 50"
50,-0.298200427516811,"n = 50"
50,0.720878397432409,"n = 50"
50,0.562408367339404,"n = 50"
50,1.46424158665089,"n = 50"
50,1.06957376666028,"n = 50"
50,0.678013611925658,"n = 50"
50,1.55936566335839,"n = 50"
50,-0.0549343688634479,"n = 50"
50,1.07786297214372,"n = 50"
50,-0.858605305721718,"n = 50"
50,0.427590503709095,"n = 50"
50,-0.372486573213038,"n = 50"
50,0.694505199445296,"n = 50"
50,-0.0900282421377926,"n = 50"
50,0.40965636653846,"n = 50"
50,-0.931333895299814,"n = 50"
50,-1.21835766470772,"n = 50"
50,1.48080191057055,"n = 50"
50,1.47893699221042,"n = 50"
50,-1.44179649684963,"n = 50"
50,-0.193468244039067,"n = 50"
50,0.0498998929716306,"n = 50"
50,-0.120482428907761,"n = 50"
50,0.995243940459585,"n = 50"
50,0.0517995179007228,"n = 50"
50,0.257779138396397,"n = 50"
50,-0.90002959939753,"n = 50"
50,1.66349725888297,"n = 50"
50,-1.69033642447887,"n = 50"
50,-1.38040083905598,"n = 50"
50,-0.112035436659427,"n = 50"
50,1.24398395373302,"n = 50"
50,-0.155178946819875,"n = 50"
50,-0.647542144579837,"n = 50"
50,0.874040271295974,"n = 50"
50,-0.83366098908821,"n = 50"
50,-0.492041133435869,"n = 50"
50,0.385191527399843,"n = 50"
50,-0.951951525127094,"n = 50"
50,-0.511579759309076,"n = 50"
50,1.26564283748669,"n = 50"
50,1.01964617992751,"n = 50"
50,0.328932807163547,"n = 50"
50,1.60769671332431,"n = 50"
50,-0.125602467368274,"n = 50"
50,-2.17898735491918,"n = 50"
50,1.39701233411003,"n = 50"
50,0.370147058657638,"n = 50"
50,1.22422981068136,"n = 50"
50,-0.03023668091608,"n = 50"
50,1.3322267574613,"n = 50"
50,0.515909478462386,"n = 50"
50,-0.624280945266851,"n = 50"
50,2.46863725168517,"n = 50"
50,-0.33848233385914,"n = 50"
50,0.737836052947947,"n = 50"
50,-0.160162462130519,"n = 50"
50,0.454945451690025,"n = 50"
50,-0.6371591976425,"n = 50"
50,0.944908207820737,"n = 50"
50,0.5119971016204,"n = 50"
50,0.580167547831756,"n = 50"
50,-0.417137612409044,"n = 50"
50,-1.75216526445129,"n = 50"
50,1.82713138643992,"n = 50"
50,-0.788641351653278,"n = 50"
50,1.2038567910534,"n = 50"
50,1.769916248784,"n = 50"
50,-0.907234853148408,"n = 50"
50,-0.466480305827956,"n = 50"
50,1.83334397203805,"n = 50"
50,-0.188698075553264,"n = 50"
50,1.04180492485593,"n = 50"
50,0.550917024857204,"n = 50"
50,0.304524196912098,"n = 50"
50,-1.37056270740832,"n = 50"
50,2.95867666743725,"n = 50"
50,1.34895099281572,"n = 50"
50,-0.653204742268267,"n = 50"
50,0.0603361952592588,"n = 50"
50,-0.479558214045781,"n = 50"
50,-0.91691366573386,"n = 50"
50,-1.25108393899968,"n = 50"
50,1.08453904678659,"n = 50"
50,-0.0769284971320914,"n = 50"
50,1.4224324142838,"n = 50"
50,-0.0526148949676022,"n = 50"
50,-0.498430695334627,"n = 50"
50,-1.03532420643106,"n = 50"
50,0.0375589965074332,"n = 50"
50,-0.652337385912947,"n = 50"
50,3.04306706132257,"n = 50"
50,0.0945926712945175,"n = 50"
50,0.963721083276249,"n = 50"
50,-0.00297732026060783,"n = 50"
50,1.39377268593628,"n = 50"
50,1.08659553764639,"n = 50"
50,0.956716782947566,"n = 50"
50,-0.981925796397245,"n = 50"
50,1.32069048151402,"n = 50"
50,-0.17113857734326,"n = 50"
50,-0.706597016199114,"n = 50"
50,0.153908232679884,"n = 50"
50,1.39185441725494,"n = 50"
50,-0.0924506516720012,"n = 50"
50,0.884536739738571,"n = 50"
50,0.790865818305411,"n = 50"
50,-1.32693027745797,"n = 50"
50,-0.534368792762665,"n = 50"
50,-2.06708604898924,"n = 50"
50,0.0631192713312079,"n = 50"
50,-0.617744958327101,"n = 50"
50,1.79082035841294,"n = 50"
50,-0.368303789311074,"n = 50"
50,-0.843540593815035,"n = 50"
50,0.112244680867293,"n = 50"
50,-0.320661632084164,"n = 50"
50,-0.0522362193240939,"n = 50"
50,-0.303974934970713,"n = 50"
50,1.35148131702541,"n = 50"
50,0.753513055882948,"n = 50"
50,-0.782969330200289,"n = 50"
50,-2.83463684914678,"n = 50"
50,-1.1834098428359,"n = 50"
50,0.12259758852143,"n = 50"
50,1.1120814053145,"n = 50"
50,0.0728464707260961,"n = 50"
50,1.68572087293338,"n = 50"
50,0.732702571303443,"n = 50"
50,-0.261179914056958,"n = 50"
50,-0.863553363954938,"n = 50"
50,-0.0908631416342226,"n = 50"
50,-1.34605258939301,"n = 50"
50,3.75889072066699,"n = 50"
50,1.23659816893161,"n = 50"
50,2.76591230114228,"n = 50"
50,-0.0767476204317647,"n = 50"
50,1.96191657378672,"n = 50"
50,-1.65308105259139,"n = 50"
50,-0.400747972738532,"n = 50"
50,-0.339479784158657,"n = 50"
50,-0.537348439314732,"n = 50"
50,-1.14098191679739,"n = 50"
50,-0.373387469048002,"n = 50"
50,1.59011949018427,"n = 50"
50,3.09620000285981,"n = 50"
50,-1.04423094924515,"n = 50"
50,1.43741648526563,"n = 50"
50,-0.653621309699144,"n = 50"
50,0.342598928852095,"n = 50"
50,0.348179661291071,"n = 50"
50,-0.832048603146024,"n = 50"
50,0.550007750624878,"n = 50"
50,1.76974046955629,"n = 50"
50,1.06358049285621,"n = 50"
50,0.188222499601902,"n = 50"
50,2.1469640704707,"n = 50"
50,-1.05754362498544,"n = 50"
50,0.0257503012242249,"n = 50"
50,-0.832585904777157,"n = 50"
50,2.68919445600374,"n = 50"
50,-1.90765921464559,"n = 50"
50,0.597218702683559,"n = 50"
50,-0.350073702062513,"n = 50"
50,0.0928969593758739,"n = 50"
50,-0.404226683648091,"n = 50"
50,-1.64425446371441,"n = 50"
50,0.787051682385445,"n = 50"
50,-0.224644158770857,"n = 50"
50,1.92627500646126,"n = 50"
50,-0.663015406361808,"n = 50"
50,0.09181419032228,"n = 50"
50,0.805167636489302,"n = 50"
50,1.92636415131341,"n = 50"
50,3.42856869563495,"n = 50"
50,0.175330486880388,"n = 50"
50,-1.48809275725863,"n = 50"
50,0.173951617586127,"n = 50"
50,1.02306999578981,"n = 50"
50,-0.841124618157773,"n = 50"
50,0.816825865111005,"n = 50"
50,0.230849862119696,"n = 50"
50,0.12504744378252,"n = 50"
50,-0.637357516811593,"n = 50"
50,0.621662759694147,"n = 50"
50,1.6822858742383,"n = 50"
50,0.947956168857382,"n = 50"
50,0.584463876164526,"n = 50"
50,-0.0213071705980132,"n = 50"
50,1.84228685870669,"n = 50"
50,0.76164175381549,"n = 50"
50,2.26768572233973,"n = 50"
50,-0.587957426132029,"n = 50"
50,-0.259590594687953,"n = 50"
50,0.241146734565699,"n = 50"
50,2.1590391538152,"n = 50"
50,-0.520009220874983,"n = 50"
50,0.472129366718578,"n = 50"
50,-0.213273721566678,"n = 50"
50,0.35182407557279,"n = 50"
50,1.38474972770514,"n = 50"
50,-0.145762423266666,"n = 50"
50,-0.587415446849607,"n = 50"
50,-0.642256418070794,"n = 50"
50,1.082010503104,"n = 50"
50,-0.678602845476277,"n = 50"
50,-1.28270274165098,"n = 50"
50,1.69843549350255,"n = 50"
50,-0.414813177467741,"n = 50"
50,0.279615602946525,"n = 50"
50,0.652762481707479,"n = 50"
50,0.969254441043223,"n = 50"
50,0.307936874158068,"n = 50"
50,1.94722531826146,"n = 50"
50,-2.52108865798605,"n = 50"
50,-0.559913767663131,"n = 50"
50,0.0656087384675253,"n = 50"
50,1.37055313615271,"n = 50"
50,4.12772273579687,"n = 50"
50,-2.75631587205367,"n = 50"
50,-0.563614370530726,"n = 50"
50,-1.19541892661558,"n = 50"
50,-0.694222374872581,"n = 50"
50,0.0134941235191123,"n = 50"
50,-1.29853269803084,"n = 50"
50,-0.688870955306542,"n = 50"
50,0.0899581565029794,"n = 50"
50,-0.815270206466154,"n = 50"
50,0.562966627751127,"n = 50"
50,1.75791774781975,"n = 50"
50,-1.86748837138162,"n = 50"
50,0.219908872729101,"n = 50"
50,-0.547685472225448,"n = 50"
50,0.45024165413013,"n = 50"
50,3.2539080784784,"n = 50"
50,0.0502072423674614,"n = 50"
50,0.718603111426611,"n = 50"
50,-0.429048278741923,"n = 50"
50,-0.921574266723753,"n = 50"
50,-0.0313899475674502,"n = 50"
50,-0.402220800008314,"n = 50"
50,-0.386204591012886,"n = 50"
50,0.865831535537529,"n = 50"
50,0.814887474850766,"n = 50"
50,-0.809503949526631,"n = 50"
50,1.25595380719942,"n = 50"
50,-2.00506399358562,"n = 50"
50,1.25148208936645,"n = 50"
50,0.298303408863289,"n = 50"
50,-1.84417781762163,"n = 50"
50,-0.103341279180856,"n = 50"
50,-0.309711818710946,"n = 50"
50,-0.751768440611633,"n = 50"
50,-0.206229096651275,"n = 50"
50,0.43531281527678,"n = 50"
50,-0.498788820799443,"n = 50"
50,-2.12062012481593,"n = 50"
50,-1.30736090400435,"n = 50"
50,-0.477047866296844,"n = 50"
50,-0.760461990871664,"n = 50"
50,-0.656654970899971,"n = 50"
50,0.536899784285786,"n = 50"
50,2.13600780702904,"n = 50"
50,0.529386708733102,"n = 50"
50,-1.52065563656087,"n = 50"
50,0.00594126020847902,"n = 50"
50,2.72358713021526,"n = 50"
50,-0.715494475795452,"n = 50"
50,0.566790545055402,"n = 50"
50,-1.26489941911369,"n = 50"
50,-0.26034133647957,"n = 50"
50,-0.24611933871485,"n = 50"
50,-0.835457302318491,"n = 50"
50,1.45290056883039,"n = 50"
50,-1.33012045664208,"n = 50"
50,0.712226537700977,"n = 50"
50,1.05712966825108,"n = 50"
50,-0.323172813254309,"n = 50"
50,0.496056656084466,"n = 50"
50,-0.155270635748853,"n = 50"
50,0.0852537537459563,"n = 50"
50,-0.153659694772856,"n = 50"
50,2.05573617670595,"n = 50"
50,0.310839510735386,"n = 50"
50,1.49362405176834,"n = 50"
50,-0.0135455472998896,"n = 50"
50,-1.34331296952447,"n = 50"
50,-0.247438772902977,"n = 50"
50,-1.14758986955194,"n = 50"
50,0.311602627338333,"n = 50"
50,-0.91666536057769,"n = 50"
50,-1.3651080776443,"n = 50"
50,1.11710076598915,"n = 50"
50,-0.737968363263994,"n = 50"
50,-0.629082886968123,"n = 50"
50,0.812158301700786,"n = 50"
50,2.18045927142903,"n = 50"
50,1.51037928966827,"n = 50"
50,-1.23696756102136,"n = 50"
50,-1.34653893136919,"n = 50"
50,-0.769330576115755,"n = 50"
50,0.309411599058511,"n = 50"
50,-1.20680866595347,"n = 50"
50,-0.702177688264829,"n = 50"
50,2.2025217222593,"n = 50"
50,-1.88812027723375,"n = 50"
50,0.593248462385136,"n = 50"
50,1.1462684824695,"n = 50"
50,1.92526948715745,"n = 50"
50,0.186963011436052,"n = 50"
50,1.56027838790424,"n = 50"
50,-0.873251689178714,"n = 50"
50,-0.424256807310379,"n = 50"
50,0.373801065303614,"n = 50"
50,-0.116210774350271,"n = 50"
50,0.471304265199058,"n = 50"
50,-0.260171785441884,"n = 50"
50,-0.252565064586495,"n = 50"
50,-0.884912950111597,"n = 50"
50,1.32717963103277,"n = 50"
50,-1.16552612034026,"n = 50"
50,0.363901515546805,"n = 50"
50,1.05923631785258,"n = 50"
50,0.221273883990115,"n = 50"
50,-0.285712354975345,"n = 50"
50,-1.31345550939196,"n = 50"
50,1.93528717454991,"n = 50"
50,-2.00138370638373,"n = 50"
50,0.102477049612526,"n = 50"
50,0.0417912511180981,"n = 50"
50,-1.64403600414588,"n = 50"
50,1.90479628224939,"n = 50"
50,-2.01103515264613,"n = 50"
50,1.38105184834778,"n = 50"
50,-1.66585703010386,"n = 50"
50,-0.0479887192610596,"n = 50"
50,-0.155981411448696,"n = 50"
50,-1.27739058850594,"n = 50"
50,0.317508587503112,"n = 50"
50,0.889684402316323,"n = 50"
50,0.0817125699484042,"n = 50"
50,-0.833906253412557,"n = 50"
50,-0.97404742596417,"n = 50"
50,-0.538375791465726,"n = 50"
50,1.66811865770387,"n = 50"
50,1.26738760005291,"n = 50"
50,-0.117240267125547,"n = 50"
50,-0.819893500928895,"n = 50"
50,-0.696777237040294,"n = 50"
50,1.09445116791832,"n = 50"
50,-2.520017769985,"n = 50"
50,-0.16329040271685,"n = 50"
50,-1.00777856223807,"n = 50"
50,-1.06753996299892,"n = 50"
50,-0.146673524589512,"n = 50"
50,-0.441018364071763,"n = 50"
50,-1.44268320049648,"n = 50"
50,-0.64501257768875,"n = 50"
50,-0.997781314469084,"n = 50"
50,-0.222272860133789,"n = 50"
50,0.733973359055156,"n = 50"
50,0.0206556140540229,"n = 50"
50,0.352808366515419,"n = 50"
50,-1.92120080972932,"n = 50"
50,-0.765954203762051,"n = 50"
50,-1.34217772821514,"n = 50"
50,0.574933878345942,"n = 50"
50,-0.206045974175191,"n = 50"
50,-1.38089257078157,"n = 50"
50,-0.561626976074692,"n = 50"
50,-1.83889266647608,"n = 50"
50,1.22031061752742,"n = 50"
50,0.981735454586893,"n = 50"
50,-0.15437991069554,"n = 50"
50,0.871086212902565,"n = 50"
50,-0.171549584453579,"n = 50"
50,-1.88631184116188,"n = 50"
50,-0.669974928495986,"n = 50"
50,0.790004808508547,"n = 50"
50,1.84674136767794,"n = 50"
50,2.78616015557123,"n = 50"
50,-0.649905200854559,"n = 50"
50,-0.365450321067365,"n = 50"
50,1.25633962293349,"n = 50"
50,2.24280571362683,"n = 50"
50,-1.21491274726583,"n = 50"
50,0.0168551247290631,"n = 50"
50,-0.307755708679096,"n = 50"
50,0.43914383756101,"n = 50"
50,-1.28419797412164,"n = 50"
50,-1.39428194126223,"n = 50"
50,-0.342982992248859,"n = 50"
50,-0.997015367342963,"n = 50"
50,-0.574929665288033,"n = 50"
50,-0.303818763009614,"n = 50"
50,0.309523657469704,"n = 50"
50,1.04716960903883,"n = 50"
50,-1.97457853362704,"n = 50"
50,-1.6713314862328,"n = 50"
50,-0.956891934899583,"n = 50"
50,-0.324409896295236,"n = 50"
50,-0.273287781417835,"n = 50"
50,-0.847389457332935,"n = 50"
50,-0.891173907041696,"n = 50"
50,-0.939403930217591,"n = 50"
50,1.43715828902686,"n = 50"
50,0.372853602529749,"n = 50"
50,-0.327735035692418,"n = 50"
50,0.547492083604689,"n = 50"
50,2.59932123963649,"n = 50"
50,0.111855903861209,"n = 50"
50,0.0588701874077204,"n = 50"
50,-1.25929249753286,"n = 50"
50,-1.06172682173502,"n = 50"
50,-0.766488816774958,"n = 50"
50,0.45532991542352,"n = 50"
50,-1.3148865181323,"n = 50"
50,1.39167557076618,"n = 50"
50,0.449223493836107,"n = 50"
50,-1.13870019944894,"n = 50"
50,0.794060702012711,"n = 50"
50,-0.60563967437623,"n = 50"
50,-0.36863126997881,"n = 50"
50,0.930932737159885,"n = 50"
50,-0.836278811144045,"n = 50"
50,-0.112678629800835,"n = 50"
50,-0.810954059627605,"n = 50"
50,-0.652836449658396,"n = 50"
50,2.17247837922276,"n = 50"
50,-0.990869201664802,"n = 50"
50,0.335916716656957,"n = 50"
50,-0.30937059811545,"n = 50"
50,-0.582557619132091,"n = 50"
50,-1.16910312356591,"n = 50"
50,-1.54842167472214,"n = 50"
50,0.404145065116788,"n = 50"
50,-0.0203205550200649,"n = 50"
50,0.469479140532118,"n = 50"
50,0.68067083338089,"n = 50"
50,0.513639022258747,"n = 50"
50,-0.548842280814985,"n = 50"
50,0.15620318114766,"n = 50"
50,-1.08147286060483,"n = 50"
50,2.61816915308602,"n = 50"
50,1.84896340666021,"n = 50"
50,0.992106623244955,"n = 50"
50,-0.414169041529665,"n = 50"
50,1.1118822294094,"n = 50"
50,-0.130283166595303,"n = 50"
50,0.785539026568777,"n = 50"
50,-0.656264360408888,"n = 50"
50,-0.253571196390573,"n = 50"
50,-0.257886559070632,"n = 50"
50,-1.12124946236544,"n = 50"
50,0.757317626244074,"n = 50"
50,1.05208809855309,"n = 50"
50,0.385617786969681,"n = 50"
50,0.173161771948319,"n = 50"
50,0.380383199040894,"n = 50"
50,1.0242782805552,"n = 50"
50,1.31943323767629,"n = 50"
50,0.710437224318378,"n = 50"
50,1.7681700627357,"n = 50"
50,0.0863019926974193,"n = 50"
50,0.43785364527353,"n = 50"
50,0.807861802592415,"n = 50"
50,1.85259459657588,"n = 50"
50,-0.8852012126004,"n = 50"
50,0.738559048835308,"n = 50"
50,0.60938998626051,"n = 50"
50,-0.474960913443068,"n = 50"
50,2.50135469121272,"n = 50"
50,-0.0270972108292531,"n = 50"
50,1.65302438738786,"n = 50"
50,-0.398251743052875,"n = 50"
50,0.108248078844393,"n = 50"
50,2.32763262644574,"n = 50"
50,0.376610822294728,"n = 50"
50,-0.70768161382186,"n = 50"
50,0.621035573498696,"n = 50"
50,-0.592407780882228,"n = 50"
50,-0.112044254950633,"n = 50"
50,-2.27920698465917,"n = 50"
50,1.65483332474831,"n = 50"
50,2.95258240707546,"n = 50"
50,1.34661099087531,"n = 50"
50,-1.8765735705416,"n = 50"
50,1.53173376668492,"n = 50"
50,0.539026688415187,"n = 50"
50,0.568105852727824,"n = 50"
50,2.34021038965364,"n = 50"
50,0.904253914158797,"n = 50"
50,-0.657273570563436,"n = 50"
50,-1.80096653508789,"n = 50"
50,-0.287255854812019,"n = 50"
50,1.26838107011984,"n = 50"
50,0.788791326113184,"n = 50"
50,-1.50397073887756,"n = 50"
50,0.19213175463202,"n = 50"
50,1.81415955933979,"n = 50"
50,2.406757618746,"n = 50"
50,-0.094237819548753,"n = 50"
50,1.39252995101636,"n = 50"
50,-0.57474193388057,"n = 50"
50,1.09542553870182,"n = 50"
50,-0.222236518482591,"n = 50"
50,1.97711159542887,"n = 50"
50,1.53216696449034,"n = 50"
50,-1.42881351277835,"n = 50"
50,0.828125368287949,"n = 50"
50,-1.10016987880132,"n = 50"
50,-0.456246589099451,"n = 50"
50,-1.42676824826832,"n = 50"
50,-0.00906389041401993,"n = 50"
50,0.983158836376051,"n = 50"
50,-0.736962308746564,"n = 50"
50,2.05113503859641,"n = 50"
50,0.23603562973461,"n = 50"
50,-0.565272838711222,"n = 50"
50,1.19975783045611,"n = 50"
50,-0.436823819067856,"n = 50"
50,0.0706755678963495,"n = 50"
50,0.112412143935606,"n = 50"
50,-1.37201388433529,"n = 50"
50,0.57775689895334,"n = 50"
50,-0.599302245846939,"n = 50"
50,0.145489906428697,"n = 50"
50,0.514894798157474,"n = 50"
50,-1.41360801118086,"n = 50"
50,1.04045666887383,"n = 50"
50,0.0182794981355787,"n = 50"
50,0.580792187316608,"n = 50"
50,0.0202867348043952,"n = 50"
50,0.0257608709149208,"n = 50"
50,1.13850190885375,"n = 50"
50,0.413116676895989,"n = 50"
50,0.862575788046282,"n = 50"
50,0.339046249031029,"n = 50"
50,1.05050119339942,"n = 50"
50,-0.59354293483006,"n = 50"
50,-0.0467765033449747,"n = 50"
50,-0.643299936495429,"n = 50"
50,-2.11093115390676,"n = 50"
50,-0.672391879928246,"n = 50"
50,-1.53174571948692,"n = 50"
50,-0.495705602127099,"n = 50"
50,1.37851904640864,"n = 50"
50,-2.24939671943528,"n = 50"
50,0.716321475112524,"n = 50"
50,2.22074556479671,"n = 50"
50,1.73811738053763,"n = 50"
50,0.272452133989506,"n = 50"
50,0.142136535822139,"n = 50"
50,-0.427465738467726,"n = 50"
50,1.01845537618708,"n = 50"
50,0.213646266613485,"n = 50"
50,-0.694414682730227,"n = 50"
50,-0.135193574640709,"n = 50"
50,-1.04717015956606,"n = 50"
50,0.79744660513655,"n = 50"
50,-1.36063836731696,"n = 50"
50,1.10293390698944,"n = 50"
50,1.02704598429203,"n = 50"
50,-0.708834238102836,"n = 50"
50,0.0800896584226717,"n = 50"
50,-0.809891829140435,"n = 50"
50,-0.390633697456169,"n = 50"
50,1.48208003255564,"n = 50"
50,-0.724587681917969,"n = 50"
50,-0.311170336452069,"n = 50"
50,-0.96312123240106,"n = 50"
50,0.502094190887773,"n = 50"
50,0.438020616939128,"n = 50"
50,-0.308212694965887,"n = 50"
50,1.16249452815497,"n = 50"
50,4.04550076482723,"n = 50"
50,-0.421730562973677,"n = 50"
50,-0.670623879964741,"n = 50"
50,2.63898605315188,"n = 50"
50,0.504650116955104,"n = 50"
50,0.12994731249064,"n = 50"
50,-0.250444839102759,"n = 50"
50,0.557068775845346,"n = 50"
50,-0.738494920872666,"n = 50"
50,0.454613096334105,"n = 50"
50,-0.471874818498261,"n = 50"
50,-0.13465515227962,"n = 50"
50,0.645543913776694,"n = 50"
50,-0.0591741919778745,"n = 50"
50,-0.782357833560281,"n = 50"
50,-0.761104398708731,"n = 50"
50,-1.60503930216149,"n = 50"
50,-0.875125359520115,"n = 50"
50,-2.46608289369877,"n = 50"
50,2.61504587108589,"n = 50"
50,-0.187928994043018,"n = 50"
50,0.457155285140904,"n = 50"
50,-2.07319134657467,"n = 50"
50,-0.969634178210926,"n = 50"
50,1.58829235715291,"n = 50"
50,-1.14390505282732,"n = 50"
50,-0.248610826368878,"n = 50"
50,1.90503049038525,"n = 50"
50,-1.89930242958538,"n = 50"
50,-0.13646779864522,"n = 50"
50,0.195743160636785,"n = 50"
50,1.27122386505674,"n = 50"
50,0.250301731937033,"n = 50"
50,-0.0112503096425069,"n = 50"
50,1.38753365217278,"n = 50"
50,-1.14510103280906,"n = 50"
50,0.794172082514003,"n = 50"
50,-0.839735977763047,"n = 50"
50,-1.04331333019055,"n = 50"
50,-2.96247003182418,"n = 50"
50,-0.325844266560181,"n = 50"
50,1.23831851251561,"n = 50"
50,1.53250562453208,"n = 50"
50,-1.03242260172186,"n = 50"
50,-1.37453844011511,"n = 50"
50,0.209129054622665,"n = 50"
50,0.636139656216056,"n = 50"
50,-1.20249356766413,"n = 50"
50,-1.4606885281791,"n = 50"
50,-0.094228945990092,"n = 50"
50,0.156639637811338,"n = 50"
50,-0.145130729027186,"n = 50"
50,-0.0120442564546719,"n = 50"
50,1.22421468444197,"n = 50"
50,-0.818426838061836,"n = 50"
50,1.72483552090198,"n = 50"
50,-0.830517808676324,"n = 50"
50,0.0407118152589845,"n = 50"
50,-0.867096223847672,"n = 50"
50,-0.237682720521866,"n = 50"
50,2.11555847749745,"n = 50"
50,0.648896813757881,"n = 50"
50,1.09625065181691,"n = 50"
50,2.47865922044137,"n = 50"
50,-0.477284719827089,"n = 50"
50,-1.39193806841501,"n = 50"
50,0.223891822253062,"n = 50"
50,1.46798860689795,"n = 50"
50,0.249515432085797,"n = 50"
50,1.11278649374008,"n = 50"
50,0.158458837056808,"n = 50"
50,1.55779158145648,"n = 50"
50,0.104729463376161,"n = 50"
50,1.11859399346078,"n = 50"
50,0.509940292607287,"n = 50"
50,1.64554043899787,"n = 50"
50,-0.0813980863779514,"n = 50"
50,1.19986947483229,"n = 50"
50,1.15485863570728,"n = 50"
50,-0.964589323685438,"n = 50"
50,-0.706576482198789,"n = 50"
50,0.442157262405813,"n = 50"
50,-2.1601483979211,"n = 50"
50,1.04176613476604,"n = 50"
50,-0.00391545171711999,"n = 50"
50,0.0964469941386869,"n = 50"
50,0.661629711197277,"n = 50"
50,0.581468699992748,"n = 50"
50,1.06155169618902,"n = 50"
50,0.0298632563826141,"n = 50"
50,-0.131795598824108,"n = 50"
50,0.204862575382065,"n = 50"
50,-1.75686256739755,"n = 50"
50,-1.92086329551217,"n = 50"
50,-0.447512140595717,"n = 50"
50,0.176417327157234,"n = 50"
50,-0.303115569004562,"n = 50"
50,0.118034599796957,"n = 50"
50,-0.277369610949194,"n = 50"
50,0.591114142683,"n = 50"
50,-1.58281395192227,"n = 50"
50,1.62821114733893,"n = 50"
50,1.11700383960237,"n = 50"
50,2.3140771819189,"n = 50"
50,-1.03108378432799,"n = 50"
50,1.49934537933761,"n = 50"
50,-0.860618265413986,"n = 50"
50,-1.05402145588526,"n = 50"
50,0.167534593307386,"n = 50"
50,-0.473664573365291,"n = 50"
50,-0.563973353997733,"n = 50"
50,-0.129711153041567,"n = 50"
50,-0.371731787258524,"n = 50"
50,-1.39760748396863,"n = 50"
50,1.01884154199714,"n = 50"
50,3.67804503050912,"n = 50"
50,-0.88804367711364,"n = 50"
50,0.72849544068315,"n = 50"
50,-1.60505188324185,"n = 50"
50,-0.166007332280158,"n = 50"
50,-1.70133482887544,"n = 50"
50,-2.03136801772291,"n = 50"
50,1.28866172110632,"n = 50"
50,1.98045882861598,"n = 50"
50,-1.85287120385809,"n = 50"
50,-0.0550326983074133,"n = 50"
50,-0.182078336957709,"n = 50"
50,-0.403809711709192,"n = 50"
50,2.58620065428292,"n = 50"
50,0.186190607693592,"n = 50"
50,-0.386082722587069,"n = 50"
50,1.01179884152787,"n = 50"
50,0.794016056663082,"n = 50"
50,-0.762338868695043,"n = 50"
50,-1.14858971792529,"n = 50"
50,-1.29915722601521,"n = 50"
50,-1.75954078092543,"n = 50"
50,-0.177296058283051,"n = 50"
50,0.850743701820675,"n = 50"
50,0.589231004805159,"n = 50"
50,-0.350052807541747,"n = 50"
50,-0.4271439492257,"n = 50"
50,-0.64383634710662,"n = 50"
50,-1.29569539901252,"n = 50"
50,-0.37907599996861,"n = 50"
50,1.33551793577932,"n = 50"
50,-0.384986685519317,"n = 50"
50,-0.768818198555303,"n = 50"
50,0.919650877445951,"n = 50"
50,-0.708662031531415,"n = 50"
50,1.52609732921948,"n = 50"
50,0.584688223886362,"n = 50"
50,0.717630343316369,"n = 50"
50,1.13157738637357,"n = 50"
50,0.50090488370583,"n = 50"
50,1.76348254629166,"n = 50"
50,4.15234368394098,"n = 50"
50,1.06918749825522,"n = 50"
50,-0.134380560978888,"n = 50"
50,2.12123332130067,"n = 50"
50,0.582748163852807,"n = 50"
50,-1.23055212299457,"n = 50"
50,0.0244851620926394,"n = 50"
50,-0.27594906652977,"n = 50"
50,-0.265421854597406,"n = 50"
50,0.975133203217649,"n = 50"
50,-0.112654313465342,"n = 50"
50,-0.641870972783443,"n = 50"
50,-1.20161966875519,"n = 50"
50,2.44930117379155,"n = 50"
50,0.0239756747223754,"n = 50"
50,0.335743485466731,"n = 50"
50,-0.488406927026693,"n = 50"
50,2.41972930127928,"n = 50"
50,0.332106571054751,"n = 50"
50,-1.94163489232719,"n = 50"
50,0.648120656541966,"n = 50"
50,1.51570720787886,"n = 50"
50,-0.949375235241101,"n = 50"
50,2.55357796333323,"n = 50"
50,-1.49649454127552,"n = 50"
50,-1.78177391184292,"n = 50"
50,-0.380477134793426,"n = 50"
50,0.941170893984678,"n = 50"
50,-0.653737024232735,"n = 50"
50,0.245110686479419,"n = 50"
50,0.520098024453546,"n = 50"
50,-0.807662091348163,"n = 50"
50,0.0162916691316221,"n = 50"
50,-0.931888791084093,"n = 50"
50,-0.938902600366516,"n = 50"
50,-0.651841431005103,"n = 50"
50,-0.621912470955172,"n = 50"
50,0.424616236662508,"n = 50"
50,1.15732667366971,"n = 50"
50,0.544395318165063,"n = 50"
50,0.214970917916195,"n = 50"
50,-0.588008314663513,"n = 50"
50,-1.11723560490424,"n = 50"
50,-0.0635411566032206,"n = 50"
50,-0.604381759911949,"n = 50"
50,-0.551798171536725,"n = 50"
50,-0.56623110343601,"n = 50"
50,-0.37834873819574,"n = 50"
50,0.353998703331899,"n = 50"
50,1.3234178934796,"n = 50"
50,-1.42475234027787,"n = 50"
50,-0.316639833991256,"n = 50"
50,0.893942496653346,"n = 50"
50,-0.45194517613207,"n = 50"
50,1.45684103710925,"n = 50"
50,-0.687746296256537,"n = 50"
50,-1.72402890632001,"n = 50"
50,-0.918597703724028,"n = 50"
50,-1.02966617962347,"n = 50"
50,1.24856156120858,"n = 50"
50,-0.238810682281435,"n = 50"
50,-0.755417489812278,"n = 50"
50,3.089840729005,"n = 50"
50,0.568264438140816,"n = 50"
50,0.585967493889871,"n = 50"
50,1.00838965215015,"n = 50"
50,-0.837533226256826,"n = 50"
50,0.639694171115359,"n = 50"
50,-0.905487526691902,"n = 50"
50,0.111865662220749,"n = 50"
50,-0.0591482660937835,"n = 50"
50,-0.0558769268772483,"n = 50"
50,0.924183736605062,"n = 50"
50,0.149081597495199,"n = 50"
50,1.20823047369908,"n = 50"
50,-1.0660147683633,"n = 50"
50,1.26186728651794,"n = 50"
50,1.7023565352493,"n = 50"
50,-0.0419943483548057,"n = 50"
50,0.665745943672184,"n = 50"
50,-1.24870978312652,"n = 50"
50,0.240227560123745,"n = 50"
50,0.632433712462206,"n = 50"
50,1.69572139161446,"n = 50"
50,2.87663625647556,"n = 50"
50,-0.211582010979581,"n = 50"
50,0.770749083876479,"n = 50"
50,-1.47056856046401,"n = 50"
50,0.458772790520965,"n = 50"
50,-1.26991601994191,"n = 50"
50,-0.392833263630665,"n = 50"
50,0.917834888821168,"n = 50"
50,3.00918999717188,"n = 50"
50,0.77832322825962,"n = 50"
50,-1.18338808904817,"n = 50"
50,-0.11244083433339,"n = 50"
50,-0.889408731002851,"n = 50"
50,1.24351776108354,"n = 50"
50,-0.773088420624584,"n = 50"
50,0.0385057971308583,"n = 50"
50,-0.536716638379195,"n = 50"
50,-0.218369857750351,"n = 50"
50,0.520244325512664,"n = 50"
50,-1.26782039656159,"n = 50"
50,-0.460399658784284,"n = 50"
50,-0.742561591637197,"n = 50"
50,0.0245374453660625,"n = 50"
50,-0.440043801594258,"n = 50"
50,-0.935534853796386,"n = 50"
50,-1.44811778501619,"n = 50"
50,0.721113689835206,"n = 50"
50,-1.38039182600933,"n = 50"
50,-0.504454952346631,"n = 50"
50,-0.775037797698515,"n = 50"
50,-1.61283923035117,"n = 50"
50,0.4267993522569,"n = 50"
50,1.39947174666156,"n = 50"
50,1.33616889199965,"n = 50"
50,0.459609820491777,"n = 50"
50,-0.373413756442335,"n = 50"
50,0.169752677701038,"n = 50"
50,-1.314738066964,"n = 50"
50,-0.850813658763786,"n = 50"
50,-0.14895197315376,"n = 50"
50,-0.997274574285558,"n = 50"
50,-0.219880951531055,"n = 50"
50,-1.86117702455387,"n = 50"
50,-0.973126637640989,"n = 50"
50,2.01384827744082,"n = 50"
50,1.25891800936063,"n = 50"
50,-1.42150853208969,"n = 50"
50,2.99664694914896,"n = 50"
50,0.015225763257944,"n = 50"
50,-0.371720956804761,"n = 50"
50,1.01682814763862,"n = 50"
50,-2.19771259691559,"n = 50"
50,-0.317221849928371,"n = 50"
50,0.829877360184742,"n = 50"
50,1.16049588537768,"n = 50"
50,-0.166629638879881,"n = 50"
50,0.382502268453397,"n = 50"
50,-0.504817245027963,"n = 50"
50,0.105479379091996,"n = 50"
50,1.05162036713838,"n = 50"
50,-1.64264107938224,"n = 50"
50,-0.160032067764699,"n = 50"
50,-0.0877420103559806,"n = 50"
50,-1.50512949180202,"n = 50"
50,-1.55862342515587,"n = 50"
50,2.39576638397175,"n = 50"
50,-2.05008151554395,"n = 50"
50,1.96476424314811,"n = 50"
50,-0.00543200539032047,"n = 50"
50,0.556744370038933,"n = 50"
50,2.76774495383229,"n = 50"
50,0.438876052897616,"n = 50"
50,-1.45203220320256,"n = 50"
50,-0.645378044799081,"n = 50"
50,0.328012133109136,"n = 50"
50,-0.946169497011232,"n = 50"
50,0.549488044892785,"n = 50"
50,0.750977019193732,"n = 50"
50,-0.195705006819074,"n = 50"
50,0.619441740418169,"n = 50"
50,-0.783816523619478,"n = 50"
50,2.17699306099634,"n = 50"
50,-1.17618419614389,"n = 50"
50,-1.32409503149174,"n = 50"
50,-0.660988204361841,"n = 50"
50,0.266248407244531,"n = 50"
50,-1.36967996586066,"n = 50"
50,0.356654491402074,"n = 50"
50,-0.843284534907054,"n = 50"
50,-0.46858741079157,"n = 50"
50,-0.134634629370911,"n = 50"
50,0.944102222104756,"n = 50"
50,1.08549622015877,"n = 50"
50,-0.345989651101783,"n = 50"
50,1.8518285720167,"n = 50"
50,-1.14192735660582,"n = 50"
50,-0.318135101195289,"n = 50"
50,1.54173563273384,"n = 50"
50,-0.528247716427042,"n = 50"
50,1.76878011958765,"n = 50"
50,-0.557328109642022,"n = 50"
50,0.584432058646255,"n = 50"
50,2.84355869068482,"n = 50"
50,1.20723275577798,"n = 50"
50,-0.116610907039269,"n = 50"
50,0.17116862449434,"n = 50"
50,-2.30154591357948,"n = 50"
50,-0.351236644148362,"n = 50"
50,-1.81424001826808,"n = 50"
50,-0.213134449134525,"n = 50"
50,0.263150618155489,"n = 50"
50,1.3436961197257,"n = 50"
50,4.14611845312089,"n = 50"
50,0.254209581068129,"n = 50"
50,1.12528487579538,"n = 50"
50,0.285395057395574,"n = 50"
50,-0.83887801848024,"n = 50"
50,-0.961250589218072,"n = 50"
50,1.14129469138312,"n = 50"
50,1.39822450449979,"n = 50"
50,-0.67125356197773,"n = 50"
50,0.477789543786608,"n = 50"
50,-0.49559289757635,"n = 50"
50,-2.05719691652378,"n = 50"
50,0.0279587092129938,"n = 50"
50,0.119883954189081,"n = 50"
50,0.128347526355217,"n = 50"
50,1.35375393379253,"n = 50"
50,0.499077634378214,"n = 50"
50,1.55922225092821,"n = 50"
50,0.447771342114849,"n = 50"
50,-0.209224047136089,"n = 50"
50,3.26622137614787,"n = 50"
50,-0.300654089901489,"n = 50"
50,0.668351472256892,"n = 50"
50,4.68103485538446,"n = 50"
50,2.57079786767083,"n = 50"
50,-0.00820752758832372,"n = 50"
50,-0.729830055882683,"n = 50"
50,-1.84646423578484,"n = 50"
50,-2.5403414740217,"n = 50"
50,-2.80536450716437,"n = 50"
50,-0.0432678229111548,"n = 50"
50,2.56630849861865,"n = 50"
50,1.11359853860196,"n = 50"
50,0.194372512974507,"n = 50"
50,-0.152083003548906,"n = 50"
50,0.40516553909942,"n = 50"
50,1.08487221438394,"n = 50"
50,-1.05017785870338,"n = 50"
50,-2.56863389554996,"n = 50"
50,-1.00967618778335,"n = 50"
50,1.96739207043493,"n = 50"
50,0.211197137994255,"n = 50"
50,-0.467983522598821,"n = 50"
50,-0.705171268927794,"n = 50"
50,0.73168702352479,"n = 50"
50,-0.768461349892165,"n = 50"
50,0.633592372461439,"n = 50"
50,-0.569253682607616,"n = 50"
50,1.99207563816317,"n = 50"
50,1.89931332767805,"n = 50"
50,-2.21411088273908,"n = 50"
50,1.63761649276436,"n = 50"
50,1.0817572587372,"n = 50"
50,0.342576520898231,"n = 50"
50,0.619738227860863,"n = 50"
50,-1.07711376413691,"n = 50"
50,1.11323116551054,"n = 50"
50,0.8597636912911,"n = 50"
50,0.752069810938535,"n = 50"
50,1.79130249013617,"n = 50"
50,-0.013876432966172,"n = 50"
50,1.39038646629923,"n = 50"
50,-0.0294825027688719,"n = 50"
50,0.211242488563183,"n = 50"
50,-0.127654678014168,"n = 50"
50,-0.185511911635762,"n = 50"
50,-0.778810729849517,"n = 50"
50,-0.187417901247346,"n = 50"
50,-0.703160479825339,"n = 50"
50,0.357684857291585,"n = 50"
50,-0.0564168930725848,"n = 50"
50,-1.22967569734526,"n = 50"
50,0.674045288856023,"n = 50"
50,0.0251868998958269,"n = 50"
50,-0.321135639895324,"n = 50"
50,1.25808479128444,"n = 50"
50,1.83848828004146,"n = 50"
50,-1.27406742835427,"n = 50"
50,0.897590838855597,"n = 50"
50,-1.29691895698826,"n = 50"
50,1.29166342823788,"n = 50"
50,-0.404785761909283,"n = 50"
50,-0.20307727846297,"n = 50"
50,-1.07110907840557,"n = 50"
50,-0.708930882495293,"n = 50"
50,-0.791529480968143,"n = 50"
50,-0.193294554658948,"n = 50"
50,0.277029463380725,"n = 50"
50,-0.328185865860941,"n = 50"
50,-0.487170438769775,"n = 50"
50,0.462470447433074,"n = 50"
50,0.503798905630343,"n = 50"
50,-1.05086805392433,"n = 50"
50,-0.226068961235456,"n = 50"
50,-0.453175329112401,"n = 50"
50,-0.0811204292319422,"n = 50"
50,1.55912248360229,"n = 50"
50,-0.185102279663667,"n = 50"
50,-1.30396406266105,"n = 50"
50,-0.373980011203296,"n = 50"
50,-0.478314176820441,"n = 50"
50,-0.499283608192308,"n = 50"
50,0.295778005595039,"n = 50"
50,-0.325729346556306,"n = 50"
50,-1.49145264793344,"n = 50"
50,-1.43494918742294,"n = 50"
50,-0.587233835129474,"n = 50"
50,-0.544956994765928,"n = 50"
50,-1.13327200727401,"n = 50"
50,1.78018480355419,"n = 50"
50,-0.468996682912013,"n = 50"
50,-0.0686819381392105,"n = 50"
50,-0.309878665763352,"n = 50"
50,-1.15169874337681,"n = 50"
50,-0.00791070011341986,"n = 50"
50,1.73766622058684,"n = 50"
50,0.122993893550684,"n = 50"
50,-1.49027727140346,"n = 50"
50,0.597932286429206,"n = 50"
50,-1.02517522213863,"n = 50"
50,-2.75951224779154,"n = 50"
50,-0.501759648057587,"n = 50"
50,-0.717958168455896,"n = 50"
50,-1.99700221729574,"n = 50"
50,0.241744945833036,"n = 50"
50,-1.29974740723173,"n = 50"
50,-1.05745242157726,"n = 50"
50,1.06199279301198,"n = 50"
50,0.920778364276769,"n = 50"
50,-2.21615271485624,"n = 50"
50,-2.07273678941467,"n = 50"
50,-1.44078822485412,"n = 50"
50,1.08198155774828,"n = 50"
50,-0.494304570511358,"n = 50"
50,-0.611055278949617,"n = 50"
50,0.128402328445024,"n = 50"
50,-0.956469385809025,"n = 50"
50,-0.776998845951629,"n = 50"
50,1.26590849506537,"n = 50"
50,-1.14041404893611,"n = 50"
50,1.8821595947443,"n = 50"
50,-1.56694100601388,"n = 50"
50,-0.0231409102594174,"n = 50"
50,-0.888698215892556,"n = 50"
50,-0.523561387869085,"n = 50"
50,0.402749871962103,"n = 50"
50,-0.128493410324282,"n = 50"
50,0.130917553277702,"n = 50"
50,-2.23687117190973,"n = 50"
50,-0.21837270623316,"n = 50"
50,1.93969514094641,"n = 50"
50,-0.631502487442989,"n = 50"
50,0.916572157506176,"n = 50"
50,-0.707363462999253,"n = 50"
50,-1.2648266631246,"n = 50"
50,-0.699553039536981,"n = 50"
50,0.626511317856959,"n = 50"
50,1.13506100579549,"n = 50"
50,-0.23978567588262,"n = 50"
50,0.152081411283488,"n = 50"
50,-1.3734258041642,"n = 50"
50,-0.0705364894712173,"n = 50"
50,-0.240317310450331,"n = 50"
50,1.29560035471955,"n = 50"
50,1.54271288566193,"n = 50"
50,-1.75641964884054,"n = 50"
50,0.744411646737976,"n = 50"
50,-0.87551814421255,"n = 50"
50,-0.608221102038885,"n = 50"
50,-0.698951924807997,"n = 50"
50,0.344270631004881,"n = 50"
50,-0.687142717387914,"n = 50"
50,1.35978990450245,"n = 50"
50,-2.59003777445283,"n = 50"
50,0.0997662612970602,"n = 50"
50,-0.351261972125748,"n = 50"
50,0.23601521637365,"n = 50"
50,0.516273385197753,"n = 50"
50,2.41252313008439,"n = 50"
50,0.281957822208199,"n = 50"
50,0.130886963016344,"n = 50"
50,-0.287622050728168,"n = 50"
50,-0.64564345266142,"n = 50"
50,-0.963441582791894,"n = 50"
50,-2.5117814928562,"n = 50"
50,0.0516657763432639,"n = 50"
50,2.1856085514638,"n = 50"
50,-1.37364373376587,"n = 50"
50,-0.0549468640255467,"n = 50"
50,0.473485976446999,"n = 50"
50,1.52574722848542,"n = 50"
50,-1.14045404120319,"n = 50"
50,-1.50294793786306,"n = 50"
50,-0.372024884030645,"n = 50"
50,0.480322113474764,"n = 50"
50,0.183632945701447,"n = 50"
50,1.90125337412567,"n = 50"
50,1.76264906781873,"n = 50"
50,-1.33360573966072,"n = 50"
50,-1.12946362831821,"n = 50"
50,-1.26132117290739,"n = 50"
50,0.552256777289109,"n = 50"
50,1.19342309274231,"n = 50"
50,1.5448850516302,"n = 50"
50,-0.760402954364412,"n = 50"
50,0.0207032067000838,"n = 50"
50,-0.755481285675241,"n = 50"
50,-1.06020186547461,"n = 50"
50,0.253348896399188,"n = 50"
50,-0.414412974829103,"n = 50"
50,-0.170185114046581,"n = 50"
50,-1.34120237167229,"n = 50"
50,-0.0411873985402003,"n = 50"
50,-0.989802698638372,"n = 50"
50,1.5461874070382,"n = 50"
50,-0.34748704141384,"n = 50"
50,0.125608002857648,"n = 50"
50,-0.418773681713846,"n = 50"
50,0.563521943547348,"n = 50"
50,-0.504163179863655,"n = 50"
50,-1.64520917841253,"n = 50"
50,1.72314955666804,"n = 50"
50,0.217492527914683,"n = 50"
50,-1.43482136649234,"n = 50"
50,-1.50714914946207,"n = 50"
50,0.641403494725115,"n = 50"
50,0.14808757941188,"n = 50"
50,0.62356443553545,"n = 50"
50,4.32456149479343,"n = 50"
50,1.82107622051338,"n = 50"
50,-0.0407506484482994,"n = 50"
50,3.40426115749989,"n = 50"
50,-0.921297889187092,"n = 50"
50,-1.16423339049525,"n = 50"
50,-2.85321415830528,"n = 50"
50,0.860847494782368,"n = 50"
50,-1.32543418405095,"n = 50"
50,-1.12365195042396,"n = 50"
50,0.0216693928337925,"n = 50"
50,-1.41110204928574,"n = 50"
50,-0.0519792944548048,"n = 50"
50,-0.807697413819754,"n = 50"
50,-3.08015868278344,"n = 50"
50,1.53558461873033,"n = 50"
50,-0.605104041222346,"n = 50"
50,-0.198812872613581,"n = 50"
50,-0.429323392547361,"n = 50"
50,-1.23232034966745,"n = 50"
50,1.81849429351723,"n = 50"
50,-1.09616074089354,"n = 50"
50,2.04449064001127,"n = 50"
50,0.320486641640755,"n = 50"
50,-0.860625260430926,"n = 50"
50,1.10609136694124,"n = 50"
50,-0.224278583202963,"n = 50"
50,-1.34045313663583,"n = 50"
50,0.44140138925762,"n = 50"
50,0.173782451903933,"n = 50"
50,0.97781584347416,"n = 50"
50,1.31407539988274,"n = 50"
50,-0.801249892412985,"n = 50"
50,2.71671181947476,"n = 50"
50,0.31605114426372,"n = 50"
50,-0.255990125133993,"n = 50"
50,1.16481254621257,"n = 50"
50,-2.15855884733445,"n = 50"
50,-1.67548485863173,"n = 50"
50,-0.809738570636521,"n = 50"
50,1.18353416002391,"n = 50"
50,0.854662393307179,"n = 50"
50,-0.802120045366995,"n = 50"
50,-0.0503488563260391,"n = 50"
50,0.782200962428662,"n = 50"
50,-0.456480569817523,"n = 50"
50,0.0588769802146533,"n = 50"
50,-0.393656683704743,"n = 50"
50,-0.505337269187026,"n = 50"
50,0.138505954005755,"n = 50"
50,1.22194292552672,"n = 50"
50,-1.75754022589561,"n = 50"
50,-0.210624141515213,"n = 50"
50,-2.09139537429584,"n = 50"
50,-0.678767654291092,"n = 50"
50,-0.956953538993599,"n = 50"
50,0.973117713615834,"n = 50"
50,-0.0267577372544273,"n = 50"
50,0.0741008372582143,"n = 50"
50,-1.34418310249877,"n = 50"
50,-0.110168775424443,"n = 50"
50,3.34350063959737,"n = 50"
50,-1.23485771803303,"n = 50"
50,0.605619070422059,"n = 50"
50,-0.688743067433042,"n = 50"
50,-0.258536235988671,"n = 50"
50,1.87827662697331,"n = 50"
50,-0.465602785668925,"n = 50"
50,-0.389203412528986,"n = 50"
50,-1.35315298555184,"n = 50"
50,-0.316788104761732,"n = 50"
50,1.43665090873157,"n = 50"
50,-2.08316984225349,"n = 50"
50,0.222125399405819,"n = 50"
50,-0.810263501614875,"n = 50"
50,0.144909402955184,"n = 50"
50,-3.09837439905994,"n = 50"
50,0.322919341828619,"n = 50"
50,-0.384908597101204,"n = 50"
50,3.09727403717138,"n = 50"
50,-0.623189982608502,"n = 50"
50,0.66371668789017,"n = 50"
50,-1.33946399421083,"n = 50"
50,-1.07443320471534,"n = 50"
50,0.581746144482051,"n = 50"
50,0.177071950427762,"n = 50"
50,-0.932463171406738,"n = 50"
50,0.003564455248623,"n = 50"
50,0.34650045398136,"n = 50"
50,-0.0582997862104791,"n = 50"
50,-0.977672351321777,"n = 50"
50,-0.55785203768122,"n = 50"
50,0.810063508530641,"n = 50"
50,3.96047434381425,"n = 50"
50,0.159539593263122,"n = 50"
50,1.68538467857684,"n = 50"
50,0.615408924135635,"n = 50"
50,0.242570332750523,"n = 50"
50,-0.426022032864572,"n = 50"
50,4.0038083398173,"n = 50"
50,-1.60199228807129,"n = 50"
50,1.7073206175082,"n = 50"
50,2.55361683352174,"n = 50"
50,1.00095899394945,"n = 50"
50,-0.851183606627674,"n = 50"
50,0.762316450966444,"n = 50"
50,-0.596842666641671,"n = 50"
50,0.589884061915703,"n = 50"
50,-1.00560186005701,"n = 50"
50,-0.0862128948135105,"n = 50"
50,1.54979699552691,"n = 50"
50,1.41558010306709,"n = 50"
50,-1.26650270472028,"n = 50"
50,-0.320078469442904,"n = 50"
50,1.13237721793144,"n = 50"
50,0.766007929022037,"n = 50"
50,-0.760756975873565,"n = 50"
50,0.216370807187412,"n = 50"
50,1.30825467453095,"n = 50"
50,-1.40606913636902,"n = 50"
50,-0.0269921389343637,"n = 50"
50,1.09286137479315,"n = 50"
50,1.95014176251449,"n = 50"
50,-0.174263359094675,"n = 50"
50,-1.49094545933648,"n = 50"
50,0.253226736287901,"n = 50"
50,-1.96391974915648,"n = 50"
50,0.979420299324671,"n = 50"
50,-0.357899964801238,"n = 50"
50,0.693394442932283,"n = 50"
50,0.136965352530449,"n = 50"
50,-1.07059039821917,"n = 50"
50,-0.869102124375933,"n = 50"
50,0.72711479941161,"n = 50"
50,-1.98687127558995,"n = 50"
50,-0.335117543240888,"n = 50"
50,1.80333258877353,"n = 50"
50,1.93183621621123,"n = 50"
50,-0.187026067885408,"n = 50"
50,0.728356704305613,"n = 50"
50,0.65331620224801,"n = 50"
50,-2.35397804481427,"n = 50"
50,0.321276001192152,"n = 50"
50,1.84279377813635,"n = 50"
50,-1.30646087924924,"n = 50"
50,0.651642724221894,"n = 50"
50,-0.099801273300619,"n = 50"
50,0.293330180774609,"n = 50"
50,-2.44492186293111,"n = 50"
50,2.05307199443102,"n = 50"
50,0.220336018939659,"n = 50"
50,-0.897173942152373,"n = 50"
50,-0.490895917478542,"n = 50"
50,1.44564260283321,"n = 50"
50,0.54114856045149,"n = 50"
50,-1.9372602738744,"n = 50"
50,-0.224883841627685,"n = 50"
50,0.566450200837982,"n = 50"
50,-0.47606445159837,"n = 50"
50,0.197099101513109,"n = 50"
50,0.659280409155366,"n = 50"
50,0.647832470109773,"n = 50"
50,-0.710821225330792,"n = 50"
50,0.0269147456368656,"n = 50"
50,-0.0898987545660633,"n = 50"
50,-0.441738609262034,"n = 50"
50,-0.350272271770375,"n = 50"
50,-0.00352666646563779,"n = 50"
50,-1.6196727115658,"n = 50"
50,0.380206086127385,"n = 50"
50,-0.157224796627186,"n = 50"
50,0.864137977111205,"n = 50"
50,0.486792753848725,"n = 50"
50,0.921830959070553,"n = 50"
50,-0.140744935786445,"n = 50"
50,-1.31132496863077,"n = 50"
50,2.91699853162284,"n = 50"
50,0.809292739318329,"n = 50"
50,2.88162189930156,"n = 50"
50,-1.74805892049214,"n = 50"
50,0.508237933058322,"n = 50"
50,1.0263144454283,"n = 50"
50,-1.13595704489494,"n = 50"
50,0.65830186543737,"n = 50"
50,-0.143009151649924,"n = 50"
50,-0.184735477014241,"n = 50"
50,-0.541253514752778,"n = 50"
50,-0.606089407463873,"n = 50"
50,0.372019253823585,"n = 50"
50,-0.448412247295935,"n = 50"
50,2.85252098783049,"n = 50"
50,0.678999237632129,"n = 50"
50,0.647698000355373,"n = 50"
50,1.30737676652552,"n = 50"
50,0.603397694072806,"n = 50"
50,1.24444363391689,"n = 50"
50,2.43288679498331,"n = 50"
50,0.311428307793031,"n = 50"
50,1.58686988673816,"n = 50"
50,0.85374277570098,"n = 50"
50,-1.07997930201948,"n = 50"
50,0.958035741909791,"n = 50"
50,-0.340226762667111,"n = 50"
50,0.128954743964737,"n = 50"
50,-0.689604526991105,"n = 50"
50,-0.763513639117761,"n = 50"
50,0.383984313961647,"n = 50"
50,0.598883249361767,"n = 50"
50,2.0102846400432,"n = 50"
50,0.143810696764389,"n = 50"
50,1.11976747092124,"n = 50"
50,0.912079056653388,"n = 50"
50,1.32571759678377,"n = 50"
50,3.21105572463184,"n = 50"
50,1.85876475051247,"n = 50"
50,1.80252073513197,"n = 50"
50,0.952779884142838,"n = 50"
50,-0.40721573856222,"n = 50"
50,1.22179575491335,"n = 50"
50,-1.39367296751237,"n = 50"
50,-1.38413924986044,"n = 50"
50,2.44077004044251,"n = 50"
50,-0.800395220705282,"n = 50"
50,-0.2823258691644,"n = 50"
50,2.07412301989837,"n = 50"
50,-1.95789984429486,"n = 50"
50,0.670954241862193,"n = 50"
50,0.204372236187652,"n = 50"
50,-1.80603231889867,"n = 50"
50,-1.0196248702393,"n = 50"
50,1.20628830700581,"n = 50"
50,-0.172891836125591,"n = 50"
50,-0.511726207929254,"n = 50"
50,-2.18797080104397,"n = 50"
50,-0.528231421482423,"n = 50"
50,0.861949228074211,"n = 50"
50,-0.41963415578175,"n = 50"
50,1.01813521448876,"n = 50"
50,-1.60322485237429,"n = 50"
50,1.49624700977401,"n = 50"
50,0.728577504006099,"n = 50"
50,-0.601986299080602,"n = 50"
50,0.451619304432774,"n = 50"
50,0.127251652773969,"n = 50"
50,-0.93386659078628,"n = 50"
50,0.665316022124145,"n = 50"
50,-1.84062627372624,"n = 50"
50,-0.670782553391147,"n = 50"
50,-0.193520575643921,"n = 50"
50,2.85646244166949,"n = 50"
50,0.135785729312111,"n = 50"
50,-0.121676196307437,"n = 50"
50,1.94567371705119,"n = 50"
50,-1.17322099454568,"n = 50"
50,0.519301589632684,"n = 50"
50,-0.237780227278306,"n = 50"
50,-0.749863148729447,"n = 50"
50,0.107974609919225,"n = 50"
50,-0.0223584727010115,"n = 50"
50,-0.561542725155252,"n = 50"
50,0.706674827073894,"n = 50"
50,1.93386013417038,"n = 50"
50,0.499384132648303,"n = 50"
50,-0.565239901896941,"n = 50"
50,0.326627148877527,"n = 50"
50,-1.05306425400003,"n = 50"
50,1.49480376849194,"n = 50"
50,0.430615108729493,"n = 50"
50,0.742445796854927,"n = 50"
50,-0.875712763093599,"n = 50"
50,-0.264433819583375,"n = 50"
50,1.02157789162447,"n = 50"
50,-0.71373160487725,"n = 50"
50,1.17443477742166,"n = 50"
50,0.405052935311226,"n = 50"
50,0.87998938919394,"n = 50"
50,0.717869176755746,"n = 50"
50,1.43222022678189,"n = 50"
50,1.55638104167599,"n = 50"
50,-3.0158413334084,"n = 50"
50,-0.743664070809402,"n = 50"
50,-1.48585860591439,"n = 50"
50,-0.543631926075243,"n = 50"
50,-0.288428768978549,"n = 50"
50,-0.100285886976106,"n = 50"
50,1.8995014364698,"n = 50"
50,1.74441897407896,"n = 50"
50,-0.937481224742257,"n = 50"
50,-1.66219987677479,"n = 50"
50,0.885210924370399,"n = 50"
50,0.52928003365287,"n = 50"
50,-1.70159061973865,"n = 50"
50,-1.50071897334627,"n = 50"
50,0.33531288677103,"n = 50"
50,-0.140266640597771,"n = 50"
50,-0.0421529944595258,"n = 50"
50,-0.155806319380044,"n = 50"
50,3.07152988307184,"n = 50"
50,-0.406641884899202,"n = 50"
50,-0.0930102189627348,"n = 50"
50,0.161123899055057,"n = 50"
50,0.414286993272426,"n = 50"
50,1.10043966136975,"n = 50"
50,1.11675179830903,"n = 50"
50,-0.858612511597258,"n = 50"
50,-1.02570884831621,"n = 50"
50,1.66859835617654,"n = 50"
50,-0.250285479039998,"n = 50"
50,-0.051960318097544,"n = 50"
50,-0.0690113028692761,"n = 50"
50,-1.75923160848715,"n = 50"
50,0.197590599265973,"n = 50"
50,-1.54798850850494,"n = 50"
50,1.87664522199536,"n = 50"
50,-0.643154015407602,"n = 50"
50,-1.4226471782582,"n = 50"
50,0.997026941734763,"n = 50"
50,-0.583932080862965,"n = 50"
50,-0.527059642151295,"n = 50"
50,-0.899286956531795,"n = 50"
50,-1.60849167309122,"n = 50"
50,0.533270221867359,"n = 50"
50,1.37903937608099,"n = 50"
50,1.13964297084299,"n = 50"
50,-0.925733093905569,"n = 50"
50,-0.136822303411603,"n = 50"
50,0.420574441647401,"n = 50"
50,-0.962349889682804,"n = 50"
50,-1.01235713511902,"n = 50"
50,0.442508431805769,"n = 50"
50,0.696291189883873,"n = 50"
50,0.656671254205675,"n = 50"
50,0.133133354948947,"n = 50"
50,2.55488304251366,"n = 50"
50,0.137256582245158,"n = 50"
50,0.462097187974389,"n = 50"
50,-1.02082003158813,"n = 50"
50,-0.115083625229992,"n = 50"
50,1.01608930508714,"n = 50"
50,0.471704892864556,"n = 50"
50,0.0860213056040207,"n = 50"
50,-1.80147437299415,"n = 50"
50,-1.89300521789994,"n = 50"
50,0.217886453486678,"n = 50"
50,-0.0264133130000106,"n = 50"
50,-0.242341427940334,"n = 50"
50,-1.64628747309301,"n = 50"
50,-0.704804501844446,"n = 50"
50,-1.4841292937309,"n = 50"
50,-0.0414806413705661,"n = 50"
50,-0.355093107503081,"n = 50"
50,0.722175317412535,"n = 50"
50,1.37260871898806,"n = 50"
50,-0.704800253912607,"n = 50"
50,1.06953930551553,"n = 50"
50,1.26791883236905,"n = 50"
50,-0.352191498294405,"n = 50"
50,1.95540375468565,"n = 50"
50,0.244469264231517,"n = 50"
50,-0.250634606889183,"n = 50"
50,0.55752101028409,"n = 50"
50,-1.35858723228165,"n = 50"
50,-0.404652241966581,"n = 50"
50,-0.487292840394766,"n = 50"
50,-0.407374333040658,"n = 50"
50,1.75898008306306,"n = 50"
50,-0.778548661972683,"n = 50"
50,-0.899158621365197,"n = 50"
50,0.0551211094163163,"n = 50"
50,1.35132477646153,"n = 50"
50,0.659353180467321,"n = 50"
50,0.110728709069307,"n = 50"
50,-0.318227674765168,"n = 50"
50,-0.871640157237604,"n = 50"
50,0.420103053931982,"n = 50"
50,-0.668258411617136,"n = 50"
50,-0.251345720545701,"n = 50"
50,2.16380598409209,"n = 50"
50,-1.14641643255747,"n = 50"
50,0.428971535031469,"n = 50"
50,1.20542386914463,"n = 50"
50,-0.322434648560829,"n = 50"
50,-0.425150409199224,"n = 50"
50,0.288270108822279,"n = 50"
50,-0.865667040588808,"n = 50"
50,-0.79683567684136,"n = 50"
50,0.71014884341057,"n = 50"
50,0.889465036241475,"n = 50"
50,2.44878655062089,"n = 50"
50,2.4275313943824,"n = 50"
50,-1.5752505515131,"n = 50"
50,-0.796783237621546,"n = 50"
50,0.856142691016948,"n = 50"
50,0.0618504209874502,"n = 50"
50,0.43468587958057,"n = 50"
50,0.621874966217289,"n = 50"
50,-0.0766436675294484,"n = 50"
50,0.0936793044793627,"n = 50"
50,-0.595683034730672,"n = 50"
50,0.951358814721384,"n = 50"
50,-0.471929813742464,"n = 50"
50,-0.995310053973536,"n = 50"
50,2.10107586051474,"n = 50"
50,-1.18728504058534,"n = 50"
50,1.14647273152095,"n = 50"
50,0.683378840759623,"n = 50"
50,-1.28942403141438,"n = 50"
50,-0.263896025046475,"n = 50"
50,-0.161068961690664,"n = 50"
50,0.996871698485899,"n = 50"
50,0.974263357923529,"n = 50"
50,-0.262133436483648,"n = 50"
50,-1.30681498710194,"n = 50"
50,0.0227603574528296,"n = 50"
50,0.447434475090201,"n = 50"
50,0.311477499301255,"n = 50"
50,-0.228093229642606,"n = 50"
50,1.80540745472967,"n = 50"
50,-0.692944669025607,"n = 50"
50,-1.60241904932857,"n = 50"
50,-0.820010007864636,"n = 50"
50,0.835426385871265,"n = 50"
50,-0.528858989667725,"n = 50"
50,0.0982228461723237,"n = 50"
50,2.56624556616782,"n = 50"
50,1.65050966604137,"n = 50"
50,-0.794411213234715,"n = 50"
50,-1.10786531595152,"n = 50"
50,-0.249467476560774,"n = 50"
50,1.78457978655101,"n = 50"
50,-1.91238056375669,"n = 50"
50,1.91946148782236,"n = 50"
50,-0.1688273794676,"n = 50"
50,-0.997698082142831,"n = 50"
50,0.0635637194659675,"n = 50"
50,0.687891116600943,"n = 50"
50,1.1384436720857,"n = 50"
50,0.907367613615889,"n = 50"
50,-2.08111172400515,"n = 50"
50,-0.64123796233558,"n = 50"
50,2.24367818566346,"n = 50"
50,0.858388205415948,"n = 50"
50,-0.603713234871306,"n = 50"
50,-0.353992919635313,"n = 50"
50,0.0370434284515129,"n = 50"
50,-0.585142855894588,"n = 50"
50,-1.79199802544947,"n = 50"
50,0.223038467710822,"n = 50"
50,-0.0563616316944403,"n = 50"
50,2.50305383271993,"n = 50"
50,-0.0653802811615016,"n = 50"
50,0.606652460237005,"n = 50"
50,-0.663661414612428,"n = 50"
50,2.19984512835139,"n = 50"
50,0.752387213892999,"n = 50"
50,-0.128311841672377,"n = 50"
50,1.20547930335692,"n = 50"
50,-2.16751321452258,"n = 50"
50,-1.63233692322482,"n = 50"
50,1.68395260508669,"n = 50"
50,-0.315937089013027,"n = 50"
50,0.844308934990885,"n = 50"
50,-0.289185729152068,"n = 50"
50,0.331344752080319,"n = 50"
50,-2.0823226233122,"n = 50"
50,-0.0271709315240406,"n = 50"
50,-1.11882988554065,"n = 50"
50,0.863343028121538,"n = 50"
50,-0.207115393882907,"n = 50"
50,-0.115717562853529,"n = 50"
50,1.25105367806248,"n = 50"
50,1.10647509964924,"n = 50"
50,2.47014137823566,"n = 50"
50,0.843633400411619,"n = 50"
50,0.250435274131757,"n = 50"
50,1.80672322228577,"n = 50"
50,0.192466960119047,"n = 50"
50,-0.86237225256484,"n = 50"
50,-0.493039594971453,"n = 50"
50,-0.456090537125825,"n = 50"
50,1.47769722294206,"n = 50"
50,-0.340393535125074,"n = 50"
50,1.07259104212438,"n = 50"
50,0.505770678016891,"n = 50"
50,-0.380764151126989,"n = 50"
50,1.45937248431923,"n = 50"
50,2.14204408578055,"n = 50"
50,-1.91523082047834,"n = 50"
50,0.302718418563087,"n = 50"
50,1.41380231225963,"n = 50"
50,-0.102451346352303,"n = 50"
50,0.731627191884896,"n = 50"
50,0.219451721308776,"n = 50"
50,-0.958671432318175,"n = 50"
50,0.359113785208282,"n = 50"
50,-0.991982732319011,"n = 50"
50,1.75960547777465,"n = 50"
50,-1.91043801712369,"n = 50"
50,0.617457570907182,"n = 50"
50,1.14242047193572,"n = 50"
50,1.51539153159702,"n = 50"
50,0.39408947800439,"n = 50"
50,-1.36319732075336,"n = 50"
50,-0.0501176876191295,"n = 50"
50,-0.694759931140208,"n = 50"
50,-0.395633736307929,"n = 50"
50,2.102833600138,"n = 50"
50,0.920906949006581,"n = 50"
50,1.75991274485632,"n = 50"
50,0.255327421291733,"n = 50"
50,0.700482607984179,"n = 50"
50,-0.858797770145899,"n = 50"
50,0.582277413945087,"n = 50"
50,0.164538210288211,"n = 50"
50,0.330654117213139,"n = 50"
50,0.878962020438829,"n = 50"
50,-0.890171452757032,"n = 50"
50,1.36156341608346,"n = 50"
50,-0.109331060442196,"n = 50"
50,-1.34254389304299,"n = 50"
50,0.610190333588589,"n = 50"
50,0.560756614207487,"n = 50"
50,1.17951590459606,"n = 50"
50,2.22505388761275,"n = 50"
50,1.43564721548555,"n = 50"
50,0.170556181029217,"n = 50"
50,2.56154802452826,"n = 50"
50,-0.444667460859514,"n = 50"
50,0.0531765114189575,"n = 50"
50,1.03108198863155,"n = 50"
50,-0.56959860213778,"n = 50"
50,0.515733328024972,"n = 50"
50,0.570420031164158,"n = 50"
50,-0.600446704418116,"n = 50"
50,0.0349234644059608,"n = 50"
50,0.460936257682158,"n = 50"
50,-0.236138561253642,"n = 50"
50,1.42353046209285,"n = 50"
50,0.273670887040788,"n = 50"
50,-0.599600598921021,"n = 50"
50,0.770363991697757,"n = 50"
50,0.0751113582749004,"n = 50"
50,-0.495655612570746,"n = 50"
50,0.952977980727711,"n = 50"
50,0.288758505569884,"n = 50"
50,0.715536078207819,"n = 50"
50,-2.31843475794563,"n = 50"
50,-1.00335273699177,"n = 50"
50,0.738064139919771,"n = 50"
50,-0.197009025220353,"n = 50"
50,-1.00034586878266,"n = 50"
50,0.0760117138538489,"n = 50"
50,-1.55379203569967,"n = 50"
50,-0.164399463362085,"n = 50"
50,0.645387093186534,"n = 50"
50,-0.248559430256202,"n = 50"
50,-2.00118616463891,"n = 50"
50,1.4129282527541,"n = 50"
50,1.41310526392326,"n = 50"
50,0.0472114313460852,"n = 50"
50,-1.42886349640182,"n = 50"
50,1.98955620834347,"n = 50"
50,-0.13537675015079,"n = 50"
50,-0.352871371234459,"n = 50"
50,-0.916030494637314,"n = 50"
50,1.4320940054204,"n = 50"
50,0.859918191425491,"n = 50"
50,-0.488318335622418,"n = 50"
50,-1.41072234702447,"n = 50"
50,0.339067288407656,"n = 50"
50,0.169475931855856,"n = 50"
50,0.0739306512922121,"n = 50"
50,-0.274705455151608,"n = 50"
50,0.418200697288139,"n = 50"
50,-1.53939584049002,"n = 50"
50,0.0818694520364529,"n = 50"
50,-0.118939476938685,"n = 50"
50,0.336330014969663,"n = 50"
50,0.785721370528717,"n = 50"
50,0.311700424390379,"n = 50"
50,0.740379866455155,"n = 50"
50,0.225584235070025,"n = 50"
50,0.23783749124853,"n = 50"
50,-0.723942348194143,"n = 50"
50,1.79400509541577,"n = 50"
50,-0.844527395505508,"n = 50"
50,0.688882409246502,"n = 50"
50,-0.873720355961373,"n = 50"
50,0.0532982251216954,"n = 50"
50,-0.442523169798803,"n = 50"
50,1.52678881840294,"n = 50"
50,1.74972995897909,"n = 50"
50,1.60823644421327,"n = 50"
50,0.0227817825810846,"n = 50"
50,0.822210863246523,"n = 50"
50,-2.39429435303235,"n = 50"
5000,-1.21533962309918,"n = 5000"
5000,1.94639203805152,"n = 5000"
5000,-0.00239204069584064,"n = 5000"
5000,-1.71468172901441,"n = 5000"
5000,-0.230987818176232,"n = 5000"
5000,-1.14597010688356,"n = 5000"
5000,-0.263845660423161,"n = 5000"
5000,-0.911767606249236,"n = 5000"
5000,1.15331100924903,"n = 5000"
5000,-0.966466096891472,"n = 5000"
5000,-2.53920860114347,"n = 5000"
5000,-0.821962558043014,"n = 5000"
5000,1.41294255963692,"n = 5000"
5000,-0.514421378926568,"n = 5000"
5000,-0.191340829607103,"n = 5000"
5000,-1.8827445333592,"n = 5000"
5000,1.50733047808635,"n = 5000"
5000,-0.195305018187582,"n = 5000"
5000,-0.429022246091504,"n = 5000"
5000,-1.49910178936757,"n = 5000"
5000,-0.797669766420998,"n = 5000"
5000,-0.982557890471829,"n = 5000"
5000,0.113273538279088,"n = 5000"
5000,1.02789154096613,"n = 5000"
5000,0.226230402787446,"n = 5000"
5000,-0.460090764191648,"n = 5000"
5000,0.545118351230825,"n = 5000"
5000,-1.41582082023751,"n = 5000"
5000,1.73750531331792,"n = 5000"
5000,1.90121188736806,"n = 5000"
5000,-1.34246557848448,"n = 5000"
5000,-0.696779435158882,"n = 5000"
5000,1.9416668302682,"n = 5000"
5000,1.23061235904246,"n = 5000"
5000,-0.419545363207084,"n = 5000"
5000,0.179748593245365,"n = 5000"
5000,-0.09647592837334,"n = 5000"
5000,0.414872720226798,"n = 5000"
5000,-0.473074557509182,"n = 5000"
5000,-0.134573654496488,"n = 5000"
5000,0.457817639581013,"n = 5000"
5000,0.0559723795224144,"n = 5000"
5000,0.31971586003736,"n = 5000"
5000,-0.824397904295842,"n = 5000"
5000,0.646879848250797,"n = 5000"
5000,-0.075011859202646,"n = 5000"
5000,0.544248694447932,"n = 5000"
5000,-0.211817562405991,"n = 5000"
5000,1.81937217292638,"n = 5000"
5000,-0.990824352336051,"n = 5000"
5000,-0.743693792037448,"n = 5000"
5000,-1.40326136754409,"n = 5000"
5000,0.371437548540952,"n = 5000"
5000,2.21362506105287,"n = 5000"
5000,-0.275786957610601,"n = 5000"
5000,0.0038085612655213,"n = 5000"
5000,-0.78244711661323,"n = 5000"
5000,0.837779474406572,"n = 5000"
5000,-0.632412474753439,"n = 5000"
5000,-0.371391865843926,"n = 5000"
5000,1.69184615287972,"n = 5000"
5000,0.410778751715268,"n = 5000"
5000,-0.830140170469761,"n = 5000"
5000,-0.802596254389466,"n = 5000"
5000,0.80681074833385,"n = 5000"
5000,-0.349371163279198,"n = 5000"
5000,-0.67918460193153,"n = 5000"
5000,-0.337086252772937,"n = 5000"
5000,0.766653318679921,"n = 5000"
5000,0.740985064112033,"n = 5000"
5000,-0.0693817769108129,"n = 5000"
5000,0.975561553805201,"n = 5000"
5000,0.571903459476859,"n = 5000"
5000,0.800598980484876,"n = 5000"
5000,0.895041412113031,"n = 5000"
5000,-1.51510289328806,"n = 5000"
5000,-2.5455051021626,"n = 5000"
5000,0.0664685952243344,"n = 5000"
5000,0.388851917844823,"n = 5000"
5000,-1.48829554411759,"n = 5000"
5000,0.18958800955314,"n = 5000"
5000,-0.67481393483012,"n = 5000"
5000,-0.308695662289482,"n = 5000"
5000,-0.207108336068744,"n = 5000"
5000,-0.621395130210601,"n = 5000"
5000,0.292279742830722,"n = 5000"
5000,-0.755534019610863,"n = 5000"
5000,-0.278957846537123,"n = 5000"
5000,-0.0579520852394748,"n = 5000"
5000,0.0673486048947821,"n = 5000"
5000,0.238388331324521,"n = 5000"
5000,0.837071171350753,"n = 5000"
5000,-0.418875966821034,"n = 5000"
5000,-0.327271790308453,"n = 5000"
5000,0.646846512773435,"n = 5000"
5000,-0.36991414047272,"n = 5000"
5000,-0.433308398466806,"n = 5000"
5000,-1.15458222098371,"n = 5000"
5000,1.65203359828573,"n = 5000"
5000,0.818184566861567,"n = 5000"
5000,0.331430862674673,"n = 5000"
5000,2.07291560413959,"n = 5000"
5000,0.539909370159393,"n = 5000"
5000,1.90504305274315,"n = 5000"
5000,0.914544989527758,"n = 5000"
5000,-0.17507818091383,"n = 5000"
5000,-0.503887850944073,"n = 5000"
5000,-1.04895143235951,"n = 5000"
5000,0.995256081712808,"n = 5000"
5000,0.684811096592112,"n = 5000"
5000,-0.351153294593828,"n = 5000"
5000,-0.135337305004397,"n = 5000"
5000,0.948095791889595,"n = 5000"
5000,-1.1785556881564,"n = 5000"
5000,-0.505665566775453,"n = 5000"
5000,1.68417073768624,"n = 5000"
5000,0.104771985473875,"n = 5000"
5000,0.991967211211978,"n = 5000"
5000,-1.27327443601038,"n = 5000"
5000,-1.0388705751784,"n = 5000"
5000,0.0059300998486924,"n = 5000"
5000,-1.84510995388535,"n = 5000"
5000,-0.51941788359999,"n = 5000"
5000,-0.999504180655627,"n = 5000"
5000,-1.58501621359562,"n = 5000"
5000,-0.706361869976511,"n = 5000"
5000,-0.346057581777336,"n = 5000"
5000,0.971847262390694,"n = 5000"
5000,-1.80409746928183,"n = 5000"
5000,0.581876968905213,"n = 5000"
5000,-0.384467566680898,"n = 5000"
5000,-0.718753707074625,"n = 5000"
5000,-0.0340019731217152,"n = 5000"
5000,0.68284349081786,"n = 5000"
5000,-0.898794600468524,"n = 5000"
5000,-0.184598075552269,"n = 5000"
5000,-0.333033842502937,"n = 5000"
5000,0.6875271707351,"n = 5000"
5000,1.76423981026895,"n = 5000"
5000,0.651700075249133,"n = 5000"
5000,0.0345083134215424,"n = 5000"
5000,-0.270479389451138,"n = 5000"
5000,-0.404614140790888,"n = 5000"
5000,0.0498760371966086,"n = 5000"
5000,-1.53684606508221,"n = 5000"
5000,-0.955593540997429,"n = 5000"
5000,-1.20125302647643,"n = 5000"
5000,-2.07781407368581,"n = 5000"
5000,-0.254816213834297,"n = 5000"
5000,-0.283066052480727,"n = 5000"
5000,0.503212326747112,"n = 5000"
5000,0.251556647030437,"n = 5000"
5000,-1.04157493839166,"n = 5000"
5000,-0.169432401079836,"n = 5000"
5000,0.0839266486537992,"n = 5000"
5000,-1.37542493399334,"n = 5000"
5000,-0.551884532596707,"n = 5000"
5000,0.722495473993647,"n = 5000"
5000,-0.635593525242486,"n = 5000"
5000,-0.998029326794015,"n = 5000"
5000,-0.198708766862208,"n = 5000"
5000,1.05656555920023,"n = 5000"
5000,0.471803511693274,"n = 5000"
5000,0.573750704599194,"n = 5000"
5000,0.935959802078166,"n = 5000"
5000,0.21193834367348,"n = 5000"
5000,-0.946145039502573,"n = 5000"
5000,1.35727795330908,"n = 5000"
5000,-2.10335043846782,"n = 5000"
5000,-0.0950957396006659,"n = 5000"
5000,0.0439824086104642,"n = 5000"
5000,-0.398203350716201,"n = 5000"
5000,1.56030955257329,"n = 5000"
5000,1.01642820245337,"n = 5000"
5000,-1.98570210781007,"n = 5000"
5000,2.1945970612213,"n = 5000"
5000,2.2373890672904,"n = 5000"
5000,-0.686596685437193,"n = 5000"
5000,0.584858239597978,"n = 5000"
5000,-1.62589991531864,"n = 5000"
5000,-0.737869689019997,"n = 5000"
5000,0.676164993585038,"n = 5000"
5000,-0.72049377971579,"n = 5000"
5000,-0.850811267704489,"n = 5000"
5000,2.54873163361118,"n = 5000"
5000,-1.03111806146034,"n = 5000"
5000,-1.00521016070723,"n = 5000"
5000,-0.448756575359504,"n = 5000"
5000,-0.258040544766429,"n = 5000"
5000,0.795182690867006,"n = 5000"
5000,1.58992396626026,"n = 5000"
5000,-0.974402405610396,"n = 5000"
5000,-0.139146279635294,"n = 5000"
5000,0.629488456114393,"n = 5000"
5000,0.124982975809505,"n = 5000"
5000,-1.35354237992765,"n = 5000"
5000,-0.865073030938943,"n = 5000"
5000,0.737046690784493,"n = 5000"
5000,0.175006082798187,"n = 5000"
5000,0.372617269151033,"n = 5000"
5000,-0.375009525106429,"n = 5000"
5000,-1.10756597296367,"n = 5000"
5000,1.48316792574377,"n = 5000"
5000,0.588212309821804,"n = 5000"
5000,1.57242979276961,"n = 5000"
5000,-0.346901879957071,"n = 5000"
5000,-0.287906131956158,"n = 5000"
5000,1.20362839156741,"n = 5000"
5000,0.0182269586782358,"n = 5000"
5000,0.785061039350239,"n = 5000"
5000,-0.491994493017906,"n = 5000"
5000,1.74205396017825,"n = 5000"
5000,-1.5262521165289,"n = 5000"
5000,-0.455494377143642,"n = 5000"
5000,0.236602526645991,"n = 5000"
5000,-0.306062344730091,"n = 5000"
5000,-0.943267176103119,"n = 5000"
5000,-0.152102724888802,"n = 5000"
5000,0.839750607552392,"n = 5000"
5000,-1.1920730617415,"n = 5000"
5000,2.14462267015867,"n = 5000"
5000,-0.0647846108345737,"n = 5000"
5000,-2.01672873930293,"n = 5000"
5000,-1.345435327721,"n = 5000"
5000,-0.249071888209932,"n = 5000"
5000,-1.13073243608646,"n = 5000"
5000,1.2220982858196,"n = 5000"
5000,-0.0262638358548793,"n = 5000"
5000,1.43625385249323,"n = 5000"
5000,-0.135309015729727,"n = 5000"
5000,2.15370057100444,"n = 5000"
5000,-1.6306348790198,"n = 5000"
5000,-1.3627289093415,"n = 5000"
5000,1.03259047690161,"n = 5000"
5000,-0.473309137274028,"n = 5000"
5000,0.205732836317604,"n = 5000"
5000,-1.6243847372399,"n = 5000"
5000,-0.0102514677487808,"n = 5000"
5000,-0.484243704673264,"n = 5000"
5000,-0.083355597147435,"n = 5000"
5000,-0.805767363556906,"n = 5000"
5000,2.0972542212213,"n = 5000"
5000,2.20049621817615,"n = 5000"
5000,0.382157473441927,"n = 5000"
5000,-0.608104709844896,"n = 5000"
5000,0.181193581885467,"n = 5000"
5000,-0.0922956023365552,"n = 5000"
5000,0.12841595175892,"n = 5000"
5000,0.467384714412241,"n = 5000"
5000,-1.48000907733801,"n = 5000"
5000,0.0820474726596326,"n = 5000"
5000,1.38516159814002,"n = 5000"
5000,-0.769150066616368,"n = 5000"
5000,-1.14256573116897,"n = 5000"
5000,0.163937316539175,"n = 5000"
5000,-0.283900278969311,"n = 5000"
5000,-1.22109715812522,"n = 5000"
5000,-0.547094634047522,"n = 5000"
5000,0.776767402977379,"n = 5000"
5000,-1.43793961557769,"n = 5000"
5000,0.346890125062176,"n = 5000"
5000,0.455774974838051,"n = 5000"
5000,2.20007022495887,"n = 5000"
5000,0.241088276153852,"n = 5000"
5000,0.402514337890961,"n = 5000"
5000,0.913812717274346,"n = 5000"
5000,-1.18399346186044,"n = 5000"
5000,-0.00825120045684089,"n = 5000"
5000,-0.62696656274037,"n = 5000"
5000,-1.12188572923637,"n = 5000"
5000,0.824369720498849,"n = 5000"
5000,-0.932917847357842,"n = 5000"
5000,2.24185006487607,"n = 5000"
5000,-0.212694451367787,"n = 5000"
5000,-0.94904350196599,"n = 5000"
5000,0.655617797466173,"n = 5000"
5000,1.31403215805002,"n = 5000"
5000,0.74665849105994,"n = 5000"
5000,-1.92082454362411,"n = 5000"
5000,1.40170421032849,"n = 5000"
5000,-0.195733823924873,"n = 5000"
5000,1.30091807220338,"n = 5000"
5000,0.22911199783154,"n = 5000"
5000,-1.1664245444402,"n = 5000"
5000,-0.345761685750902,"n = 5000"
5000,-0.178279306369418,"n = 5000"
5000,1.16082024251435,"n = 5000"
5000,-2.57037928721236,"n = 5000"
5000,1.1566693807062,"n = 5000"
5000,1.89236248225023,"n = 5000"
5000,-2.33719181315708,"n = 5000"
5000,1.12413967931818,"n = 5000"
5000,0.691342244961038,"n = 5000"
5000,-1.32653062887707,"n = 5000"
5000,1.5147900856588,"n = 5000"
5000,0.0382690559089279,"n = 5000"
5000,-0.495185979567943,"n = 5000"
5000,2.06838098233097,"n = 5000"
5000,-0.387290161092634,"n = 5000"
5000,0.486657550762537,"n = 5000"
5000,0.217557238346772,"n = 5000"
5000,-1.72011129523749,"n = 5000"
5000,-0.798285924485738,"n = 5000"
5000,-0.237938947934353,"n = 5000"
5000,0.849057865689867,"n = 5000"
5000,0.522771075800246,"n = 5000"
5000,-0.110756303265351,"n = 5000"
5000,-0.653725661198603,"n = 5000"
5000,-0.749640086470317,"n = 5000"
5000,-0.459699485110069,"n = 5000"
5000,0.715706887275059,"n = 5000"
5000,1.79074387813201,"n = 5000"
5000,-0.288331134088412,"n = 5000"
5000,0.607285768494453,"n = 5000"
5000,-0.770962004662945,"n = 5000"
5000,-1.45648490331049,"n = 5000"
5000,0.00989973976164891,"n = 5000"
5000,-2.16218514953889,"n = 5000"
5000,0.406881549534358,"n = 5000"
5000,0.390074224936484,"n = 5000"
5000,1.08100658893371,"n = 5000"
5000,1.89119905676521,"n = 5000"
5000,-0.0805762804092374,"n = 5000"
5000,-1.34524982476462,"n = 5000"
5000,-2.32161749530736,"n = 5000"
5000,-0.57759212506071,"n = 5000"
5000,-2.03637710581003,"n = 5000"
5000,0.608368412117071,"n = 5000"
5000,-0.3895756303501,"n = 5000"
5000,-0.439692154892155,"n = 5000"
5000,0.951238338090651,"n = 5000"
5000,-0.423164003512657,"n = 5000"
5000,-0.666444876807039,"n = 5000"
5000,-0.782846073236422,"n = 5000"
5000,1.12156104455697,"n = 5000"
5000,0.766491383512154,"n = 5000"
5000,0.367081608156625,"n = 5000"
5000,-2.4658219404984,"n = 5000"
5000,-1.06256972445642,"n = 5000"
5000,-0.786768024128948,"n = 5000"
5000,0.150128300847877,"n = 5000"
5000,0.834668953864118,"n = 5000"
5000,0.332456842455985,"n = 5000"
5000,2.0021820276868,"n = 5000"
5000,-0.507995135386261,"n = 5000"
5000,1.22285288714804,"n = 5000"
5000,0.278073195472719,"n = 5000"
5000,0.96722508457335,"n = 5000"
5000,0.642661971934492,"n = 5000"
5000,1.60694953238753,"n = 5000"
5000,1.36315593818204,"n = 5000"
5000,-0.456117354630489,"n = 5000"
5000,-0.674937977729782,"n = 5000"
5000,1.17119993837035,"n = 5000"
5000,1.3065969522409,"n = 5000"
5000,0.213786355215112,"n = 5000"
5000,-0.587715506337128,"n = 5000"
5000,1.26321676118192,"n = 5000"
5000,-0.949016276035721,"n = 5000"
5000,-0.0276776897636191,"n = 5000"
5000,1.00295549086207,"n = 5000"
5000,0.324813751405827,"n = 5000"
5000,-0.117682661768211,"n = 5000"
5000,-0.278321212543849,"n = 5000"
5000,-2.08879255737986,"n = 5000"
5000,-0.639580157692649,"n = 5000"
5000,2.04218680604836,"n = 5000"
5000,-0.748579507349669,"n = 5000"
5000,2.05513754674753,"n = 5000"
5000,-0.328797720753143,"n = 5000"
5000,0.0595642928949411,"n = 5000"
5000,-2.08020793942051,"n = 5000"
5000,1.16337157552168,"n = 5000"
5000,-0.377085348507013,"n = 5000"
5000,0.39686971087182,"n = 5000"
5000,1.10934018676426,"n = 5000"
5000,-1.23093556607005,"n = 5000"
5000,1.45719005307818,"n = 5000"
5000,-0.182743413852234,"n = 5000"
5000,-0.193520049872881,"n = 5000"
5000,-0.434730228957274,"n = 5000"
5000,-2.38086772397418,"n = 5000"
5000,1.4218367879104,"n = 5000"
5000,0.269642329521517,"n = 5000"
5000,-1.45706715405335,"n = 5000"
5000,0.748756991164018,"n = 5000"
5000,0.911095758462496,"n = 5000"
5000,1.21292643084503,"n = 5000"
5000,0.696160142462973,"n = 5000"
5000,-0.240350147876681,"n = 5000"
5000,-2.21843132303441,"n = 5000"
5000,0.913511016996274,"n = 5000"
5000,-2.17864064083137,"n = 5000"
5000,1.16210723825688,"n = 5000"
5000,-0.153728085238115,"n = 5000"
5000,1.93935236825529,"n = 5000"
5000,-0.0594451389999068,"n = 5000"
5000,-0.0849798629705469,"n = 5000"
5000,1.74860900267217,"n = 5000"
5000,0.0279055291963893,"n = 5000"
5000,2.34881970849573,"n = 5000"
5000,0.709132825280572,"n = 5000"
5000,-1.45170501136556,"n = 5000"
5000,0.944076992521371,"n = 5000"
5000,1.46907914255565,"n = 5000"
5000,0.00348534376359386,"n = 5000"
5000,0.187721630166255,"n = 5000"
5000,-1.02318635796007,"n = 5000"
5000,-1.2086902130096,"n = 5000"
5000,0.441999442398319,"n = 5000"
5000,0.278043614718595,"n = 5000"
5000,0.0302844613975904,"n = 5000"
5000,-0.478873186861668,"n = 5000"
5000,-0.416315667235334,"n = 5000"
5000,-0.901461317144629,"n = 5000"
5000,0.138122782798468,"n = 5000"
5000,-0.87296025049116,"n = 5000"
5000,1.16222233295414,"n = 5000"
5000,-1.16892716562387,"n = 5000"
5000,0.123901818395248,"n = 5000"
5000,0.655181994991571,"n = 5000"
5000,0.344220759591385,"n = 5000"
5000,-0.44899997158586,"n = 5000"
5000,-1.67277761491397,"n = 5000"
5000,0.410293157596072,"n = 5000"
5000,-0.225198792655245,"n = 5000"
5000,-0.2070142528762,"n = 5000"
5000,-0.179337748732395,"n = 5000"
5000,-0.168391524132056,"n = 5000"
5000,0.59362474409804,"n = 5000"
5000,0.344679347290622,"n = 5000"
5000,-0.14575769505712,"n = 5000"
5000,-2.1180142876512,"n = 5000"
5000,-0.0374993572140789,"n = 5000"
5000,-0.0432788251988471,"n = 5000"
5000,0.514359206022373,"n = 5000"
5000,-1.62594922117408,"n = 5000"
5000,0.439370826566644,"n = 5000"
5000,-1.35674003413402,"n = 5000"
5000,-0.833431359905148,"n = 5000"
5000,-1.40416834594079,"n = 5000"
5000,-0.805006584552222,"n = 5000"
5000,-1.23070731929546,"n = 5000"
5000,-0.548582076070649,"n = 5000"
5000,-0.109902728756566,"n = 5000"
5000,-0.637616634245616,"n = 5000"
5000,-0.416521217792085,"n = 5000"
5000,-0.133991675538316,"n = 5000"
5000,0.334227709692916,"n = 5000"
5000,0.833192963014989,"n = 5000"
5000,-1.55907044571849,"n = 5000"
5000,-0.255423587006607,"n = 5000"
5000,-0.458462068312143,"n = 5000"
5000,0.420365594799496,"n = 5000"
5000,-0.59419736045318,"n = 5000"
5000,1.13147967368475,"n = 5000"
5000,-1.19349921284158,"n = 5000"
5000,1.09476986278901,"n = 5000"
5000,-0.568454667159767,"n = 5000"
5000,-0.588243888183312,"n = 5000"
5000,-0.361220919058397,"n = 5000"
5000,-0.589098074576831,"n = 5000"
5000,-0.0499035543774836,"n = 5000"
5000,-0.891183401930382,"n = 5000"
5000,-0.78261674821987,"n = 5000"
5000,1.28085670529048,"n = 5000"
5000,-0.451978972447318,"n = 5000"
5000,1.79696692639613,"n = 5000"
5000,0.805188609763231,"n = 5000"
5000,-0.487990217890758,"n = 5000"
5000,-2.26128429355854,"n = 5000"
5000,-0.596984027891271,"n = 5000"
5000,0.755199483452604,"n = 5000"
5000,0.671669068152921,"n = 5000"
5000,-0.598381477259459,"n = 5000"
5000,-2.61202258041288,"n = 5000"
5000,-0.305035218995479,"n = 5000"
5000,1.13262617781899,"n = 5000"
5000,-1.87762818133471,"n = 5000"
5000,2.00685872239034,"n = 5000"
5000,-2.31434946408609,"n = 5000"
5000,0.279627243078351,"n = 5000"
5000,-0.356880060540469,"n = 5000"
5000,1.02931857893411,"n = 5000"
5000,1.99362251393634,"n = 5000"
5000,0.510988505490824,"n = 5000"
5000,-1.1151869938891,"n = 5000"
5000,-1.46496041969264,"n = 5000"
5000,-0.273773572824004,"n = 5000"
5000,1.23240216609343,"n = 5000"
5000,-1.27034526814358,"n = 5000"
5000,0.454447418090198,"n = 5000"
5000,0.349433272220682,"n = 5000"
5000,1.76322929703376,"n = 5000"
5000,0.18398001449676,"n = 5000"
5000,-0.570671493326086,"n = 5000"
5000,-0.0185397478428896,"n = 5000"
5000,-2.16450444229786,"n = 5000"
5000,-0.897250904582763,"n = 5000"
5000,0.99352178399001,"n = 5000"
5000,1.8689510221914,"n = 5000"
5000,0.0258675021968713,"n = 5000"
5000,0.580194529262647,"n = 5000"
5000,0.178004951047065,"n = 5000"
5000,-0.858799849877332,"n = 5000"
5000,0.909991818495752,"n = 5000"
5000,0.00760672417177998,"n = 5000"
5000,0.0546115936256717,"n = 5000"
5000,-0.851713596738432,"n = 5000"
5000,-2.01917851481007,"n = 5000"
5000,-0.987404467550908,"n = 5000"
5000,-0.107878290521153,"n = 5000"
5000,0.202199455559402,"n = 5000"
5000,0.87460664783449,"n = 5000"
5000,-1.28202628999188,"n = 5000"
5000,-0.219646841404904,"n = 5000"
5000,-1.45456373030517,"n = 5000"
5000,-0.159482418961538,"n = 5000"
5000,-0.657404316139096,"n = 5000"
5000,2.90894005154134,"n = 5000"
5000,0.736963951639692,"n = 5000"
5000,0.842845520994401,"n = 5000"
5000,1.27916147804573,"n = 5000"
5000,-1.09450209952122,"n = 5000"
5000,-0.0247610143673627,"n = 5000"
5000,-1.06450591476576,"n = 5000"
5000,0.875465242360591,"n = 5000"
5000,-0.0503402001210064,"n = 5000"
5000,-1.21887556700277,"n = 5000"
5000,2.10487439477719,"n = 5000"
5000,0.0982786862603371,"n = 5000"
5000,-1.66335312768232,"n = 5000"
5000,2.44379015925246,"n = 5000"
5000,1.62607243547384,"n = 5000"
5000,-0.878535770985417,"n = 5000"
5000,-2.24535236369446,"n = 5000"
5000,0.362670205263518,"n = 5000"
5000,-0.405705026602175,"n = 5000"
5000,0.504968368814597,"n = 5000"
5000,-2.17271885071633,"n = 5000"
5000,-0.261514478071698,"n = 5000"
5000,-0.0766192819928283,"n = 5000"
5000,1.30240989559627,"n = 5000"
5000,-1.44985267716513,"n = 5000"
5000,-1.04772884579798,"n = 5000"
5000,-1.18557279096978,"n = 5000"
5000,-1.00264631701428,"n = 5000"
5000,-1.50330056180657,"n = 5000"
5000,1.17343924016191,"n = 5000"
5000,-0.00616605723106738,"n = 5000"
5000,-0.0710349357710937,"n = 5000"
5000,0.867071510503938,"n = 5000"
5000,-1.33907905983643,"n = 5000"
5000,0.58745148004941,"n = 5000"
5000,0.343622417916489,"n = 5000"
5000,-0.223857922107495,"n = 5000"
5000,0.975416022498518,"n = 5000"
5000,-0.555454533070002,"n = 5000"
5000,-0.668001378085437,"n = 5000"
5000,1.11551645705925,"n = 5000"
5000,-0.762615388060804,"n = 5000"
5000,1.21935272815801,"n = 5000"
5000,0.98594699997008,"n = 5000"
5000,0.445911554527878,"n = 5000"
5000,-0.223184537435906,"n = 5000"
5000,1.19673276413735,"n = 5000"
5000,-1.71140712569156,"n = 5000"
5000,-1.30803418326596,"n = 5000"
5000,-1.20922782552175,"n = 5000"
5000,-1.39639573829413,"n = 5000"
5000,-0.255517898878508,"n = 5000"
5000,-0.07237938785986,"n = 5000"
5000,2.65600819688711,"n = 5000"
5000,1.25291937356028,"n = 5000"
5000,-1.7024591962456,"n = 5000"
5000,0.0127523835423011,"n = 5000"
5000,2.79240740277572,"n = 5000"
5000,0.764977529738064,"n = 5000"
5000,-1.09198997928902,"n = 5000"
5000,0.333131144811689,"n = 5000"
5000,0.227266749127306,"n = 5000"
5000,-0.229530738890363,"n = 5000"
5000,-1.5897259634619,"n = 5000"
5000,-0.562418710623284,"n = 5000"
5000,-0.454879529519617,"n = 5000"
5000,-2.93368075967737,"n = 5000"
5000,-0.829517228891584,"n = 5000"
5000,-2.47203552529416,"n = 5000"
5000,-0.901280538374423,"n = 5000"
5000,-1.22042298610681,"n = 5000"
5000,-0.320557398436847,"n = 5000"
5000,-0.819839769873855,"n = 5000"
5000,-2.33648907405607,"n = 5000"
5000,1.62258245429194,"n = 5000"
5000,0.96473080799389,"n = 5000"
5000,-0.249516054905959,"n = 5000"
5000,-0.169746734890874,"n = 5000"
5000,0.40423986233348,"n = 5000"
5000,-1.51543008271641,"n = 5000"
5000,1.21404953211573,"n = 5000"
5000,0.786824733581157,"n = 5000"
5000,1.51995619429373,"n = 5000"
5000,-2.00345304496346,"n = 5000"
5000,1.07976643678239,"n = 5000"
5000,1.22359970942034,"n = 5000"
5000,-1.60986095991111,"n = 5000"
5000,1.17611872882988,"n = 5000"
5000,-0.217609434068638,"n = 5000"
5000,0.180483935570637,"n = 5000"
5000,1.05734250596304,"n = 5000"
5000,-0.922589275654157,"n = 5000"
5000,1.25958698862596,"n = 5000"
5000,1.1790335446991,"n = 5000"
5000,-0.449342569820012,"n = 5000"
5000,-0.585461261624635,"n = 5000"
5000,0.948417704331015,"n = 5000"
5000,-0.488101018624768,"n = 5000"
5000,1.03644023656678,"n = 5000"
5000,-0.876955932267392,"n = 5000"
5000,-0.521623313481162,"n = 5000"
5000,-0.692456201298833,"n = 5000"
5000,-0.574239014625322,"n = 5000"
5000,-2.00577651221581,"n = 5000"
5000,0.471448522869862,"n = 5000"
5000,0.652052015434895,"n = 5000"
5000,0.0471117878633992,"n = 5000"
5000,-0.495542170031504,"n = 5000"
5000,-1.16254084892108,"n = 5000"
5000,1.34473042487203,"n = 5000"
5000,-0.206187037255525,"n = 5000"
5000,-0.958598983192568,"n = 5000"
5000,-1.06096705300723,"n = 5000"
5000,1.53653541683966,"n = 5000"
5000,0.89883661528813,"n = 5000"
5000,0.1040683491487,"n = 5000"
5000,1.10106978625256,"n = 5000"
5000,-1.42439302700755,"n = 5000"
5000,-0.227372673759931,"n = 5000"
5000,0.882077580436044,"n = 5000"
5000,-1.26643369942523,"n = 5000"
5000,-0.44266764386932,"n = 5000"
5000,-1.68210958961216,"n = 5000"
5000,0.208503741381199,"n = 5000"
5000,-1.01706246765406,"n = 5000"
5000,-0.657270841536228,"n = 5000"
5000,0.449217658834813,"n = 5000"
5000,-0.072300965315733,"n = 5000"
5000,-0.0291625082457324,"n = 5000"
5000,-1.16093887523479,"n = 5000"
5000,-0.458931123500578,"n = 5000"
5000,0.175779538344432,"n = 5000"
5000,0.941433529166374,"n = 5000"
5000,-0.580935905417892,"n = 5000"
5000,0.689334419148385,"n = 5000"
5000,-0.597763962799733,"n = 5000"
5000,-0.941742746488153,"n = 5000"
5000,-0.138026978885711,"n = 5000"
5000,-1.15085234406504,"n = 5000"
5000,0.128067112193936,"n = 5000"
5000,0.973722537923899,"n = 5000"
5000,-1.08925954314692,"n = 5000"
5000,0.792695672167782,"n = 5000"
5000,-0.799773245228813,"n = 5000"
5000,-0.239939325295367,"n = 5000"
5000,-0.214747622306033,"n = 5000"
5000,-0.67915275349683,"n = 5000"
5000,1.68895234273436,"n = 5000"
5000,-0.639123964981079,"n = 5000"
5000,0.478130019914881,"n = 5000"
5000,-1.06851807939662,"n = 5000"
5000,0.415239926588929,"n = 5000"
5000,1.58742017450195,"n = 5000"
5000,-0.511215358253424,"n = 5000"
5000,0.739959491590121,"n = 5000"
5000,0.0399104540581174,"n = 5000"
5000,0.300783909076461,"n = 5000"
5000,-0.428399518567763,"n = 5000"
5000,1.00285968369376,"n = 5000"
5000,1.13172258276842,"n = 5000"
5000,-1.00289647554211,"n = 5000"
5000,0.707578838254597,"n = 5000"
5000,0.0144364320007481,"n = 5000"
5000,-0.683400396983138,"n = 5000"
5000,0.25455259449262,"n = 5000"
5000,0.639943816386771,"n = 5000"
5000,-0.566407773295707,"n = 5000"
5000,-0.128927182713699,"n = 5000"
5000,0.30999457590238,"n = 5000"
5000,-0.2976318576024,"n = 5000"
5000,0.552148135604875,"n = 5000"
5000,-0.658682470975774,"n = 5000"
5000,0.118967631277152,"n = 5000"
5000,1.10211579571463,"n = 5000"
5000,-0.086346068356651,"n = 5000"
5000,-0.156990495898395,"n = 5000"
5000,0.214789586377418,"n = 5000"
5000,-0.638108297579199,"n = 5000"
5000,1.251784007811,"n = 5000"
5000,-0.243953171218444,"n = 5000"
5000,0.407991068484026,"n = 5000"
5000,1.01375654895877,"n = 5000"
5000,0.0180153074731293,"n = 5000"
5000,-1.8960144498895,"n = 5000"
5000,-0.840352116952809,"n = 5000"
5000,0.849198850502025,"n = 5000"
5000,-2.06437122814099,"n = 5000"
5000,-1.60196243578155,"n = 5000"
5000,0.561497682780507,"n = 5000"
5000,-1.14176757290593,"n = 5000"
5000,0.584183315979573,"n = 5000"
5000,-0.170829275331815,"n = 5000"
5000,-0.348084322619631,"n = 5000"
5000,0.270858755133813,"n = 5000"
5000,1.02643044947303,"n = 5000"
5000,0.317459342303984,"n = 5000"
5000,-1.26914780838017,"n = 5000"
5000,-0.271419888245854,"n = 5000"
5000,-1.12605473877627,"n = 5000"
5000,0.400779121125584,"n = 5000"
5000,0.199681743640062,"n = 5000"
5000,-0.127222823885069,"n = 5000"
5000,-2.18576120152592,"n = 5000"
5000,-0.331238829747641,"n = 5000"
5000,-0.109403967353494,"n = 5000"
5000,-1.11742765643547,"n = 5000"
5000,-2.89763532159197,"n = 5000"
5000,-0.207820657906699,"n = 5000"
5000,0.404000870582678,"n = 5000"
5000,1.0013431647865,"n = 5000"
5000,-0.27552819673739,"n = 5000"
5000,-0.237538884368363,"n = 5000"
5000,0.0363995305171189,"n = 5000"
5000,1.63378823822572,"n = 5000"
5000,-0.112239657467095,"n = 5000"
5000,-0.779296028265858,"n = 5000"
5000,0.557082404668437,"n = 5000"
5000,-2.22620064178046,"n = 5000"
5000,0.306959135315945,"n = 5000"
5000,0.80289538548506,"n = 5000"
5000,0.507637182909505,"n = 5000"
5000,-0.0206592900270971,"n = 5000"
5000,0.309008800495673,"n = 5000"
5000,-0.620247713172385,"n = 5000"
5000,1.6386727982243,"n = 5000"
5000,-1.08241825034155,"n = 5000"
5000,0.575438102210705,"n = 5000"
5000,-1.02961050459142,"n = 5000"
5000,-0.554159534052322,"n = 5000"
5000,-0.411296786912941,"n = 5000"
5000,-0.561519020549093,"n = 5000"
5000,0.153358060115486,"n = 5000"
5000,-1.0617876297842,"n = 5000"
5000,-1.57855212750249,"n = 5000"
5000,0.568845776091513,"n = 5000"
5000,1.17435777180308,"n = 5000"
5000,1.49135446799148,"n = 5000"
5000,-0.103712374430374,"n = 5000"
5000,1.16418460129804,"n = 5000"
5000,0.0965165337881266,"n = 5000"
5000,-0.449886172923607,"n = 5000"
5000,-0.641590930256192,"n = 5000"
5000,0.18837102199685,"n = 5000"
5000,-1.1156768381684,"n = 5000"
5000,-0.382058694167446,"n = 5000"
5000,-0.00755899233738447,"n = 5000"
5000,0.507344613305168,"n = 5000"
5000,-1.05897610189528,"n = 5000"
5000,-2.37866956342104,"n = 5000"
5000,0.865678954590978,"n = 5000"
5000,-0.399059877087055,"n = 5000"
5000,-0.0128614922844328,"n = 5000"
5000,-0.373726443134923,"n = 5000"
5000,1.69739055849003,"n = 5000"
5000,0.270434473457272,"n = 5000"
5000,2.28213750194069,"n = 5000"
5000,0.0742336311898942,"n = 5000"
5000,0.539019283781307,"n = 5000"
5000,-1.09028847728738,"n = 5000"
5000,0.210771268549075,"n = 5000"
5000,0.380668661590031,"n = 5000"
5000,-0.0565045857512911,"n = 5000"
5000,0.826973156176171,"n = 5000"
5000,0.489184619890802,"n = 5000"
5000,-0.351805472393196,"n = 5000"
5000,-1.18389429274996,"n = 5000"
5000,0.367614818245202,"n = 5000"
5000,0.284860934338293,"n = 5000"
5000,0.357566792613264,"n = 5000"
5000,0.645239251222531,"n = 5000"
5000,1.2285955686754,"n = 5000"
5000,-0.507969632700676,"n = 5000"
5000,-0.768968358773967,"n = 5000"
5000,-0.212181564410743,"n = 5000"
5000,-0.0318728553136974,"n = 5000"
5000,-1.68442415656116,"n = 5000"
5000,0.292220273240412,"n = 5000"
5000,-0.574744559512384,"n = 5000"
5000,0.437441271242686,"n = 5000"
5000,1.47446470148162,"n = 5000"
5000,0.45695677541127,"n = 5000"
5000,-0.476602235554697,"n = 5000"
5000,-0.441559329063326,"n = 5000"
5000,-1.47675405151543,"n = 5000"
5000,-0.148433270060555,"n = 5000"
5000,-1.38922926143691,"n = 5000"
5000,-0.594964431807494,"n = 5000"
5000,-1.06487636091024,"n = 5000"
5000,-1.57891080610727,"n = 5000"
5000,0.0490001172242512,"n = 5000"
5000,-0.0532325296606659,"n = 5000"
5000,-0.0897858566079228,"n = 5000"
5000,-1.02390775422072,"n = 5000"
5000,0.310243983017759,"n = 5000"
5000,-0.359369840262323,"n = 5000"
5000,-0.545420784625137,"n = 5000"
5000,-0.0480702700637723,"n = 5000"
5000,1.14534843922993,"n = 5000"
5000,0.0526910941010097,"n = 5000"
5000,0.0782129218985844,"n = 5000"
5000,-0.400237765324973,"n = 5000"
5000,-0.255754347397547,"n = 5000"
5000,0.6698480093092,"n = 5000"
5000,0.0798814238294251,"n = 5000"
5000,-0.758260084381885,"n = 5000"
5000,-0.776259803596538,"n = 5000"
5000,1.19263392514979,"n = 5000"
5000,-0.948103358479402,"n = 5000"
5000,-1.45526022141751,"n = 5000"
5000,0.875329332972755,"n = 5000"
5000,-0.599135654642121,"n = 5000"
5000,1.11383358891206,"n = 5000"
5000,-0.534700999309231,"n = 5000"
5000,2.69314416138673,"n = 5000"
5000,0.0356636840693275,"n = 5000"
5000,-0.308562225204017,"n = 5000"
5000,0.679606389024481,"n = 5000"
5000,0.38572697256979,"n = 5000"
5000,-0.611900609445919,"n = 5000"
5000,-0.00113064680672234,"n = 5000"
5000,1.91557602684275,"n = 5000"
5000,-0.14318913324559,"n = 5000"
5000,1.09772717978582,"n = 5000"
5000,-0.103004345374685,"n = 5000"
5000,-1.33558863783658,"n = 5000"
5000,-0.556018241494949,"n = 5000"
5000,-0.462494307271476,"n = 5000"
5000,-2.06193852541291,"n = 5000"
5000,0.525555985707122,"n = 5000"
5000,0.152147281659287,"n = 5000"
5000,0.943744213032438,"n = 5000"
5000,0.381549443088829,"n = 5000"
5000,0.497719861717431,"n = 5000"
5000,1.77734747767948,"n = 5000"
5000,0.609707696272963,"n = 5000"
5000,0.553757114170577,"n = 5000"
5000,-0.277374234613114,"n = 5000"
5000,-1.13223360671657,"n = 5000"
5000,-1.48549687828386,"n = 5000"
5000,-0.787995850374164,"n = 5000"
5000,-0.439222769187655,"n = 5000"
5000,1.22073774526629,"n = 5000"
5000,-0.296066080193047,"n = 5000"
5000,1.97318653251251,"n = 5000"
5000,-0.0247592274343247,"n = 5000"
5000,1.33464852674657,"n = 5000"
5000,0.0964337485058562,"n = 5000"
5000,2.22172797733399,"n = 5000"
5000,1.5262276979439,"n = 5000"
5000,-0.334438271007589,"n = 5000"
5000,-0.248670782634178,"n = 5000"
5000,-1.40553736262843,"n = 5000"
5000,-0.880591721645709,"n = 5000"
5000,0.941440712823689,"n = 5000"
5000,0.838498334538276,"n = 5000"
5000,0.0951166824428014,"n = 5000"
5000,1.12473246204067,"n = 5000"
5000,0.235783481983597,"n = 5000"
5000,0.061979861451993,"n = 5000"
5000,0.273347698736033,"n = 5000"
5000,-1.86150886544854,"n = 5000"
5000,1.06657152497844,"n = 5000"
5000,-0.559220358930365,"n = 5000"
5000,-0.365472998079685,"n = 5000"
5000,-1.05678375074693,"n = 5000"
5000,-0.859632534537837,"n = 5000"
5000,1.56202402211104,"n = 5000"
5000,0.483102644513577,"n = 5000"
5000,0.106122589798447,"n = 5000"
5000,-0.950636595207167,"n = 5000"
5000,-1.11940971492771,"n = 5000"
5000,-0.408795221895888,"n = 5000"
5000,0.400712721019497,"n = 5000"
5000,0.736065739366101,"n = 5000"
5000,-0.560323156549304,"n = 5000"
5000,0.63194505748215,"n = 5000"
5000,-0.119844657269839,"n = 5000"
5000,-0.585716434210871,"n = 5000"
5000,-0.236976645710128,"n = 5000"
5000,-0.826965018359324,"n = 5000"
5000,1.82125479883733,"n = 5000"
5000,0.145874839678055,"n = 5000"
5000,-0.374847152148742,"n = 5000"
5000,0.755511032853974,"n = 5000"
5000,-0.171604166579566,"n = 5000"
5000,-1.32319868878221,"n = 5000"
5000,-0.863373121508123,"n = 5000"
5000,-1.82468604088569,"n = 5000"
5000,-0.0121612493515804,"n = 5000"
5000,1.0152362372011,"n = 5000"
5000,-1.15977755842487,"n = 5000"
5000,1.18800853685069,"n = 5000"
5000,2.35433683258514,"n = 5000"
5000,1.26272937077425,"n = 5000"
5000,1.34620224283284,"n = 5000"
5000,-1.21140693164316,"n = 5000"
5000,-0.519845287041664,"n = 5000"
5000,0.940156690714419,"n = 5000"
5000,-0.0227933011643419,"n = 5000"
5000,0.632823434286193,"n = 5000"
5000,-0.710943733950997,"n = 5000"
5000,-0.507375675091183,"n = 5000"
5000,-0.106111504450406,"n = 5000"
5000,-1.50556001949741,"n = 5000"
5000,0.324944256660975,"n = 5000"
5000,0.246223298883761,"n = 5000"
5000,0.452900018889105,"n = 5000"
5000,-2.30009999631112,"n = 5000"
5000,1.48551128180339,"n = 5000"
5000,0.114223573029722,"n = 5000"
5000,-0.682858280376854,"n = 5000"
5000,-1.19838148306621,"n = 5000"
5000,0.423701202123734,"n = 5000"
5000,-0.841698982354346,"n = 5000"
5000,-0.893050120467135,"n = 5000"
5000,1.21832784374242,"n = 5000"
5000,-0.977948223199829,"n = 5000"
5000,-0.582094010116592,"n = 5000"
5000,0.0510889112827612,"n = 5000"
5000,-0.631742693504542,"n = 5000"
5000,0.800886218050361,"n = 5000"
5000,0.46272860875407,"n = 5000"
5000,1.67085661470529,"n = 5000"
5000,0.522598544797416,"n = 5000"
5000,-0.646284121085914,"n = 5000"
5000,0.0535269723256753,"n = 5000"
5000,0.291548229491315,"n = 5000"
5000,-0.881206883937892,"n = 5000"
5000,1.22345000571488,"n = 5000"
5000,-1.03333667814098,"n = 5000"
5000,-0.3012311259037,"n = 5000"
5000,-0.0167255265941732,"n = 5000"
5000,1.59737873591904,"n = 5000"
5000,0.921658137089995,"n = 5000"
5000,-0.630826555139756,"n = 5000"
5000,0.312249221164839,"n = 5000"
5000,-1.14282107656297,"n = 5000"
5000,-0.517419738700343,"n = 5000"
5000,0.851201335453386,"n = 5000"
5000,-0.407203357571702,"n = 5000"
5000,0.445916387737736,"n = 5000"
5000,-0.397018204072008,"n = 5000"
5000,-1.11197106148942,"n = 5000"
5000,-0.95726777524384,"n = 5000"
5000,0.311403679781093,"n = 5000"
5000,1.54443346989311,"n = 5000"
5000,1.17879248465796,"n = 5000"
5000,1.03939682984453,"n = 5000"
5000,0.224496709532541,"n = 5000"
5000,0.513540708394373,"n = 5000"
5000,0.100570104386346,"n = 5000"
5000,-0.5330230397545,"n = 5000"
5000,-0.196766954132316,"n = 5000"
5000,-0.923410651625659,"n = 5000"
5000,-0.448036766970416,"n = 5000"
5000,-0.743884003775214,"n = 5000"
5000,-0.34568737286355,"n = 5000"
5000,-0.604841109028958,"n = 5000"
5000,0.993375393451553,"n = 5000"
5000,1.40838961497816,"n = 5000"
5000,-0.705423202641951,"n = 5000"
5000,0.266678693973037,"n = 5000"
5000,0.0295783773631436,"n = 5000"
5000,-0.176384882085922,"n = 5000"
5000,-0.899048325543704,"n = 5000"
5000,-0.178469780929436,"n = 5000"
5000,0.0129045800448891,"n = 5000"
5000,-0.992432405588454,"n = 5000"
5000,1.66572019759362,"n = 5000"
5000,-2.25351566267367,"n = 5000"
5000,-0.303606061341247,"n = 5000"
5000,0.0876733827302025,"n = 5000"
5000,-0.500290884729871,"n = 5000"
5000,0.544963384394431,"n = 5000"
5000,1.35347057153756,"n = 5000"
5000,-1.00184551378582,"n = 5000"
5000,2.40584987105844,"n = 5000"
5000,-0.554763315574063,"n = 5000"
5000,-0.107988565103909,"n = 5000"
5000,-0.772709720130035,"n = 5000"
5000,-0.0428500793567323,"n = 5000"
5000,-1.36394329766797,"n = 5000"
5000,-0.403780005245388,"n = 5000"
5000,-0.0340518228366505,"n = 5000"
5000,1.16631988171408,"n = 5000"
5000,0.253172766970197,"n = 5000"
5000,-0.314862630803993,"n = 5000"
5000,-1.11343503246681,"n = 5000"
5000,1.13495657071181,"n = 5000"
5000,0.251912916043809,"n = 5000"
5000,-1.41397258969574,"n = 5000"
5000,1.00566832600069,"n = 5000"
5000,0.184971758408725,"n = 5000"
5000,0.739875279449882,"n = 5000"
5000,-1.16712781511248,"n = 5000"
5000,-0.653498287076115,"n = 5000"
5000,0.5745729383638,"n = 5000"
5000,0.609091163307296,"n = 5000"
5000,-1.49960602324152,"n = 5000"
5000,-0.23794429933196,"n = 5000"
5000,0.296036546319665,"n = 5000"
5000,0.429682782116529,"n = 5000"
5000,0.310785813100432,"n = 5000"
5000,-0.508211834597221,"n = 5000"
5000,-0.312265412100744,"n = 5000"
5000,0.597622624367704,"n = 5000"
5000,-0.863740464713305,"n = 5000"
5000,0.756999716010496,"n = 5000"
5000,-0.0427222758273203,"n = 5000"
5000,2.57158932014005,"n = 5000"
5000,-0.487747158308138,"n = 5000"
5000,1.29077178509814,"n = 5000"
5000,-0.544000907597715,"n = 5000"
5000,0.772009240175157,"n = 5000"
5000,0.271275104063191,"n = 5000"
5000,0.932678074480237,"n = 5000"
5000,0.681231585348772,"n = 5000"
5000,2.50450453671292,"n = 5000"
5000,-0.363021160699933,"n = 5000"
5000,0.739719639943561,"n = 5000"
5000,-0.425003072480776,"n = 5000"
5000,-1.03350355428193,"n = 5000"
5000,-0.977076592495728,"n = 5000"
5000,1.80780430809292,"n = 5000"
5000,0.645858261162358,"n = 5000"
5000,1.04335649221169,"n = 5000"
5000,0.400376725119697,"n = 5000"
5000,-0.462751655186947,"n = 5000"
5000,1.30636789042043,"n = 5000"
5000,-1.01089343412672,"n = 5000"
5000,-2.24455601680828,"n = 5000"
5000,0.671004521782469,"n = 5000"
5000,-0.236659557274217,"n = 5000"
5000,0.661412153991335,"n = 5000"
5000,1.40796382513987,"n = 5000"
5000,-0.152708753244026,"n = 5000"
5000,0.447544357321269,"n = 5000"
5000,1.87679388791073,"n = 5000"
5000,-0.941424229816613,"n = 5000"
5000,-0.482665747261876,"n = 5000"
5000,-0.326517053507336,"n = 5000"
5000,0.63071662453579,"n = 5000"
5000,0.0638857167752758,"n = 5000"
5000,2.19320797384685,"n = 5000"
5000,0.930120949075828,"n = 5000"
5000,0.427468426836512,"n = 5000"
5000,0.47095484190727,"n = 5000"
5000,-0.0239552966045819,"n = 5000"
5000,0.183814232267866,"n = 5000"
5000,-0.329197669627762,"n = 5000"
5000,0.120786145742668,"n = 5000"
5000,-0.10021430912978,"n = 5000"
5000,-1.51661980059487,"n = 5000"
5000,-0.869548755654292,"n = 5000"
5000,1.83203080035698,"n = 5000"
5000,0.460518440979756,"n = 5000"
5000,-1.61357757790195,"n = 5000"
5000,0.523602800126946,"n = 5000"
5000,-0.21126876659993,"n = 5000"
5000,0.32777173643788,"n = 5000"
5000,0.455482118111354,"n = 5000"
5000,0.34032448557604,"n = 5000"
5000,-0.393707348405826,"n = 5000"
5000,-0.0541787499008068,"n = 5000"
5000,-1.24396823373084,"n = 5000"
5000,0.0106293301992019,"n = 5000"
5000,-0.0512437204153425,"n = 5000"
5000,0.775873606227603,"n = 5000"
5000,-0.921966543725771,"n = 5000"
5000,0.147026995220876,"n = 5000"
5000,1.33373552687831,"n = 5000"
5000,-2.97075692141595,"n = 5000"
5000,0.0870456419756701,"n = 5000"
5000,0.118846720839124,"n = 5000"
5000,-0.733560216485708,"n = 5000"
5000,1.93662874051109,"n = 5000"
5000,0.206547542761315,"n = 5000"
5000,0.99042891819256,"n = 5000"
5000,-0.292190635212996,"n = 5000"
5000,-1.20392537093399,"n = 5000"
5000,-0.525870383516476,"n = 5000"
5000,0.961577804637841,"n = 5000"
5000,-0.139763202498051,"n = 5000"
5000,2.38101687783543,"n = 5000"
5000,0.723863848158911,"n = 5000"
5000,0.995093384801265,"n = 5000"
5000,0.803510408867826,"n = 5000"
5000,0.577170649943456,"n = 5000"
5000,-1.74406266730883,"n = 5000"
5000,-1.91865903281166,"n = 5000"
5000,-0.966647237488694,"n = 5000"
5000,-0.0918563645543094,"n = 5000"
5000,0.298386334429172,"n = 5000"
5000,1.40752082395813,"n = 5000"
5000,-1.97589402850249,"n = 5000"
5000,-1.83305010692967,"n = 5000"
5000,-0.703654254883353,"n = 5000"
5000,2.07056211201365,"n = 5000"
5000,0.102351634540804,"n = 5000"
5000,-0.177059974420832,"n = 5000"
5000,0.0107088855843016,"n = 5000"
5000,2.05761253801636,"n = 5000"
5000,-1.95108521034478,"n = 5000"
5000,-1.8662390486194,"n = 5000"
5000,-0.610083716461614,"n = 5000"
5000,0.19021745262312,"n = 5000"
5000,-0.936744706770927,"n = 5000"
5000,1.40882164554495,"n = 5000"
5000,-0.953335052731734,"n = 5000"
5000,1.97811842789643,"n = 5000"
5000,1.13861559141108,"n = 5000"
5000,1.5326659708997,"n = 5000"
5000,1.14529991188436,"n = 5000"
5000,-1.40552085447238,"n = 5000"
5000,0.947557535162056,"n = 5000"
5000,0.373650715155041,"n = 5000"
5000,-0.121411794577403,"n = 5000"
5000,1.18280397884097,"n = 5000"
5000,-1.29290579064583,"n = 5000"
5000,0.625370327136338,"n = 5000"
5000,0.512749392681593,"n = 5000"
5000,0.457994816394987,"n = 5000"
5000,-0.151281304163148,"n = 5000"
5000,-0.627350904341457,"n = 5000"
5000,0.954155715551385,"n = 5000"
5000,-0.931738434534758,"n = 5000"
5000,-0.84181366675651,"n = 5000"
5000,0.835175565401502,"n = 5000"
5000,-2.19714608142138,"n = 5000"
5000,0.690325377383739,"n = 5000"
5000,0.924514268243987,"n = 5000"
5000,-1.16362439340916,"n = 5000"
5000,-0.390432487817193,"n = 5000"
5000,1.97958476233707,"n = 5000"
5000,-1.11373116440633,"n = 5000"
5000,-0.545089933300458,"n = 5000"
5000,1.21383903990899,"n = 5000"
5000,-0.572306023284486,"n = 5000"
5000,-0.974327044894132,"n = 5000"
5000,0.377868243112903,"n = 5000"
5000,-1.52562468257962,"n = 5000"
5000,-1.64195265576685,"n = 5000"
5000,0.368134534942845,"n = 5000"
5000,0.304728035919979,"n = 5000"
5000,0.40527015665494,"n = 5000"
5000,-0.285977098320735,"n = 5000"
5000,1.47928172133544,"n = 5000"
5000,-0.956995288422621,"n = 5000"
5000,0.759941010706594,"n = 5000"
5000,-0.411052335947237,"n = 5000"
5000,-0.680397494612082,"n = 5000"
5000,-1.39165846032772,"n = 5000"
5000,1.43186451394188,"n = 5000"
5000,1.35134977636504,"n = 5000"
5000,-0.695665296364055,"n = 5000"
5000,1.25994219073198,"n = 5000"
5000,-2.15823330875992,"n = 5000"
5000,-0.651994759706907,"n = 5000"
5000,-1.59676588575951,"n = 5000"
5000,-0.37453343026932,"n = 5000"
5000,-1.02686752135431,"n = 5000"
5000,-0.348082339106892,"n = 5000"
5000,-0.0938996906923479,"n = 5000"
5000,-0.882168165974824,"n = 5000"
5000,1.94101673513316,"n = 5000"
5000,-0.648821675099269,"n = 5000"
5000,0.289855370095372,"n = 5000"
5000,1.15025664486025,"n = 5000"
5000,-0.777608616374119,"n = 5000"
5000,-1.938683987559,"n = 5000"
5000,1.72756077857138,"n = 5000"
5000,0.41082584676492,"n = 5000"
5000,-3.03755830517077,"n = 5000"
5000,1.29343482696081,"n = 5000"
5000,-1.14912311217081,"n = 5000"
5000,0.000474292110344989,"n = 5000"
5000,-1.19363468388698,"n = 5000"
5000,-0.489297541607178,"n = 5000"
5000,1.37096105116571,"n = 5000"
5000,0.483347233796273,"n = 5000"
5000,0.155371216574127,"n = 5000"
5000,0.124014251592668,"n = 5000"
5000,2.33891467685538,"n = 5000"
5000,-0.269345930797774,"n = 5000"
5000,-0.148824449267881,"n = 5000"
5000,1.1155600059048,"n = 5000"
5000,0.442203204291989,"n = 5000"
5000,0.603437751994392,"n = 5000"
5000,-0.799133877677908,"n = 5000"
5000,1.05536374680468,"n = 5000"
5000,-0.302097655617192,"n = 5000"
5000,-0.188216331698568,"n = 5000"
5000,0.0761097669006022,"n = 5000"
5000,-0.915947507007069,"n = 5000"
5000,-1.34166085392836,"n = 5000"
5000,-0.5567285914823,"n = 5000"
5000,0.26074361459333,"n = 5000"
5000,-2.61778520633352,"n = 5000"
5000,1.65594784395037,"n = 5000"
5000,-0.841774053379114,"n = 5000"
5000,-1.18030131562034,"n = 5000"
5000,-0.757056671147539,"n = 5000"
5000,0.0638800986736134,"n = 5000"
5000,-2.01950968056534,"n = 5000"
5000,-1.46750130810638,"n = 5000"
5000,-0.896962369056853,"n = 5000"
5000,0.058904278147167,"n = 5000"
5000,-1.36433463114283,"n = 5000"
5000,-0.0818697569230218,"n = 5000"
5000,-0.997218842394669,"n = 5000"
5000,0.492137880598633,"n = 5000"
5000,0.337843707926518,"n = 5000"
5000,-0.274606217192153,"n = 5000"
5000,-0.150511217894009,"n = 5000"
5000,-0.426926732835709,"n = 5000"
5000,0.580097028566387,"n = 5000"
5000,-1.51364348384473,"n = 5000"
5000,0.621207761073361,"n = 5000"
5000,-0.476434196128393,"n = 5000"
5000,0.242153823066014,"n = 5000"
5000,0.579891786581882,"n = 5000"
5000,-0.804503059975845,"n = 5000"
5000,-0.509183532598341,"n = 5000"
5000,-0.53353520380556,"n = 5000"
5000,0.612922660562729,"n = 5000"
5000,-0.580503046244572,"n = 5000"
5000,1.27478659636164,"n = 5000"
5000,-0.128230800297698,"n = 5000"
5000,1.51710700955835,"n = 5000"
5000,-0.199950923509961,"n = 5000"
5000,1.79010275292272,"n = 5000"
5000,-0.392298041155249,"n = 5000"
5000,0.523075102549159,"n = 5000"
5000,0.285637414910566,"n = 5000"
5000,-1.13013233087748,"n = 5000"
5000,0.309288660675225,"n = 5000"
5000,-0.147576179181186,"n = 5000"
5000,1.06219969192916,"n = 5000"
5000,0.813744806081013,"n = 5000"
5000,0.056726918228923,"n = 5000"
5000,0.380499931895218,"n = 5000"
5000,0.264247829346046,"n = 5000"
5000,0.623085694912452,"n = 5000"
5000,0.127528689960687,"n = 5000"
5000,-0.391671093712608,"n = 5000"
5000,0.655430958914173,"n = 5000"
5000,-0.665099916656326,"n = 5000"
5000,-0.0526630007603265,"n = 5000"
5000,-0.092709021600733,"n = 5000"
5000,-0.455799435846129,"n = 5000"
5000,-0.908085343897518,"n = 5000"
5000,0.679293967683776,"n = 5000"
5000,0.152883791507955,"n = 5000"
5000,0.464609381901707,"n = 5000"
5000,-0.0358525985461769,"n = 5000"
5000,-2.23147691941778,"n = 5000"
5000,-1.73122722000534,"n = 5000"
5000,1.34042746531222,"n = 5000"
5000,-1.26566535853454,"n = 5000"
5000,0.215988394150805,"n = 5000"
5000,-0.821664939676809,"n = 5000"
5000,-0.3275615941906,"n = 5000"
5000,-0.153922330560241,"n = 5000"
5000,0.837667857299042,"n = 5000"
5000,-1.65046524973203,"n = 5000"
5000,-0.33075824852236,"n = 5000"
5000,0.129090997498604,"n = 5000"
5000,0.191712891352038,"n = 5000"
5000,0.401378168176226,"n = 5000"
5000,-0.0692657381981516,"n = 5000"
5000,0.489206250601954,"n = 5000"
5000,-0.478139546044109,"n = 5000"
5000,1.09130817517018,"n = 5000"
5000,0.593951909411194,"n = 5000"
5000,-0.304702643813565,"n = 5000"
5000,1.54271151106423,"n = 5000"
5000,0.438160969475077,"n = 5000"
5000,-1.66517155760469,"n = 5000"
5000,0.212645169123792,"n = 5000"
5000,-1.72661083498944,"n = 5000"
5000,-0.193187647734789,"n = 5000"
5000,-1.01903794045023,"n = 5000"
5000,-0.289580184422556,"n = 5000"
5000,1.20819683762392,"n = 5000"
5000,0.320449452995739,"n = 5000"
5000,1.29935362446084,"n = 5000"
5000,-0.685119896892947,"n = 5000"
5000,-0.986073795585721,"n = 5000"
5000,0.863097773378717,"n = 5000"
5000,1.05917344451329,"n = 5000"
5000,-0.696470117523969,"n = 5000"
5000,0.185664582740978,"n = 5000"
5000,1.05907316535431,"n = 5000"
5000,0.0419128115067845,"n = 5000"
5000,0.643144128865471,"n = 5000"
5000,-0.675156668584168,"n = 5000"
5000,-1.13484830031582,"n = 5000"
5000,-0.414653975708698,"n = 5000"
5000,0.889832352848843,"n = 5000"
5000,-0.120349314029028,"n = 5000"
5000,0.488607028677061,"n = 5000"
5000,0.965741840845716,"n = 5000"
5000,-0.969359526326022,"n = 5000"
5000,-0.195062532646501,"n = 5000"
5000,0.954719147286467,"n = 5000"
5000,0.0479736012637079,"n = 5000"
5000,-0.306027281625004,"n = 5000"
5000,0.132936554189959,"n = 5000"
5000,0.25903176419169,"n = 5000"
5000,0.551026034489695,"n = 5000"
5000,-0.0330502658138878,"n = 5000"
5000,-0.0373171127446679,"n = 5000"
5000,0.729806569920441,"n = 5000"
5000,-0.611154802148398,"n = 5000"
5000,-1.56668013481458,"n = 5000"
5000,0.792920193071296,"n = 5000"
5000,1.03962279713554,"n = 5000"
5000,-0.730128912755701,"n = 5000"
5000,0.260673380157915,"n = 5000"
5000,-0.407612783037111,"n = 5000"
5000,-0.300626319415604,"n = 5000"
5000,-1.1508106051912,"n = 5000"
5000,-0.347108698751469,"n = 5000"
5000,1.50520539936756,"n = 5000"
5000,-1.55706672204309,"n = 5000"
5000,-0.346825039428863,"n = 5000"
5000,-1.29189031639852,"n = 5000"
5000,-0.0678414426830859,"n = 5000"
5000,0.805740761077195,"n = 5000"
5000,-1.80514186889897,"n = 5000"
5000,0.386272684411645,"n = 5000"
5000,-2.22836119359871,"n = 5000"
5000,-0.621921463103271,"n = 5000"
5000,1.34209297670263,"n = 5000"
5000,0.46058241586159,"n = 5000"
5000,-1.08811271237675,"n = 5000"
5000,-1.6644245913371,"n = 5000"
5000,-1.17894999719421,"n = 5000"
5000,-0.0595672872127762,"n = 5000"
5000,0.787236528978597,"n = 5000"
5000,1.62373203521472,"n = 5000"
5000,-0.416008145648746,"n = 5000"
5000,-0.393459560629205,"n = 5000"
5000,-0.710070113389484,"n = 5000"
5000,0.651076688234052,"n = 5000"
5000,-0.199891608936126,"n = 5000"
5000,-0.593979522147558,"n = 5000"
5000,-0.157012188782856,"n = 5000"
5000,1.76567167593331,"n = 5000"
5000,0.444750116448443,"n = 5000"
5000,0.587224305939817,"n = 5000"
5000,-1.07012276404239,"n = 5000"
5000,0.182518316253448,"n = 5000"
5000,-0.549494679137171,"n = 5000"
5000,-1.28796945370604,"n = 5000"
5000,-0.14390203098413,"n = 5000"
5000,-0.325655627067135,"n = 5000"
5000,-1.08893304717048,"n = 5000"
5000,-1.05457318585385,"n = 5000"
5000,0.754289828721684,"n = 5000"
5000,-0.915116359053091,"n = 5000"
5000,-0.819796648607791,"n = 5000"
5000,-0.33426954140769,"n = 5000"
5000,-0.546898031781937,"n = 5000"
5000,-1.71639174026898,"n = 5000"
5000,0.456353696342428,"n = 5000"
5000,0.0900696656571124,"n = 5000"
5000,1.0759151739472,"n = 5000"
5000,-0.237721051764442,"n = 5000"
5000,-0.340850788797826,"n = 5000"
5000,-0.480306193422051,"n = 5000"
5000,0.246048099028436,"n = 5000"
5000,-0.932734162036236,"n = 5000"
5000,0.764706483940007,"n = 5000"
5000,-0.467488870501775,"n = 5000"
5000,-0.144599419408472,"n = 5000"
5000,-1.73347897284581,"n = 5000"
5000,0.455864174846998,"n = 5000"
5000,0.237847280933134,"n = 5000"
5000,0.584272815246235,"n = 5000"
5000,0.881022248052767,"n = 5000"
5000,-1.70741062646152,"n = 5000"
5000,0.527065377217525,"n = 5000"
5000,0.0928617920175009,"n = 5000"
5000,-1.97263014402642,"n = 5000"
5000,0.356283286949305,"n = 5000"
5000,-0.162752402751237,"n = 5000"
5000,-0.217230381761988,"n = 5000"
5000,-0.501520439483022,"n = 5000"
5000,0.221250466400953,"n = 5000"
5000,-1.25041439799553,"n = 5000"
5000,-0.832697716628835,"n = 5000"
5000,-0.904794689292874,"n = 5000"
5000,1.1870197694072,"n = 5000"
5000,0.329971671375025,"n = 5000"
5000,-0.913266135925517,"n = 5000"
5000,1.39160413442291,"n = 5000"
5000,-1.41493418664024,"n = 5000"
5000,1.81988260468252,"n = 5000"
5000,-0.420382980453791,"n = 5000"
5000,1.767336053765,"n = 5000"
5000,0.687588805410181,"n = 5000"
5000,-0.565501518184957,"n = 5000"
5000,0.142253350241114,"n = 5000"
5000,-2.09401866360739,"n = 5000"
5000,1.43784013418765,"n = 5000"
5000,-1.2391381316579,"n = 5000"
5000,1.02825216519441,"n = 5000"
5000,-1.29727116111282,"n = 5000"
5000,1.34026212164011,"n = 5000"
5000,-0.93529987823723,"n = 5000"
5000,-1.76827206951586,"n = 5000"
5000,1.29765212047154,"n = 5000"
5000,0.576966482912279,"n = 5000"
5000,1.04803605278497,"n = 5000"
5000,1.10867165648517,"n = 5000"
5000,-0.646363241321109,"n = 5000"
5000,-0.304877671775092,"n = 5000"
5000,0.549550825038872,"n = 5000"
5000,0.306929285854097,"n = 5000"
5000,0.149250805352169,"n = 5000"
5000,2.00042519265826,"n = 5000"
5000,-1.56745871652593,"n = 5000"
5000,0.504348872500472,"n = 5000"
5000,0.156479228535586,"n = 5000"
5000,-0.01209926532818,"n = 5000"
5000,0.971340835372315,"n = 5000"
5000,0.685075843535485,"n = 5000"
5000,1.54891692626578,"n = 5000"
5000,-0.304579583658975,"n = 5000"
5000,0.966966233710489,"n = 5000"
5000,-0.617911163026953,"n = 5000"
5000,0.961244650870843,"n = 5000"
5000,1.30199422635125,"n = 5000"
5000,-0.0636932301133164,"n = 5000"
5000,-1.77384445323665,"n = 5000"
5000,-0.250184354518618,"n = 5000"
5000,0.134423233229216,"n = 5000"
5000,-0.0632971905365925,"n = 5000"
5000,0.955526594773108,"n = 5000"
5000,-0.425539552529967,"n = 5000"
5000,1.06558302296444,"n = 5000"
5000,0.249154237733951,"n = 5000"
5000,0.189511283819904,"n = 5000"
5000,0.0985728313824626,"n = 5000"
5000,1.70648565874795,"n = 5000"
5000,0.848849751406599,"n = 5000"
5000,-1.81637708223579,"n = 5000"
5000,0.984276648710294,"n = 5000"
5000,0.783666617525698,"n = 5000"
5000,-0.491474321882914,"n = 5000"
5000,1.74452727321705,"n = 5000"
5000,-0.397906695239271,"n = 5000"
5000,-0.366860365428516,"n = 5000"
5000,-0.455075641928437,"n = 5000"
5000,0.703351881443344,"n = 5000"
5000,-1.98934389568316,"n = 5000"
5000,-0.817344313256301,"n = 5000"
5000,0.257964560378502,"n = 5000"
5000,0.678266098057477,"n = 5000"
5000,0.251646328171325,"n = 5000"
5000,1.3738223412199,"n = 5000"
5000,1.00941395125997,"n = 5000"
5000,-0.720401890884929,"n = 5000"
5000,-0.689508012219491,"n = 5000"
5000,1.21697288919827,"n = 5000"
5000,1.02630872948288,"n = 5000"
5000,0.55104162435539,"n = 5000"
5000,-1.44730667261356,"n = 5000"
5000,-0.622551184983094,"n = 5000"
5000,0.427961046443584,"n = 5000"
5000,2.02454891586475,"n = 5000"
5000,1.32365006271924,"n = 5000"
5000,0.467780282077899,"n = 5000"
5000,1.4176497636687,"n = 5000"
5000,-0.442459124517853,"n = 5000"
5000,-0.326619175079418,"n = 5000"
5000,0.541412131510859,"n = 5000"
5000,-1.45501688795388,"n = 5000"
5000,-0.726933860462106,"n = 5000"
5000,0.54983109309744,"n = 5000"
5000,1.78663769703574,"n = 5000"
5000,-0.321856479047246,"n = 5000"
5000,0.929000082132553,"n = 5000"
5000,-2.08511424310115,"n = 5000"
5000,0.0735049778201728,"n = 5000"
5000,1.753935001349,"n = 5000"
5000,-0.674184211048657,"n = 5000"
5000,2.09499074216424,"n = 5000"
5000,0.769967187193705,"n = 5000"
5000,0.036300242832391,"n = 5000"
5000,-0.171793917820364,"n = 5000"
5000,-0.157132555772712,"n = 5000"
5000,-1.80901869058326,"n = 5000"
5000,0.133005529495407,"n = 5000"
5000,-0.476371211163137,"n = 5000"
5000,0.917767189923351,"n = 5000"
5000,0.78251064952387,"n = 5000"
5000,0.661399978551516,"n = 5000"
5000,-0.272526343277995,"n = 5000"
5000,0.890557265204578,"n = 5000"
5000,-0.656624818026876,"n = 5000"
5000,-0.862186562354607,"n = 5000"
5000,-0.370208509370783,"n = 5000"
5000,1.42863646401452,"n = 5000"
5000,-0.723902148173421,"n = 5000"
5000,1.29762899923965,"n = 5000"
5000,-0.422944097555263,"n = 5000"
5000,-0.883463522631508,"n = 5000"
5000,-0.248113621718548,"n = 5000"
5000,0.180329665535491,"n = 5000"
5000,-0.715521028081129,"n = 5000"
5000,1.3504788752371,"n = 5000"
5000,0.0159931687270778,"n = 5000"
5000,-1.30066299976638,"n = 5000"
5000,-0.444003949204019,"n = 5000"
5000,1.60239150248333,"n = 5000"
5000,-1.02763712042222,"n = 5000"
5000,-1.62011646355562,"n = 5000"
5000,-0.256141671726693,"n = 5000"
5000,-1.53401789035806,"n = 5000"
5000,0.629976050010621,"n = 5000"
5000,1.93613424932666,"n = 5000"
5000,-0.259538664543869,"n = 5000"
5000,2.17924964395756,"n = 5000"
5000,-0.589166043626265,"n = 5000"
5000,-0.633135120183354,"n = 5000"
5000,0.703532754785501,"n = 5000"
5000,0.890650372253402,"n = 5000"
5000,-0.321463788759176,"n = 5000"
5000,0.179323120648844,"n = 5000"
5000,0.768041548021746,"n = 5000"
5000,0.169702984872219,"n = 5000"
5000,-0.711477269259161,"n = 5000"
5000,1.71020362266337,"n = 5000"
5000,-0.63902156095494,"n = 5000"
5000,1.12479345682247,"n = 5000"
5000,0.211777964772965,"n = 5000"
5000,0.082744674852596,"n = 5000"
5000,-0.837644733874225,"n = 5000"
5000,-0.121223367536421,"n = 5000"
5000,0.666521920275919,"n = 5000"
5000,1.14010165688223,"n = 5000"
5000,-0.921889738589544,"n = 5000"
5000,0.826771700383602,"n = 5000"
5000,-0.877372951740431,"n = 5000"
5000,0.0196588035315917,"n = 5000"
5000,1.85792176655441,"n = 5000"
5000,0.900252842394498,"n = 5000"
5000,0.543893908396762,"n = 5000"
5000,0.641257117208113,"n = 5000"
5000,0.610155212907131,"n = 5000"
5000,-0.376087520661592,"n = 5000"
5000,-2.08138297281733,"n = 5000"
5000,-0.259588340428965,"n = 5000"
5000,-0.440097404849645,"n = 5000"
5000,-1.85822532769858,"n = 5000"
5000,-0.523533445154664,"n = 5000"
5000,-1.11254034156042,"n = 5000"
5000,0.874081115380772,"n = 5000"
5000,0.532553801212431,"n = 5000"
5000,-1.18629714805459,"n = 5000"
5000,0.0192551942083542,"n = 5000"
5000,-0.570471339750324,"n = 5000"
5000,2.0224899290089,"n = 5000"
5000,1.05262654134309,"n = 5000"
5000,0.652157695120881,"n = 5000"
5000,-3.35174850672161,"n = 5000"
5000,0.353056074412688,"n = 5000"
5000,0.249749347020871,"n = 5000"
5000,0.0941916910269633,"n = 5000"
5000,-0.0925141818977642,"n = 5000"
5000,-0.799805785747013,"n = 5000"
5000,-1.9319847472658,"n = 5000"
5000,0.818112944152788,"n = 5000"
5000,1.94480003199617,"n = 5000"
5000,0.0300828289768203,"n = 5000"
5000,-1.60519558151936,"n = 5000"
5000,0.783671959929687,"n = 5000"
5000,1.07800474975924,"n = 5000"
5000,-0.162127086534926,"n = 5000"
5000,1.23026148872132,"n = 5000"
5000,-0.0826091239274889,"n = 5000"
5000,1.31493952427359,"n = 5000"
5000,-0.951897000410682,"n = 5000"
5000,1.25191180543315,"n = 5000"
5000,-1.61632129746074,"n = 5000"
5000,-0.349573824434558,"n = 5000"
5000,0.812774356339644,"n = 5000"
5000,0.751016865175149,"n = 5000"
5000,-0.527182153017592,"n = 5000"
5000,-1.0475593763944,"n = 5000"
5000,-0.664183480613717,"n = 5000"
5000,-0.881561374185534,"n = 5000"
5000,-0.0596820744763109,"n = 5000"
5000,0.666019077941226,"n = 5000"
5000,0.349166366097848,"n = 5000"
5000,0.503905812626338,"n = 5000"
5000,0.73585664941249,"n = 5000"
5000,-0.136341091862544,"n = 5000"
5000,0.671420352387387,"n = 5000"
5000,-1.06417914940392,"n = 5000"
5000,0.0241234234241346,"n = 5000"
5000,-0.193936210749496,"n = 5000"
5000,0.524322119583744,"n = 5000"
5000,0.14466955364386,"n = 5000"
5000,-0.896470090567429,"n = 5000"
5000,-1.74462041148791,"n = 5000"
5000,1.01999982341538,"n = 5000"
5000,0.907278592458522,"n = 5000"
5000,0.642366164271798,"n = 5000"
5000,0.224708406757987,"n = 5000"
5000,-1.03891874839128,"n = 5000"
5000,0.0291821330625298,"n = 5000"
5000,-1.08810418202058,"n = 5000"
5000,1.37779603585518,"n = 5000"
5000,0.434999031742344,"n = 5000"
5000,-0.253405829329529,"n = 5000"
5000,2.36094853504008,"n = 5000"
5000,1.58817791709047,"n = 5000"
5000,-0.34297341934024,"n = 5000"
5000,0.0326523533381281,"n = 5000"
5000,1.00212302700981,"n = 5000"
5000,0.0438688751471856,"n = 5000"
5000,-2.4243214491417,"n = 5000"
5000,-1.18636724109776,"n = 5000"
5000,2.00311823083844,"n = 5000"
5000,-0.530235890075951,"n = 5000"
5000,0.480594310607304,"n = 5000"
5000,0.287893759367146,"n = 5000"
5000,-0.436203798533563,"n = 5000"
5000,0.605266593308946,"n = 5000"
5000,-0.47147529706272,"n = 5000"
5000,0.721392779574927,"n = 5000"
5000,1.45945508861189,"n = 5000"
5000,-1.17635110656908,"n = 5000"
5000,0.780018640450959,"n = 5000"
5000,-0.750225845808718,"n = 5000"
5000,0.75989448006347,"n = 5000"
5000,2.07136162462084,"n = 5000"
5000,0.811265310515027,"n = 5000"
5000,-1.74735482254186,"n = 5000"
5000,0.504422316940627,"n = 5000"
5000,0.216711841553026,"n = 5000"
5000,-1.07022591429507,"n = 5000"
5000,0.645614434628781,"n = 5000"
5000,-0.127145727899128,"n = 5000"
5000,0.245344712965941,"n = 5000"
5000,-1.00094231617096,"n = 5000"
5000,-0.614680793356688,"n = 5000"
5000,-2.15819932893298,"n = 5000"
5000,0.543300520530534,"n = 5000"
5000,1.10949610957312,"n = 5000"
5000,-0.244323072183324,"n = 5000"
5000,-0.161604062065269,"n = 5000"
5000,0.985759850081253,"n = 5000"
5000,-0.972969480328747,"n = 5000"
5000,1.06703643199131,"n = 5000"
5000,-1.76438693567164,"n = 5000"
5000,0.389095952173684,"n = 5000"
5000,2.41455578236228,"n = 5000"
5000,-0.0704692079389192,"n = 5000"
5000,-1.15123077667339,"n = 5000"
5000,0.350351678069346,"n = 5000"
5000,0.687475043420079,"n = 5000"
5000,2.16544009721339,"n = 5000"
5000,0.417407743815421,"n = 5000"
5000,0.478210374504784,"n = 5000"
5000,-0.150956172034799,"n = 5000"
5000,2.15549763379162,"n = 5000"
5000,1.84771606294237,"n = 5000"
5000,0.176095160408549,"n = 5000"
5000,1.25054967880347,"n = 5000"
5000,-1.37958354902816,"n = 5000"
5000,2.9248155886849,"n = 5000"
5000,-0.155030361557262,"n = 5000"
5000,1.46945806877594,"n = 5000"
5000,-0.113557938075543,"n = 5000"
5000,-0.451748923140549,"n = 5000"
5000,-0.568141457026656,"n = 5000"
5000,-0.085207511764815,"n = 5000"
5000,1.29097010054019,"n = 5000"
5000,0.716156221515979,"n = 5000"
5000,0.309019020909284,"n = 5000"
5000,-0.956874793612477,"n = 5000"
5000,-0.390315280211081,"n = 5000"
5000,1.46344401831895,"n = 5000"
5000,-0.183521205951868,"n = 5000"
5000,0.70564796409531,"n = 5000"
5000,-0.265399889004706,"n = 5000"
5000,-1.44982617745481,"n = 5000"
5000,1.07617520718222,"n = 5000"
5000,-0.545116231225725,"n = 5000"
5000,1.16717213429075,"n = 5000"
5000,-0.292661485776414,"n = 5000"
5000,0.151743053383127,"n = 5000"
5000,-1.39294106755319,"n = 5000"
5000,0.72318260918956,"n = 5000"
5000,1.00763353824016,"n = 5000"
5000,1.06065293116207,"n = 5000"
5000,-1.40378222687271,"n = 5000"
5000,0.769036601141091,"n = 5000"
5000,0.518184333326593,"n = 5000"
5000,0.895409089661973,"n = 5000"
5000,-0.977725698145859,"n = 5000"
5000,0.0910654149614397,"n = 5000"
5000,1.1312640761608,"n = 5000"
5000,-0.209411242823256,"n = 5000"
5000,0.914148159302962,"n = 5000"
5000,-0.0772495923265403,"n = 5000"
5000,-1.35735813759472,"n = 5000"
5000,1.05701039695322,"n = 5000"
5000,-0.334459135248161,"n = 5000"
5000,0.138157407780339,"n = 5000"
5000,-0.968522088733971,"n = 5000"
5000,-0.448276641970274,"n = 5000"
5000,-0.18081113065752,"n = 5000"
5000,1.57137646216146,"n = 5000"
5000,-0.298147052843465,"n = 5000"
5000,-0.691241728647403,"n = 5000"
5000,0.27055035821603,"n = 5000"
5000,-1.04637816696961,"n = 5000"
5000,-0.347284603890313,"n = 5000"
5000,-1.59829476403477,"n = 5000"
5000,0.309525858463259,"n = 5000"
5000,0.518642798305958,"n = 5000"
5000,-0.219473789198333,"n = 5000"
5000,-1.72479307744014,"n = 5000"
5000,-1.63337631298425,"n = 5000"
5000,2.28162988547417,"n = 5000"
5000,1.55925121563201,"n = 5000"
5000,-1.21844561176169,"n = 5000"
5000,0.313732979335185,"n = 5000"
5000,0.163534608315613,"n = 5000"
5000,-0.843494310249484,"n = 5000"
5000,1.06725313060199,"n = 5000"
5000,1.71680164825875,"n = 5000"
5000,-0.287975338194836,"n = 5000"
5000,1.74025368809496,"n = 5000"
5000,0.189692250453638,"n = 5000"
5000,-0.261074930943078,"n = 5000"
5000,0.597717851759095,"n = 5000"
5000,-0.579097943282777,"n = 5000"
5000,0.231933987954651,"n = 5000"
5000,0.486511854022558,"n = 5000"
5000,-0.514219590319209,"n = 5000"
5000,-0.470273208168936,"n = 5000"
5000,0.572686100870108,"n = 5000"
5000,0.677816690092627,"n = 5000"
5000,0.0496786419534094,"n = 5000"
5000,0.917398002337548,"n = 5000"
5000,0.884494462302656,"n = 5000"
5000,-0.665025928768238,"n = 5000"
5000,0.0762132796317828,"n = 5000"
5000,-2.84133320852351,"n = 5000"
5000,-0.744373232676204,"n = 5000"
5000,0.741624140916824,"n = 5000"
5000,-1.36270917190325,"n = 5000"
5000,0.897660860516786,"n = 5000"
5000,1.17800321243128,"n = 5000"
5000,0.133484550179535,"n = 5000"
5000,0.0816609119012896,"n = 5000"
5000,-1.00953806714775,"n = 5000"
5000,-1.19996523227889,"n = 5000"
5000,0.593788769680629,"n = 5000"
5000,-1.33877620505135,"n = 5000"
5000,0.173774348223836,"n = 5000"
5000,-1.90687917792641,"n = 5000"
5000,0.780966171558665,"n = 5000"
5000,0.257097954419643,"n = 5000"
5000,0.977137341908662,"n = 5000"
5000,-0.628624542081663,"n = 5000"
5000,-0.185613200464161,"n = 5000"
5000,-0.0900749993580353,"n = 5000"
5000,1.78726222068503,"n = 5000"
5000,0.707888404410346,"n = 5000"
5000,1.54991942231703,"n = 5000"
5000,0.740795030391882,"n = 5000"
5000,0.365269605073002,"n = 5000"
5000,-0.0157913195487383,"n = 5000"
5000,-0.178431842519526,"n = 5000"
5000,-0.103100821423892,"n = 5000"
5000,0.27362458013323,"n = 5000"
5000,-0.530048362505202,"n = 5000"
5000,0.532932886492883,"n = 5000"
5000,-0.682932295203546,"n = 5000"
5000,-0.0618861569242327,"n = 5000"
5000,1.53189456879444,"n = 5000"
5000,-0.130226142421826,"n = 5000"
5000,-1.96936879055453,"n = 5000"
5000,-0.39472638084541,"n = 5000"
5000,0.175673672632369,"n = 5000"
5000,-1.04546677944919,"n = 5000"
5000,0.180738136421124,"n = 5000"
5000,0.884175237927799,"n = 5000"
5000,0.980218211101059,"n = 5000"
5000,0.882404050540632,"n = 5000"
5000,0.0779938704817684,"n = 5000"
5000,1.27545810040789,"n = 5000"
5000,0.493675515486234,"n = 5000"
5000,0.291614528835968,"n = 5000"
5000,0.154397590960346,"n = 5000"
5000,-0.590376735197882,"n = 5000"
5000,-0.585308109472718,"n = 5000"
5000,-1.46546952022327,"n = 5000"
5000,-0.210500453654885,"n = 5000"
5000,-0.296157051167909,"n = 5000"
5000,0.311292580838593,"n = 5000"
5000,-0.00289952924843654,"n = 5000"
5000,0.677940644055116,"n = 5000"
5000,-0.890039744474236,"n = 5000"
5000,-1.49164108966217,"n = 5000"
5000,-0.198043504248376,"n = 5000"
5000,0.151150697523037,"n = 5000"
5000,-1.05484362376054,"n = 5000"
5000,-0.12194564068613,"n = 5000"
5000,-1.967041798874,"n = 5000"
5000,-0.373540716429748,"n = 5000"
5000,-1.08375574213912,"n = 5000"
5000,-1.57040749970589,"n = 5000"
5000,1.13807960985792,"n = 5000"
5000,0.0953586536043043,"n = 5000"
5000,0.688272542728478,"n = 5000"
5000,0.238872304093804,"n = 5000"
5000,0.802333403090941,"n = 5000"
5000,0.531035367665272,"n = 5000"
5000,-0.673413069962153,"n = 5000"
5000,2.60861801823477,"n = 5000"
5000,0.457214663267647,"n = 5000"
5000,0.428070462176988,"n = 5000"
5000,-0.767022970263259,"n = 5000"
5000,0.402245616516316,"n = 5000"
5000,-0.617373128724024,"n = 5000"
5000,0.387010650734066,"n = 5000"
5000,0.314065860331934,"n = 5000"
5000,-0.819612568536554,"n = 5000"
5000,1.15326578638084,"n = 5000"
5000,0.383120501441265,"n = 5000"
5000,1.2922188516078,"n = 5000"
5000,0.968085288397055,"n = 5000"
5000,-1.35060460231964,"n = 5000"
5000,1.52771897178435,"n = 5000"
5000,0.463227461290617,"n = 5000"
5000,-0.95213364931992,"n = 5000"
5000,0.443346417083652,"n = 5000"
5000,-0.116009625279491,"n = 5000"
5000,0.757807715779874,"n = 5000"
5000,-0.57225897423343,"n = 5000"
5000,-0.0459368287790434,"n = 5000"
5000,-1.392736620985,"n = 5000"
5000,1.97081450866358,"n = 5000"
5000,1.31465250697236,"n = 5000"
5000,0.502583820938589,"n = 5000"
5000,-0.50061340112705,"n = 5000"
5000,-0.992205256722775,"n = 5000"
5000,-0.142206456011011,"n = 5000"
5000,0.102371597872518,"n = 5000"
5000,-1.58705119925697,"n = 5000"
5000,0.986333212556745,"n = 5000"
5000,-1.0823925843101,"n = 5000"
5000,0.288798734434578,"n = 5000"
5000,-0.672277937147957,"n = 5000"
5000,0.553418195845674,"n = 5000"
5000,-0.707790264759505,"n = 5000"
5000,0.00985111448203631,"n = 5000"
5000,-1.10848461690844,"n = 5000"
5000,-0.421321640117412,"n = 5000"
5000,0.902745846520349,"n = 5000"
5000,1.22974864552439,"n = 5000"
5000,1.26585927786489,"n = 5000"
5000,0.89155721186437,"n = 5000"
5000,0.596527165077042,"n = 5000"
5000,-0.897259876722535,"n = 5000"
5000,0.573377526215356,"n = 5000"
5000,-0.515981747636853,"n = 5000"
5000,0.810730174006254,"n = 5000"
5000,1.17644416483841,"n = 5000"
5000,1.61415793869851,"n = 5000"
5000,-0.0804035703023169,"n = 5000"
5000,1.16211927258908,"n = 5000"
5000,1.56161901407208,"n = 5000"
5000,-0.763303089866517,"n = 5000"
5000,0.472244232435006,"n = 5000"
5000,0.542221808123277,"n = 5000"
5000,0.28316633792277,"n = 5000"
5000,-1.16315327100339,"n = 5000"
5000,-1.01861509613011,"n = 5000"
5000,0.845950013698016,"n = 5000"
5000,0.218635623348093,"n = 5000"
5000,-0.10033822825274,"n = 5000"
5000,0.266783812400615,"n = 5000"
5000,-1.70747230803675,"n = 5000"
5000,-1.42201408247789,"n = 5000"
5000,1.82100143200171,"n = 5000"
5000,-0.241612981096988,"n = 5000"
5000,-0.316275998637907,"n = 5000"
5000,0.826134789906328,"n = 5000"
5000,-1.85503204853295,"n = 5000"
5000,0.721760200796557,"n = 5000"
5000,-0.985671791136942,"n = 5000"
5000,-2.22233299840987,"n = 5000"
5000,1.27985546534519,"n = 5000"
5000,-0.522739105970539,"n = 5000"
5000,0.0303829967185056,"n = 5000"
5000,0.698812801177274,"n = 5000"
5000,-0.451461501729159,"n = 5000"
5000,0.893265335233981,"n = 5000"
5000,0.92495601514414,"n = 5000"
5000,0.593611085087385,"n = 5000"
5000,1.16577339115077,"n = 5000"
5000,0.777639101619824,"n = 5000"
5000,0.625405234360971,"n = 5000"
5000,-1.33763140030357,"n = 5000"
5000,-1.54418448401042,"n = 5000"
5000,0.18413168662108,"n = 5000"
5000,-0.34660950563321,"n = 5000"
5000,-0.0270569704953645,"n = 5000"
5000,0.0389113826503537,"n = 5000"
5000,0.759081544636122,"n = 5000"
5000,-0.7112606686725,"n = 5000"
5000,-1.16004914106378,"n = 5000"
5000,-0.136924721028892,"n = 5000"
5000,0.202490679092647,"n = 5000"
5000,-1.14605349698608,"n = 5000"
5000,-0.849682581314357,"n = 5000"
5000,0.278516567225823,"n = 5000"
5000,1.52058852727424,"n = 5000"
5000,0.374400892265901,"n = 5000"
5000,-1.77138317325366,"n = 5000"
5000,0.111680248122051,"n = 5000"
5000,-0.300076457459336,"n = 5000"
5000,-0.242525399495412,"n = 5000"
5000,-0.460176322085954,"n = 5000"
5000,0.735211809740497,"n = 5000"
5000,-0.553910283644901,"n = 5000"
5000,-1.04944384840853,"n = 5000"
5000,0.0708694557905754,"n = 5000"
5000,-1.91610323569799,"n = 5000"
5000,0.683288906450523,"n = 5000"
5000,-1.07719146403856,"n = 5000"
5000,0.930677907625588,"n = 5000"
5000,1.52300703272582,"n = 5000"
5000,1.09843458971139,"n = 5000"
5000,-0.017784860598392,"n = 5000"
5000,0.247625991159302,"n = 5000"
5000,0.232901979977216,"n = 5000"
5000,-0.732230929140657,"n = 5000"
5000,-2.08388672081821,"n = 5000"
5000,-1.59453710997866,"n = 5000"
5000,0.738213715976262,"n = 5000"
5000,-1.12644547807581,"n = 5000"
5000,0.250026836500811,"n = 5000"
5000,-0.0858587095067108,"n = 5000"
5000,0.00122897421087358,"n = 5000"
5000,1.28356678112113,"n = 5000"
5000,-0.797632056105765,"n = 5000"
5000,-1.11633732938712,"n = 5000"
5000,-0.586789352743492,"n = 5000"
5000,1.40309758031887,"n = 5000"
5000,0.94022656343482,"n = 5000"
5000,0.965966237098422,"n = 5000"
5000,1.20261939508426,"n = 5000"
5000,-0.136568704775468,"n = 5000"
5000,-0.495365618438357,"n = 5000"
5000,-0.805129249582211,"n = 5000"
5000,0.210691842307474,"n = 5000"
5000,0.956485446607796,"n = 5000"
5000,-1.6809619107834,"n = 5000"
5000,-0.642012935520955,"n = 5000"
5000,-2.55434129381429,"n = 5000"
5000,1.13616174594236,"n = 5000"
5000,-0.576946796845916,"n = 5000"
5000,-0.0476224484862463,"n = 5000"
5000,0.623069284447988,"n = 5000"
5000,-0.367728362537927,"n = 5000"
5000,-1.25782342597764,"n = 5000"
5000,0.593284054100792,"n = 5000"
5000,-0.793585720177066,"n = 5000"
5000,-1.60409704763902,"n = 5000"
5000,0.0852062007219119,"n = 5000"
5000,-0.607218947832746,"n = 5000"
5000,-0.52905877988805,"n = 5000"
5000,0.0985995973681797,"n = 5000"
5000,-0.0625981671359788,"n = 5000"
5000,-1.57613488678628,"n = 5000"
5000,0.120726723938828,"n = 5000"
5000,-0.576099609386983,"n = 5000"
5000,-0.336826779300837,"n = 5000"
5000,-0.377637119604877,"n = 5000"
5000,-0.595456860894866,"n = 5000"
5000,-0.330889839330323,"n = 5000"
5000,1.07966273791353,"n = 5000"
5000,-1.08817377036093,"n = 5000"
5000,-0.319089272846342,"n = 5000"
5000,-1.23330909576155,"n = 5000"
5000,-0.0537080331198807,"n = 5000"
5000,-0.53710617020947,"n = 5000"
5000,-1.18339160209468,"n = 5000"
5000,1.20524957545671,"n = 5000"
5000,0.929590232775571,"n = 5000"
5000,-0.477106509634853,"n = 5000"
5000,-0.738254866994773,"n = 5000"
5000,0.420828134061157,"n = 5000"
5000,-0.661521736530802,"n = 5000"
5000,0.00912342632565561,"n = 5000"
5000,0.248229710916199,"n = 5000"
5000,0.658884093708278,"n = 5000"
5000,1.56813096453546,"n = 5000"
5000,-0.280353970528841,"n = 5000"
5000,-0.299870163581867,"n = 5000"
5000,0.701883449403735,"n = 5000"
5000,1.30776834472016,"n = 5000"
5000,0.430275306914009,"n = 5000"
5000,0.0809945765552438,"n = 5000"
5000,-0.111571710181917,"n = 5000"
5000,1.30396662081315,"n = 5000"
5000,-0.239710494458867,"n = 5000"
5000,-0.594898315359865,"n = 5000"
5000,0.797393398290617,"n = 5000"
5000,-0.872175256560772,"n = 5000"
5000,-1.62240279607872,"n = 5000"
5000,-0.206500677774291,"n = 5000"
5000,-1.04896492718117,"n = 5000"
5000,0.248592510422089,"n = 5000"
5000,-0.974917584658489,"n = 5000"
5000,1.10080378129125,"n = 5000"
5000,0.608108998531324,"n = 5000"
5000,0.940420524595885,"n = 5000"
5000,-0.202411550364428,"n = 5000"
5000,1.36893538376477,"n = 5000"
5000,0.129240235066844,"n = 5000"
5000,1.40209209063963,"n = 5000"
5000,1.09466881029511,"n = 5000"
5000,-0.293804713576697,"n = 5000"
5000,-1.38012414832775,"n = 5000"
5000,0.539439011997293,"n = 5000"
5000,0.975015434371841,"n = 5000"
5000,0.186385788233914,"n = 5000"
5000,0.469718006749296,"n = 5000"
5000,1.06492689447222,"n = 5000"
5000,0.750719416991916,"n = 5000"
5000,-0.156036408847321,"n = 5000"
5000,-0.971662928517014,"n = 5000"
5000,1.40197962358221,"n = 5000"
5000,0.908299454022112,"n = 5000"
5000,-0.760321553283219,"n = 5000"
5000,0.660830717060208,"n = 5000"
5000,0.544939270783282,"n = 5000"
5000,1.65838051769197,"n = 5000"
5000,1.07129377580186,"n = 5000"
5000,-0.682848783066596,"n = 5000"
5000,-1.76338031623182,"n = 5000"
5000,-0.648675661635673,"n = 5000"
5000,0.000310851338934072,"n = 5000"
5000,-0.280707220976163,"n = 5000"
5000,-0.426524577629255,"n = 5000"
5000,-0.385379511949845,"n = 5000"
5000,1.19706055590472,"n = 5000"
5000,0.790855907858685,"n = 5000"
5000,0.297724412135327,"n = 5000"
5000,-0.568661113899325,"n = 5000"
5000,-0.980422855690261,"n = 5000"
5000,-1.76159268178482,"n = 5000"
5000,0.165478969165281,"n = 5000"
5000,-0.559734792451191,"n = 5000"
5000,0.928304833348641,"n = 5000"
5000,0.638545792545889,"n = 5000"
5000,-0.454604544876233,"n = 5000"
5000,0.303470044521283,"n = 5000"
5000,0.972535170089852,"n = 5000"
5000,-0.916139215266611,"n = 5000"
5000,-0.0139806810936269,"n = 5000"
5000,0.0508125196997166,"n = 5000"
5000,-1.55614361547185,"n = 5000"
5000,-0.065494302908861,"n = 5000"
5000,-0.614716106004176,"n = 5000"
5000,1.21845068259114,"n = 5000"
5000,-0.827232887885162,"n = 5000"
5000,0.0768208764723139,"n = 5000"
5000,0.354302283100546,"n = 5000"
5000,-2.9604354719177,"n = 5000"
5000,-1.19760120470309,"n = 5000"
5000,-0.785445943265915,"n = 5000"
5000,1.20881641412753,"n = 5000"
5000,-0.433741633663866,"n = 5000"
5000,0.00819440139173174,"n = 5000"
5000,-0.47965512931682,"n = 5000"
5000,-0.577132351092719,"n = 5000"
5000,-1.01842294506014,"n = 5000"
5000,-0.321208503385944,"n = 5000"
5000,-1.50770127107801,"n = 5000"
5000,-0.521502092314024,"n = 5000"
5000,0.154684648930542,"n = 5000"
5000,-0.0441445387393064,"n = 5000"
5000,-0.781376567801547,"n = 5000"
5000,-0.0935601835534807,"n = 5000"
5000,0.827831040981347,"n = 5000"
5000,1.20795114480538,"n = 5000"
5000,0.493452756510871,"n = 5000"
5000,-0.0570086337067405,"n = 5000"
5000,-1.42055694517871,"n = 5000"
5000,-1.29898571217205,"n = 5000"
5000,-0.429117895295774,"n = 5000"
5000,-0.509712303137543,"n = 5000"
5000,1.8095019453468,"n = 5000"
5000,-0.0682318611961452,"n = 5000"
5000,-0.796743037379324,"n = 5000"
5000,1.1340240144299,"n = 5000"
5000,0.597795123900722,"n = 5000"
5000,0.625691913449169,"n = 5000"
5000,-1.06815516690425,"n = 5000"
5000,-0.866306475835612,"n = 5000"
5000,-1.39761249311632,"n = 5000"
5000,0.126487648041576,"n = 5000"
5000,-1.06852721247426,"n = 5000"
5000,-0.404278968753657,"n = 5000"
5000,0.850616183456679,"n = 5000"
5000,0.196145254019403,"n = 5000"
5000,-2.24813201255242,"n = 5000"
5000,-0.211610635464879,"n = 5000"
5000,0.233703638423816,"n = 5000"
5000,0.187366191558797,"n = 5000"
5000,-0.602030743913827,"n = 5000"
5000,0.366304205366492,"n = 5000"
5000,-0.88561694299009,"n = 5000"
5000,-2.05332164416257,"n = 5000"
5000,0.929240775982753,"n = 5000"
5000,0.6095552194573,"n = 5000"
5000,1.23237355945855,"n = 5000"
5000,-0.338411429681923,"n = 5000"
5000,-0.454970539874344,"n = 5000"
5000,-0.389830326061432,"n = 5000"
5000,0.536339221378342,"n = 5000"
5000,1.89217491248124,"n = 5000"
5000,-0.831198699971559,"n = 5000"
5000,0.0257795793100619,"n = 5000"
5000,-0.519169077603151,"n = 5000"
5000,-0.0744597923633942,"n = 5000"
5000,-0.399307142106778,"n = 5000"
5000,0.542277435892476,"n = 5000"
5000,1.09530468278995,"n = 5000"
5000,0.599174885258314,"n = 5000"
5000,-0.124034439540939,"n = 5000"
5000,1.31585523864937,"n = 5000"
5000,-1.35427169457818,"n = 5000"
5000,-1.145092755878,"n = 5000"
5000,-2.27408276525769,"n = 5000"
5000,-1.02504992773348,"n = 5000"
5000,0.561896132016929,"n = 5000"
5000,0.583593577080793,"n = 5000"
5000,1.91850426191247,"n = 5000"
5000,1.96199393275087,"n = 5000"
5000,-1.0001652033052,"n = 5000"
5000,1.14781615203133,"n = 5000"
5000,-0.890984837994136,"n = 5000"
5000,-1.98211048753248,"n = 5000"
5000,0.470834789697746,"n = 5000"
5000,-0.958481198474817,"n = 5000"
5000,-0.427939267761633,"n = 5000"
5000,1.59215654891184,"n = 5000"
5000,-1.48819178193336,"n = 5000"
5000,0.615092598092909,"n = 5000"
5000,-0.277323279632958,"n = 5000"
5000,0.851659650027405,"n = 5000"
5000,-1.14661259109801,"n = 5000"
5000,0.611204283728536,"n = 5000"
5000,-1.30419269888003,"n = 5000"
5000,-1.50095461670326,"n = 5000"
5000,-0.800829087388942,"n = 5000"
5000,-0.0899688573018829,"n = 5000"
5000,0.534514965328833,"n = 5000"
5000,0.325258151758256,"n = 5000"
5000,-0.332933288112247,"n = 5000"
5000,2.09825923999744,"n = 5000"
5000,0.62995736585022,"n = 5000"
5000,-1.06698486336532,"n = 5000"
5000,-1.61322330065894,"n = 5000"
5000,0.937122533640486,"n = 5000"
5000,1.93314303915937,"n = 5000"
5000,-0.201537785887354,"n = 5000"
5000,-1.34782456151807,"n = 5000"
5000,-0.221779873763426,"n = 5000"
5000,0.102618950424175,"n = 5000"
5000,-0.582075748011833,"n = 5000"
5000,-0.908446943265553,"n = 5000"
5000,-0.410859872165367,"n = 5000"
5000,1.24286350803858,"n = 5000"
5000,-0.38915566934626,"n = 5000"
5000,-0.564964424134393,"n = 5000"
5000,-1.4174078647373,"n = 5000"
5000,-1.46932705883548,"n = 5000"
5000,-0.173127876381673,"n = 5000"
5000,-0.0516382909355627,"n = 5000"
5000,1.16971493721218,"n = 5000"
5000,0.247852620993112,"n = 5000"
5000,0.806681434607316,"n = 5000"
5000,-0.453317613495251,"n = 5000"
5000,-1.04792575253879,"n = 5000"
5000,-0.0847741529183939,"n = 5000"
5000,-0.22981664432057,"n = 5000"
5000,-0.710391165774494,"n = 5000"
5000,1.60400849498009,"n = 5000"
5000,-0.816669164265846,"n = 5000"
5000,0.387930534739709,"n = 5000"
5000,-0.0323613509320628,"n = 5000"
5000,-0.32138438340682,"n = 5000"
5000,-0.352469263127803,"n = 5000"
5000,0.214378331498781,"n = 5000"
5000,-0.627314753067823,"n = 5000"
5000,-0.561046236403846,"n = 5000"
5000,1.4218894769307,"n = 5000"
5000,2.50828825890563,"n = 5000"
5000,-0.462094628703464,"n = 5000"
5000,-0.743473220998025,"n = 5000"
5000,1.0534163834817,"n = 5000"
5000,1.55507703480245,"n = 5000"
5000,0.292510513518936,"n = 5000"
5000,0.233209868347251,"n = 5000"
5000,0.644277893344943,"n = 5000"
5000,0.878328928405961,"n = 5000"
5000,0.0687393250045001,"n = 5000"
5000,0.148526606750232,"n = 5000"
5000,-1.50205183559963,"n = 5000"
5000,0.03908215084649,"n = 5000"
5000,0.78254397107075,"n = 5000"
5000,0.11695206309893,"n = 5000"
5000,2.03068235600591,"n = 5000"
5000,-2.01599745991945,"n = 5000"
5000,-0.923087376535093,"n = 5000"
5000,1.58889218149688,"n = 5000"
5000,-1.0798352414815,"n = 5000"
5000,0.135368595123823,"n = 5000"
5000,1.59392120185679,"n = 5000"
5000,-0.19750060922877,"n = 5000"
5000,1.80439867813301,"n = 5000"
5000,0.892239234920596,"n = 5000"
5000,0.760423524239362,"n = 5000"
5000,2.65149006284358,"n = 5000"
5000,-1.34926161607221,"n = 5000"
5000,-0.419545958359672,"n = 5000"
5000,-1.21386594193131,"n = 5000"
5000,-0.844849707947017,"n = 5000"
5000,-0.871012313625851,"n = 5000"
5000,0.774761274456041,"n = 5000"
5000,0.60285421712485,"n = 5000"
5000,-1.60597794775509,"n = 5000"
5000,1.05650652329953,"n = 5000"
5000,1.33341255024977,"n = 5000"
5000,-0.3098274522056,"n = 5000"
5000,-1.69498520228071,"n = 5000"
5000,2.08512304939403,"n = 5000"
5000,0.672354612798434,"n = 5000"
5000,0.795564633040771,"n = 5000"
5000,1.02647164740174,"n = 5000"
5000,-1.54258671335392,"n = 5000"
5000,0.536829569306595,"n = 5000"
5000,2.47931019127501,"n = 5000"
5000,-1.10846051041329,"n = 5000"
5000,-0.290578927683712,"n = 5000"
5000,0.140724928461073,"n = 5000"
5000,-0.291555628726085,"n = 5000"
5000,1.41104392990077,"n = 5000"
5000,1.98019128116007,"n = 5000"
5000,1.50452376157464,"n = 5000"
5000,-0.158305024224993,"n = 5000"
5000,-1.27420788987772,"n = 5000"
5000,0.299094216937072,"n = 5000"
5000,1.07261744157095,"n = 5000"
5000,-2.20289636477871,"n = 5000"
5000,-0.127617164086872,"n = 5000"
5000,-1.02905589066758,"n = 5000"
5000,0.717958027383862,"n = 5000"
5000,1.07780364269562,"n = 5000"
5000,-0.272324918572358,"n = 5000"
5000,-0.289929398861776,"n = 5000"
5000,-0.830255407528326,"n = 5000"
5000,0.704292868527557,"n = 5000"
5000,-0.922696874440957,"n = 5000"
5000,-0.71017008407521,"n = 5000"
5000,1.10197921221794,"n = 5000"
5000,-1.18058389680795,"n = 5000"
5000,-0.769155620698823,"n = 5000"
5000,0.0625538028581083,"n = 5000"
5000,0.380746287794748,"n = 5000"
5000,1.08709561137201,"n = 5000"
5000,1.29540843708397,"n = 5000"
5000,0.115356806182621,"n = 5000"
5000,-2.23938382584874,"n = 5000"
5000,1.26503350029549,"n = 5000"
5000,0.558659824495419,"n = 5000"
5000,0.726234663815988,"n = 5000"
5000,-1.75631947378661,"n = 5000"
5000,0.229150960435033,"n = 5000"
5000,0.542640398548037,"n = 5000"
5000,-0.17634659153487,"n = 5000"
5000,0.905131756648269,"n = 5000"
5000,1.83407629998183,"n = 5000"
5000,2.10522967682466,"n = 5000"
5000,1.3290284859915,"n = 5000"
5000,0.101665901163337,"n = 5000"
5000,1.54910814971732,"n = 5000"
5000,1.2905837771787,"n = 5000"
5000,-0.423760837173822,"n = 5000"
5000,0.807980775978372,"n = 5000"
5000,1.52293021272178,"n = 5000"
5000,-0.67968506108166,"n = 5000"
5000,-0.605766290396616,"n = 5000"
5000,-1.65762261182426,"n = 5000"
5000,-0.3198022028991,"n = 5000"
5000,0.420801621891165,"n = 5000"
5000,1.01196151525501,"n = 5000"
5000,-0.00911287030196446,"n = 5000"
5000,-0.497721271405789,"n = 5000"
5000,-0.57627011819588,"n = 5000"
5000,0.647908610108444,"n = 5000"
5000,0.573003036865064,"n = 5000"
5000,-0.358857068633172,"n = 5000"
5000,-2.38847577649447,"n = 5000"
5000,0.303464699274193,"n = 5000"
5000,1.0464832940328,"n = 5000"
5000,0.807208197790408,"n = 5000"
5000,0.430643565107277,"n = 5000"
5000,-1.35744353365302,"n = 5000"
5000,-0.308137514287319,"n = 5000"
5000,0.0237405794925542,"n = 5000"
5000,0.147152638047423,"n = 5000"
5000,1.77340588542354,"n = 5000"
5000,-0.387561921590045,"n = 5000"
5000,0.588489186643819,"n = 5000"
5000,0.456242393578988,"n = 5000"
5000,-1.41538780291213,"n = 5000"
5000,-0.0625260616150252,"n = 5000"
5000,-0.130995604826677,"n = 5000"
5000,-1.58801822095152,"n = 5000"
5000,0.077295141523342,"n = 5000"
5000,-1.65354377244684,"n = 5000"
5000,0.0562452922012447,"n = 5000"
5000,-0.762223841774382,"n = 5000"
5000,0.306575498361065,"n = 5000"
5000,-1.0564097880733,"n = 5000"
5000,0.153847926945927,"n = 5000"
5000,-0.412449480436611,"n = 5000"
5000,0.405610411257474,"n = 5000"
5000,-0.1590198011351,"n = 5000"
5000,0.537729266967746,"n = 5000"
5000,-0.455684005644126,"n = 5000"
5000,-0.777469359104932,"n = 5000"
5000,-1.63347574574733,"n = 5000"
5000,0.341468413791828,"n = 5000"
5000,-1.15064893253417,"n = 5000"
5000,0.0792389522146575,"n = 5000"
5000,-0.452854088358764,"n = 5000"
5000,1.22679008977961,"n = 5000"
5000,-0.364879786983019,"n = 5000"
5000,0.900171775396365,"n = 5000"
5000,-1.08751330371649,"n = 5000"
5000,-0.247225439453091,"n = 5000"
5000,0.239443669868849,"n = 5000"
5000,1.37354303103636,"n = 5000"
5000,0.694246782955754,"n = 5000"
5000,0.0906398343835596,"n = 5000"
5000,0.00264914482360309,"n = 5000"
5000,0.458014491989792,"n = 5000"
5000,-1.36307553004288,"n = 5000"
5000,-0.939607870487401,"n = 5000"
5000,0.68367339119519,"n = 5000"
5000,-0.436304910594886,"n = 5000"
5000,-1.11837910786295,"n = 5000"
5000,-1.34672783772804,"n = 5000"
5000,0.472701303473416,"n = 5000"
5000,0.630896625273435,"n = 5000"
5000,0.36456981250826,"n = 5000"
5000,1.79808089722752,"n = 5000"
5000,-0.969904665326783,"n = 5000"
5000,1.54058381615004,"n = 5000"
5000,1.6795208687613,"n = 5000"
5000,1.50121297428699,"n = 5000"
5000,1.17669764084333,"n = 5000"
5000,-0.557350058111609,"n = 5000"
5000,-0.23265938330269,"n = 5000"
5000,0.568829041918442,"n = 5000"
5000,-0.692735587506486,"n = 5000"
5000,-0.366112313527884,"n = 5000"
5000,-0.246417422355671,"n = 5000"
5000,-1.58031400271749,"n = 5000"
5000,-0.0918902654973535,"n = 5000"
5000,-1.37628112806589,"n = 5000"
5000,1.90901582561673,"n = 5000"
5000,1.57152922219144,"n = 5000"
5000,0.192862440865893,"n = 5000"
5000,-0.216140935584462,"n = 5000"
5000,-0.509082064564441,"n = 5000"
5000,1.36097410592908,"n = 5000"
5000,0.500092907860472,"n = 5000"
5000,-1.01411634240385,"n = 5000"
5000,-0.0358890232531349,"n = 5000"
5000,-0.689335470599747,"n = 5000"
5000,0.434818079137454,"n = 5000"
5000,-0.747264526144375,"n = 5000"
5000,1.21681305570097,"n = 5000"
5000,0.421755915889307,"n = 5000"
5000,1.54350592268484,"n = 5000"
5000,0.157650801014675,"n = 5000"
5000,-1.76396727233226,"n = 5000"
5000,0.319365624357476,"n = 5000"
5000,-0.140186696292557,"n = 5000"
5000,1.023589768428,"n = 5000"
5000,-0.618131932776036,"n = 5000"
5000,0.0307522825188976,"n = 5000"
5000,-1.09825415310822,"n = 5000"
5000,1.57547279861368,"n = 5000"
5000,0.762266751587235,"n = 5000"
5000,-0.232838028761398,"n = 5000"
5000,1.78043116690633,"n = 5000"
5000,0.418859486762672,"n = 5000"
5000,-0.395338352987936,"n = 5000"
5000,-0.0557217085517863,"n = 5000"
5000,-0.385685832544495,"n = 5000"
5000,1.88425968590574,"n = 5000"
5000,-1.15557945754815,"n = 5000"
5000,-1.5122254745372,"n = 5000"
5000,0.136211119745863,"n = 5000"
5000,-0.276367985783803,"n = 5000"
5000,0.294922506961936,"n = 5000"
5000,-0.415693204601477,"n = 5000"
5000,0.49879127689456,"n = 5000"
5000,-1.17478138673772,"n = 5000"
5000,-0.39187703187447,"n = 5000"
5000,-0.479244121655054,"n = 5000"
5000,-0.896294685800118,"n = 5000"
5000,1.25753665963215,"n = 5000"
5000,0.568755099642294,"n = 5000"
5000,0.260978562245982,"n = 5000"
5000,-1.19491155902245,"n = 5000"
5000,0.920951082871925,"n = 5000"
5000,0.352163630708264,"n = 5000"
5000,0.886641152658233,"n = 5000"
5000,-0.440350734157745,"n = 5000"
5000,-0.646775073925666,"n = 5000"
5000,0.0206553019533491,"n = 5000"
5000,1.35553931270733,"n = 5000"
5000,-0.55623581973267,"n = 5000"
5000,-0.406156595355089,"n = 5000"
5000,0.268911015235762,"n = 5000"
5000,0.561805970304375,"n = 5000"
5000,-0.266560830502052,"n = 5000"
5000,1.64148156756335,"n = 5000"
5000,0.707754571416857,"n = 5000"
5000,-0.80912269956015,"n = 5000"
5000,0.0370554484978394,"n = 5000"
5000,1.22125166791554,"n = 5000"
5000,-0.375227787753761,"n = 5000"
5000,-0.514009356408632,"n = 5000"
5000,-1.12139976586586,"n = 5000"
5000,-0.606009048575769,"n = 5000"
5000,-1.12083500402186,"n = 5000"
5000,-1.35199799357951,"n = 5000"
5000,-0.58341969250303,"n = 5000"
5000,-1.03461383178943,"n = 5000"
5000,0.886076226044448,"n = 5000"
5000,-0.231407317504167,"n = 5000"
5000,-0.0203942706676631,"n = 5000"
5000,0.605557516902304,"n = 5000"
5000,1.63285177351262,"n = 5000"
5000,-2.28647286484376,"n = 5000"
5000,-1.51723695223052,"n = 5000"
5000,1.15678967655845,"n = 5000"
5000,-1.590140821061,"n = 5000"
5000,1.22172289833689,"n = 5000"
5000,2.20530481491509,"n = 5000"
5000,1.33872205922017,"n = 5000"
5000,-0.392487626555592,"n = 5000"
5000,-0.540972849363507,"n = 5000"
5000,-1.38746521750694,"n = 5000"
5000,-0.992896938814515,"n = 5000"
5000,-0.188295539278394,"n = 5000"
5000,-0.16485374391595,"n = 5000"
5000,0.880560865460046,"n = 5000"
5000,0.0129229177870143,"n = 5000"
5000,-0.954284096980483,"n = 5000"
5000,-0.713655737134581,"n = 5000"
5000,-0.657237058075021,"n = 5000"
5000,-0.291467919958686,"n = 5000"
5000,0.770399128897864,"n = 5000"
5000,0.164683491677786,"n = 5000"
5000,-0.676661423732099,"n = 5000"
5000,1.68247657326619,"n = 5000"
5000,-0.357616586119901,"n = 5000"
5000,2.3675806855255,"n = 5000"
5000,-0.907057762076654,"n = 5000"
5000,-0.0222532998041771,"n = 5000"
5000,-2.21604331327103,"n = 5000"
5000,-0.398753852101772,"n = 5000"
5000,-0.728428319681241,"n = 5000"
5000,-0.632989946618612,"n = 5000"
5000,0.462533000748165,"n = 5000"
5000,-1.0255941733122,"n = 5000"
5000,0.844369170905656,"n = 5000"
5000,1.37119446417499,"n = 5000"
5000,0.54255594939258,"n = 5000"
5000,-1.06113206589478,"n = 5000"
5000,0.571943701801203,"n = 5000"
5000,1.41375849818176,"n = 5000"
5000,-1.20017455266279,"n = 5000"
5000,-1.07226148952049,"n = 5000"
5000,0.37854027157926,"n = 5000"
5000,-0.719930606955168,"n = 5000"
5000,0.387526899829518,"n = 5000"
5000,0.748613607132431,"n = 5000"
5000,-0.168952048316341,"n = 5000"
5000,-0.0935965925335815,"n = 5000"
5000,0.545243023201715,"n = 5000"
5000,1.3739767792575,"n = 5000"
5000,-0.814995081860629,"n = 5000"
5000,-0.781261429842625,"n = 5000"
5000,0.338865828791457,"n = 5000"
5000,1.04419526932138,"n = 5000"
5000,0.441783701421048,"n = 5000"
5000,0.582298625715478,"n = 5000"
5000,1.75570199654788,"n = 5000"
5000,0.148882806111053,"n = 5000"
5000,0.925935014608802,"n = 5000"
5000,0.0921683119542418,"n = 5000"
5000,0.924409753520584,"n = 5000"
5000,-0.887109627656957,"n = 5000"
5000,1.1080617961328,"n = 5000"
5000,0.45053058195209,"n = 5000"
5000,1.05931421193957,"n = 5000"
5000,1.96761386082009,"n = 5000"
5000,1.07232883940018,"n = 5000"
5000,-1.83950611899485,"n = 5000"
5000,0.895513736679051,"n = 5000"
5000,0.953458383612321,"n = 5000"
5000,0.162866776093107,"n = 5000"
5000,-0.815612100464166,"n = 5000"
5000,0.903413575713222,"n = 5000"
5000,0.285274749838516,"n = 5000"
5000,1.09463033794674,"n = 5000"
5000,0.636865604538467,"n = 5000"
5000,0.349272313592797,"n = 5000"
5000,-0.119555324264689,"n = 5000"
5000,-1.84870653282771,"n = 5000"
5000,-1.16983531740809,"n = 5000"
5000,-1.91207597504553,"n = 5000"
5000,0.252023798943075,"n = 5000"
5000,0.754981945711896,"n = 5000"
5000,0.392212400257488,"n = 5000"
5000,0.456885566382699,"n = 5000"
5000,-0.601731940106649,"n = 5000"
5000,0.806350255881,"n = 5000"
5000,-1.94564986914651,"n = 5000"
5000,1.24683804634269,"n = 5000"
5000,1.03269504400692,"n = 5000"
5000,-0.362032821889384,"n = 5000"
5000,0.75353609262248,"n = 5000"
5000,1.03770532451671,"n = 5000"
5000,-2.43608556855245,"n = 5000"
5000,0.377233917524522,"n = 5000"
5000,1.00521412660729,"n = 5000"
5000,0.328264450298084,"n = 5000"
5000,0.64862339773453,"n = 5000"
5000,-1.18112703603097,"n = 5000"
5000,-0.451393833858577,"n = 5000"
5000,-0.797976164752532,"n = 5000"
5000,-0.229702498591602,"n = 5000"
5000,0.175153758356451,"n = 5000"
5000,-0.65468829292455,"n = 5000"
5000,-0.781370209165406,"n = 5000"
5000,-1.27367876928394,"n = 5000"
5000,-0.155653094553684,"n = 5000"
5000,-0.354201886690969,"n = 5000"
5000,0.409427522436542,"n = 5000"
5000,1.96151248338968,"n = 5000"
5000,0.20948459078909,"n = 5000"
5000,-1.6639672698815,"n = 5000"
5000,-0.419142640901277,"n = 5000"
5000,0.145252617348104,"n = 5000"
5000,-0.616072101720242,"n = 5000"
5000,-1.68710566047945,"n = 5000"
5000,2.16681768487793,"n = 5000"
5000,-1.46661856507088,"n = 5000"
5000,-0.460471454247349,"n = 5000"
5000,0.819816434476578,"n = 5000"
5000,0.683663988099137,"n = 5000"
5000,0.611386538083818,"n = 5000"
5000,2.00817773658297,"n = 5000"
5000,0.844185286906391,"n = 5000"
5000,1.23272401863796,"n = 5000"
5000,-1.1697822894636,"n = 5000"
5000,0.542315901146505,"n = 5000"
5000,1.75862407064652,"n = 5000"
5000,1.22096109774474,"n = 5000"
5000,1.54051830451683,"n = 5000"
5000,-0.345152762068349,"n = 5000"
5000,0.0512784755595127,"n = 5000"
5000,-1.4400082922094,"n = 5000"
5000,-0.370459512743826,"n = 5000"
5000,1.30106375708586,"n = 5000"
5000,-0.0837605675228077,"n = 5000"
5000,0.660623659472107,"n = 5000"
5000,1.30798190679356,"n = 5000"
5000,0.443292109849632,"n = 5000"
5000,0.150035746711527,"n = 5000"
5000,-0.067698728895771,"n = 5000"
5000,0.834556756475194,"n = 5000"
5000,0.990318215033257,"n = 5000"
5000,-0.336110784831754,"n = 5000"
5000,-0.643355335168069,"n = 5000"
5000,0.434736260007972,"n = 5000"
5000,0.265470064189694,"n = 5000"
5000,0.125149303229253,"n = 5000"
5000,-0.199519582001167,"n = 5000"
5000,1.00333838911917,"n = 5000"
5000,-0.737933837225728,"n = 5000"
5000,0.129351428158814,"n = 5000"
5000,0.497415436036219,"n = 5000"
5000,-0.908906076916296,"n = 5000"
5000,0.0410587535128974,"n = 5000"
5000,0.596678925506052,"n = 5000"
5000,1.87342670409018,"n = 5000"
5000,0.434205326554882,"n = 5000"
5000,1.12528750959534,"n = 5000"
5000,0.635177297533435,"n = 5000"
5000,0.459173628945787,"n = 5000"
5000,1.08108533604318,"n = 5000"
5000,1.70259342560944,"n = 5000"
5000,-2.79781251037657,"n = 5000"
5000,-0.616470733905512,"n = 5000"
5000,-0.0750837052876381,"n = 5000"
5000,0.75516770471276,"n = 5000"
5000,0.62688156650848,"n = 5000"
5000,-0.655123985426975,"n = 5000"
5000,-0.401734936087572,"n = 5000"
5000,0.648302221697742,"n = 5000"
5000,-1.10105375879663,"n = 5000"
5000,0.0283418723182816,"n = 5000"
5000,0.622877239224161,"n = 5000"
5000,-0.938500626350516,"n = 5000"
5000,0.839346266233926,"n = 5000"
5000,-0.917094850268897,"n = 5000"
5000,-0.88355069118694,"n = 5000"
5000,-0.95535589929775,"n = 5000"
5000,0.957319517714924,"n = 5000"
5000,0.206351129911944,"n = 5000"
5000,1.37467150583503,"n = 5000"
5000,-0.0745051524779806,"n = 5000"
5000,-1.10738747426903,"n = 5000"
5000,-0.76545779949148,"n = 5000"
5000,-1.76406043900963,"n = 5000"
5000,-0.512126365150561,"n = 5000"
5000,0.457095880768348,"n = 5000"
5000,0.607569115556083,"n = 5000"
5000,-0.857547833515421,"n = 5000"
5000,0.672251940522086,"n = 5000"
5000,0.82404413305604,"n = 5000"
5000,-0.247824629556821,"n = 5000"
5000,-1.65099004803112,"n = 5000"
5000,-1.2569432789705,"n = 5000"
5000,-0.790598779605506,"n = 5000"
5000,2.20677078573331,"n = 5000"
5000,-0.383571131599103,"n = 5000"
5000,0.168851671251484,"n = 5000"
5000,0.211131392218906,"n = 5000"
5000,2.0575129246007,"n = 5000"
5000,-0.871816761558555,"n = 5000"
5000,-0.787887004592928,"n = 5000"
5000,0.807032456795496,"n = 5000"
5000,-0.935446009643058,"n = 5000"
5000,-1.16236786530569,"n = 5000"
5000,-1.10222024151442,"n = 5000"
5000,0.492929143243914,"n = 5000"
5000,-0.255517646293705,"n = 5000"
5000,0.593134424468924,"n = 5000"
5000,0.1588702987401,"n = 5000"
5000,0.219585062499957,"n = 5000"
5000,-0.866927184413293,"n = 5000"
5000,1.37563329403708,"n = 5000"
5000,0.665802142902317,"n = 5000"
5000,-1.89668221090645,"n = 5000"
5000,-0.668828103876908,"n = 5000"
5000,-1.90911261062533,"n = 5000"
5000,0.952324491275799,"n = 5000"
5000,1.06813641920549,"n = 5000"
5000,1.04297696084756,"n = 5000"
5000,-2.35732137510694,"n = 5000"
5000,-0.266419826131507,"n = 5000"
5000,0.214710048785554,"n = 5000"
5000,0.661963688662244,"n = 5000"
5000,0.101489279618822,"n = 5000"
5000,-1.77333449800816,"n = 5000"
5000,-0.498187093661593,"n = 5000"
5000,1.76476547347504,"n = 5000"
5000,-0.833310706086739,"n = 5000"
5000,-0.337912125628324,"n = 5000"
5000,-0.82251854718746,"n = 5000"
5000,-2.83197308325939,"n = 5000"
5000,-0.363211223383644,"n = 5000"
5000,-0.326190657081671,"n = 5000"
5000,0.413922166031487,"n = 5000"
5000,-0.846474074357654,"n = 5000"
5000,-0.0217597862593752,"n = 5000"
5000,-1.10417032901986,"n = 5000"
5000,0.971065662413673,"n = 5000"
5000,0.175894313081727,"n = 5000"
5000,-1.06313104077723,"n = 5000"
5000,1.54690202590994,"n = 5000"
5000,-0.314055370481276,"n = 5000"
5000,-1.67816762915499,"n = 5000"
5000,1.33310254962163,"n = 5000"
5000,-2.11059459998926,"n = 5000"
5000,1.46694142341982,"n = 5000"
5000,-0.686933520883161,"n = 5000"
5000,1.41412960483907,"n = 5000"
5000,-1.17102416251745,"n = 5000"
5000,-0.333391821137971,"n = 5000"
5000,0.284403399396088,"n = 5000"
5000,0.913538803044998,"n = 5000"
5000,1.05945562442657,"n = 5000"
5000,-1.35460003089785,"n = 5000"
5000,1.07663500001444,"n = 5000"
5000,-0.811474785557468,"n = 5000"
5000,-1.07637524077001,"n = 5000"
5000,-0.329180068204596,"n = 5000"
5000,-1.68194894253434,"n = 5000"
5000,-0.640870320470174,"n = 5000"
5000,1.49177357495797,"n = 5000"
5000,0.189029881638878,"n = 5000"
5000,0.316131747523084,"n = 5000"
5000,1.59573894432878,"n = 5000"
5000,-1.73720526846702,"n = 5000"
5000,-1.45992433526288,"n = 5000"
5000,-1.10873549089621,"n = 5000"
5000,1.13112188163605,"n = 5000"
5000,0.615681065776326,"n = 5000"
5000,0.342866668137381,"n = 5000"
5000,-0.377793906021872,"n = 5000"
5000,0.0215728284041398,"n = 5000"
5000,-1.58368214615051,"n = 5000"
5000,1.51228596828978,"n = 5000"
5000,-1.17622367008525,"n = 5000"
5000,-0.962933813240352,"n = 5000"
5000,-0.917193836553452,"n = 5000"
5000,1.01261761817851,"n = 5000"
5000,-0.831847978577541,"n = 5000"
5000,0.785087734412488,"n = 5000"
5000,0.000868497957545389,"n = 5000"
5000,-0.260278174728195,"n = 5000"
5000,1.57651683061983,"n = 5000"
5000,-0.0948832195708494,"n = 5000"
5000,1.40999548606967,"n = 5000"
5000,-0.763315428294041,"n = 5000"
5000,0.678170974654682,"n = 5000"
5000,-1.67467573026741,"n = 5000"
5000,0.358089039711554,"n = 5000"
5000,-1.00473612552991,"n = 5000"
5000,-0.823109536728447,"n = 5000"
5000,-0.304160081966615,"n = 5000"
5000,-0.261837766637346,"n = 5000"
5000,0.474594537506293,"n = 5000"
5000,-0.917133562334694,"n = 5000"
5000,-2.74186410100016,"n = 5000"
5000,0.606065676990464,"n = 5000"
5000,-0.808123819777406,"n = 5000"
5000,-0.0190418510867593,"n = 5000"
5000,1.32592299148883,"n = 5000"
5000,1.96438191783652,"n = 5000"
5000,0.304233491696525,"n = 5000"
5000,-0.445935398020456,"n = 5000"
5000,1.35441052766913,"n = 5000"
5000,-0.947060829585851,"n = 5000"
5000,0.83406689204942,"n = 5000"
5000,0.337146078830993,"n = 5000"
5000,-0.258478927322444,"n = 5000"
5000,-1.93554620831572,"n = 5000"
5000,-1.07450320365244,"n = 5000"
5000,-0.732206453269744,"n = 5000"
5000,-0.191981848525288,"n = 5000"
5000,1.13696323409007,"n = 5000"
5000,-0.744702928299064,"n = 5000"
5000,0.503964293818058,"n = 5000"
5000,0.969064070749558,"n = 5000"
5000,1.60564176196322,"n = 5000"
5000,0.557703099298807,"n = 5000"
5000,0.532374167351035,"n = 5000"
5000,1.22518166283874,"n = 5000"
5000,0.462529804872642,"n = 5000"
5000,-0.878614784498349,"n = 5000"
5000,-1.15410155479149,"n = 5000"
5000,0.364617866739021,"n = 5000"
5000,1.703028873419,"n = 5000"
5000,-0.782028515171375,"n = 5000"
5000,0.318247283318607,"n = 5000"
5000,0.135920522010884,"n = 5000"
5000,1.39956646289115,"n = 5000"
5000,-0.768608216036368,"n = 5000"
5000,-0.481329047405823,"n = 5000"
5000,-0.169132230490519,"n = 5000"
5000,-0.225968068514736,"n = 5000"
5000,-0.107509009823966,"n = 5000"
5000,1.66790097453372,"n = 5000"
5000,-0.91516019127763,"n = 5000"
5000,-0.407132579085602,"n = 5000"
5000,-1.26834155721932,"n = 5000"
5000,0.263818509692124,"n = 5000"
5000,0.420636585577406,"n = 5000"
5000,0.0964452583707006,"n = 5000"
5000,-0.266648477882432,"n = 5000"
5000,1.0317868534046,"n = 5000"
5000,-1.81052783446073,"n = 5000"
5000,0.847816614533652,"n = 5000"
5000,0.526719568090192,"n = 5000"
5000,1.60096880573939,"n = 5000"
5000,0.165944527144451,"n = 5000"
5000,-0.128310653467961,"n = 5000"
5000,-1.24634011997396,"n = 5000"
5000,-0.148293869243121,"n = 5000"
5000,0.080617335238198,"n = 5000"
5000,0.594165567659548,"n = 5000"
5000,-0.663361036504298,"n = 5000"
5000,1.59232952828853,"n = 5000"
5000,0.703161034571267,"n = 5000"
5000,1.54274514250097,"n = 5000"
5000,0.330145445235154,"n = 5000"
5000,-0.0361682086256404,"n = 5000"
5000,0.891002183942587,"n = 5000"
5000,0.883559178430791,"n = 5000"
5000,2.56276753039482,"n = 5000"
5000,1.66098988834268,"n = 5000"
5000,0.472797079890538,"n = 5000"
5000,-0.282678994551322,"n = 5000"
5000,1.05889805666896,"n = 5000"
5000,-0.866251665690306,"n = 5000"
5000,-0.414833667328314,"n = 5000"
5000,1.02069561592729,"n = 5000"
5000,1.52362616074204,"n = 5000"
5000,-0.419974082275291,"n = 5000"
5000,-1.25053490119935,"n = 5000"
5000,-0.304830184704335,"n = 5000"
5000,0.189322736155781,"n = 5000"
5000,1.29169247287357,"n = 5000"
5000,-1.09837825518944,"n = 5000"
5000,2.5293785904305,"n = 5000"
5000,-0.233396910786973,"n = 5000"
5000,-2.0871211524115,"n = 5000"
5000,1.09718257491997,"n = 5000"
5000,-1.04188557960648,"n = 5000"
5000,-0.426165839314313,"n = 5000"
5000,2.31722609917161,"n = 5000"
5000,-0.908303336239998,"n = 5000"
5000,-0.630323108046562,"n = 5000"
5000,0.166875990715002,"n = 5000"
5000,-0.235164513575824,"n = 5000"
5000,-0.537118721268438,"n = 5000"
5000,-0.372951355519954,"n = 5000"
5000,0.160174004845525,"n = 5000"
5000,-0.00401286821693795,"n = 5000"
5000,0.146218666911452,"n = 5000"
5000,2.02021633319313,"n = 5000"
5000,-0.624253042708883,"n = 5000"
5000,0.274731798380632,"n = 5000"
5000,0.917790234989608,"n = 5000"
5000,0.310840665421148,"n = 5000"
5000,-1.62785582624695,"n = 5000"
5000,-2.27066877168137,"n = 5000"
5000,0.90031867947978,"n = 5000"
5000,1.62601707336835,"n = 5000"
5000,-0.526167662049075,"n = 5000"
5000,-0.991940194475976,"n = 5000"
5000,-0.679163179868869,"n = 5000"
5000,-0.626004781729256,"n = 5000"
5000,-0.376102942693274,"n = 5000"
5000,1.40753897934846,"n = 5000"
5000,-0.670766238600662,"n = 5000"
5000,0.219411281450908,"n = 5000"
5000,0.0115339405548741,"n = 5000"
5000,0.556133780985184,"n = 5000"
5000,-0.478589318990256,"n = 5000"
5000,0.795433231726517,"n = 5000"
5000,-1.00269706485406,"n = 5000"
5000,0.54212362660244,"n = 5000"
5000,-0.725836614794176,"n = 5000"
5000,-1.92996301582307,"n = 5000"
5000,-0.0850884084286371,"n = 5000"
5000,-1.51576994419476,"n = 5000"
5000,1.21315738566379,"n = 5000"
5000,-0.627438339293889,"n = 5000"
5000,-0.946549869604991,"n = 5000"
5000,-0.761474658968944,"n = 5000"
5000,0.314258075933687,"n = 5000"
5000,-0.11782761950377,"n = 5000"
5000,-0.751929501744253,"n = 5000"
5000,0.5747965802673,"n = 5000"
5000,0.0660382822356421,"n = 5000"
5000,0.84442417141277,"n = 5000"
5000,-0.955399700163389,"n = 5000"
5000,0.926867867714781,"n = 5000"
5000,-1.85174030192993,"n = 5000"
5000,-0.488966681108962,"n = 5000"
5000,-0.030758603700437,"n = 5000"
5000,0.949873347018101,"n = 5000"
5000,-1.22755861804305,"n = 5000"
5000,0.470519921713677,"n = 5000"
5000,1.45441702567221,"n = 5000"
5000,-1.38254025843441,"n = 5000"
5000,0.629139710326494,"n = 5000"
5000,-0.781290356157199,"n = 5000"
5000,-0.347153896709034,"n = 5000"
5000,0.340728420195287,"n = 5000"
5000,-0.259818747841973,"n = 5000"
5000,0.290086533609451,"n = 5000"
5000,1.54309544112737,"n = 5000"
5000,0.331210662429837,"n = 5000"
5000,0.864968797721064,"n = 5000"
5000,-0.331443086955842,"n = 5000"
5000,0.295753366374636,"n = 5000"
5000,0.718570707220363,"n = 5000"
5000,1.14858165909124,"n = 5000"
5000,1.26919236617922,"n = 5000"
5000,1.14709741582833,"n = 5000"
5000,-1.58126624005704,"n = 5000"
5000,1.60448705375092,"n = 5000"
5000,0.108777139330539,"n = 5000"
5000,1.38113206404146,"n = 5000"
5000,-0.312636571496507,"n = 5000"
5000,-1.58489774048635,"n = 5000"
5000,-0.707496942918622,"n = 5000"
5000,2.5489581977634,"n = 5000"
5000,0.423897902982521,"n = 5000"
5000,-0.154954407455857,"n = 5000"
5000,-0.363517145487031,"n = 5000"
5000,-0.0791355477853703,"n = 5000"
5000,-0.723748368996013,"n = 5000"
5000,-1.0168365803478,"n = 5000"
5000,-0.101411167125376,"n = 5000"
5000,1.36763805821034,"n = 5000"
5000,-1.56403924505805,"n = 5000"
5000,-3.31983060510224,"n = 5000"
5000,-1.09498606291655,"n = 5000"
5000,0.991754520742625,"n = 5000"
5000,0.128865804779345,"n = 5000"
5000,-0.878907029239127,"n = 5000"
5000,0.00275216500197501,"n = 5000"
5000,-0.135688660419481,"n = 5000"
5000,-0.38387159511814,"n = 5000"
5000,-1.46485467854813,"n = 5000"
5000,-1.2037455544296,"n = 5000"
5000,0.491861147950865,"n = 5000"
5000,-1.28788625579208,"n = 5000"
5000,-0.373364799111628,"n = 5000"
5000,-0.578099301042713,"n = 5000"
5000,0.18748587597074,"n = 5000"
5000,-1.23371684585408,"n = 5000"
5000,0.717545659491092,"n = 5000"
5000,0.212554813344286,"n = 5000"
5000,0.252589472448718,"n = 5000"
5000,0.307192016396543,"n = 5000"
5000,-1.08761622287229,"n = 5000"
5000,0.820104863095739,"n = 5000"
5000,-0.348738570579906,"n = 5000"
5000,0.16577909210588,"n = 5000"
5000,-0.426938614021668,"n = 5000"
5000,-0.952488529705526,"n = 5000"
5000,-0.62636282030748,"n = 5000"
5000,0.465847304002933,"n = 5000"
5000,0.4004526339393,"n = 5000"
5000,-0.395771071688677,"n = 5000"
5000,1.53290005285071,"n = 5000"
5000,-0.642803226879457,"n = 5000"
5000,1.65370335356336,"n = 5000"
5000,-0.588077695024024,"n = 5000"
5000,-1.31883760969308,"n = 5000"
5000,-1.58917178098595,"n = 5000"
5000,0.949879262032707,"n = 5000"
5000,0.845854045239382,"n = 5000"
5000,-1.47515928428501,"n = 5000"
5000,0.150217525400015,"n = 5000"
5000,-1.21359537920747,"n = 5000"
5000,-0.411835184969555,"n = 5000"
5000,-0.15977532868113,"n = 5000"
5000,0.518265762354286,"n = 5000"
5000,-0.0958672199400683,"n = 5000"
5000,0.603991676156783,"n = 5000"
5000,-0.111413034921152,"n = 5000"
5000,0.00349329425188724,"n = 5000"
5000,0.523940486748224,"n = 5000"
5000,-0.434161599496961,"n = 5000"
5000,0.187031707594192,"n = 5000"
5000,1.54283481922244,"n = 5000"
5000,1.71241972626344,"n = 5000"
5000,0.0870083574443977,"n = 5000"
5000,-0.0615791283575492,"n = 5000"
5000,-2.31723581039935,"n = 5000"
5000,-0.0217165996136699,"n = 5000"
5000,-2.85608901980682,"n = 5000"
5000,1.35923037796667,"n = 5000"
5000,-1.57633712577583,"n = 5000"
5000,1.78357306404076,"n = 5000"
5000,0.214662900479307,"n = 5000"
5000,-0.848250456753575,"n = 5000"
5000,-0.156346047684434,"n = 5000"
5000,-0.220820152550208,"n = 5000"
5000,-0.733053929362241,"n = 5000"
5000,-0.0586856655693334,"n = 5000"
5000,-0.280271570745108,"n = 5000"
5000,0.649264920283618,"n = 5000"
5000,0.459412271722817,"n = 5000"
5000,0.390069023615344,"n = 5000"
5000,1.68862186000724,"n = 5000"
5000,-0.635539439156464,"n = 5000"
5000,-0.450404656776431,"n = 5000"
5000,-0.3446496241849,"n = 5000"
5000,0.752319860856277,"n = 5000"
5000,-0.956226758752879,"n = 5000"
5000,0.298243720397639,"n = 5000"
5000,-0.137686586417563,"n = 5000"
5000,-0.898645585722285,"n = 5000"
5000,2.17341670100968,"n = 5000"
5000,-0.0151023452853406,"n = 5000"
5000,2.16497182035553,"n = 5000"
5000,0.0799578429076709,"n = 5000"
5000,-0.282013136688586,"n = 5000"
5000,-0.6463169275646,"n = 5000"
5000,-0.90495142501239,"n = 5000"
5000,-0.253384218367631,"n = 5000"
5000,0.623997042681332,"n = 5000"
5000,-0.331817634715757,"n = 5000"
5000,0.087954106880183,"n = 5000"
5000,0.231353583541358,"n = 5000"
5000,0.339228409598192,"n = 5000"
5000,-1.07628089179573,"n = 5000"
5000,1.35683745103289,"n = 5000"
5000,0.160776193391293,"n = 5000"
5000,-0.810455791695113,"n = 5000"
5000,0.898019217068275,"n = 5000"
5000,-0.120253706015583,"n = 5000"
5000,1.33998220509429,"n = 5000"
5000,-1.63126611805738,"n = 5000"
5000,0.228728640783132,"n = 5000"
5000,1.73438839159732,"n = 5000"
5000,0.740553937607703,"n = 5000"
5000,0.165852567593527,"n = 5000"
5000,0.729938249810529,"n = 5000"
5000,-1.40901787793616,"n = 5000"
5000,-0.0585572544530565,"n = 5000"
5000,-2.99312574108956,"n = 5000"
5000,0.830913828590247,"n = 5000"
5000,-1.09293803429976,"n = 5000"
5000,0.639940080331118,"n = 5000"
5000,0.907267262035505,"n = 5000"
5000,-2.36828602484218,"n = 5000"
5000,-0.506043893119439,"n = 5000"
5000,-1.03510388822108,"n = 5000"
5000,-2.00748655613192,"n = 5000"
5000,-0.784860085058884,"n = 5000"
5000,0.284961594206805,"n = 5000"
5000,0.478731364144805,"n = 5000"
5000,1.99482355800182,"n = 5000"
5000,-0.145635709793739,"n = 5000"
5000,-0.15257589771555,"n = 5000"
5000,-0.0836130887601108,"n = 5000"
5000,-0.613605568946421,"n = 5000"
5000,-0.724262937168435,"n = 5000"
5000,-1.24906000286546,"n = 5000"
5000,0.0334950929495555,"n = 5000"
5000,-1.08117992790343,"n = 5000"
5000,0.540353183222656,"n = 5000"
5000,-0.406058519409412,"n = 5000"
5000,0.160867916250563,"n = 5000"
5000,0.771643318221947,"n = 5000"
5000,-0.620416326573604,"n = 5000"
5000,0.814914712192537,"n = 5000"
5000,-0.643690100964744,"n = 5000"
5000,1.90518538864808,"n = 5000"
5000,-0.456850252732675,"n = 5000"
5000,-0.941375325940215,"n = 5000"
5000,-0.990094825471133,"n = 5000"
5000,0.233897285430835,"n = 5000"
5000,0.23110038666771,"n = 5000"
5000,-0.329290536252121,"n = 5000"
5000,-0.538127930846426,"n = 5000"
5000,3.15283089457332,"n = 5000"
5000,0.381427331399415,"n = 5000"
5000,0.716844110821223,"n = 5000"
5000,1.45748522747641,"n = 5000"
5000,-0.300376179030086,"n = 5000"
5000,-0.0335914841672477,"n = 5000"
5000,-1.03795931206971,"n = 5000"
5000,0.00761111747669555,"n = 5000"
5000,-1.00727569749858,"n = 5000"
5000,0.268600965906397,"n = 5000"
5000,0.208102868664486,"n = 5000"
5000,0.805362339175772,"n = 5000"
5000,-0.461450632151835,"n = 5000"
5000,2.10516989470376,"n = 5000"
5000,-0.108700890562966,"n = 5000"
5000,-1.02620659276745,"n = 5000"
5000,0.564607384243829,"n = 5000"
5000,0.760917964694626,"n = 5000"
5000,-1.02776572547186,"n = 5000"
5000,-1.36711858361475,"n = 5000"
5000,-0.555572325885927,"n = 5000"
5000,-0.0137181568217354,"n = 5000"
5000,0.578754054805672,"n = 5000"
5000,0.453443646855123,"n = 5000"
5000,-1.2830862525376,"n = 5000"
5000,0.0358547710333961,"n = 5000"
5000,1.17146566737025,"n = 5000"
5000,-0.376513656813232,"n = 5000"
5000,-1.58464604398918,"n = 5000"
5000,-1.49610497874969,"n = 5000"
5000,-0.359380965640242,"n = 5000"
5000,0.945488773418949,"n = 5000"
5000,-0.820986621268624,"n = 5000"
5000,0.53052133715699,"n = 5000"
5000,-0.0424910250117889,"n = 5000"
5000,-0.0154139068198514,"n = 5000"
5000,0.110049057478468,"n = 5000"
5000,-2.05848005618093,"n = 5000"
5000,1.11337043720808,"n = 5000"
5000,-0.589056505348086,"n = 5000"
5000,-0.244608764526248,"n = 5000"
5000,-0.549947045553864,"n = 5000"
5000,0.850754316408782,"n = 5000"
5000,-0.673851742596532,"n = 5000"
5000,0.372561404343865,"n = 5000"
5000,1.23086527264396,"n = 5000"
5000,-0.571396265758267,"n = 5000"
5000,-2.24728210906978,"n = 5000"
5000,-0.880936196805277,"n = 5000"
5000,0.495062014431671,"n = 5000"
5000,-0.641864120328789,"n = 5000"
5000,-0.0837935313378478,"n = 5000"
5000,-2.91724053576074,"n = 5000"
5000,1.88684355953365,"n = 5000"
5000,-0.531481660802099,"n = 5000"
5000,0.154710564579207,"n = 5000"
5000,-2.26061798526761,"n = 5000"
5000,1.71027680397156,"n = 5000"
5000,-0.702383017847316,"n = 5000"
5000,1.25561984927867,"n = 5000"
5000,0.865385850577239,"n = 5000"
5000,1.42730308180639,"n = 5000"
5000,-1.39801925865483,"n = 5000"
5000,0.118265434139733,"n = 5000"
5000,-0.544247337291631,"n = 5000"
5000,-1.29664354725574,"n = 5000"
5000,-0.390215735731162,"n = 5000"
5000,-0.375390297518707,"n = 5000"
5000,-1.31295719351515,"n = 5000"
5000,-1.045408184558,"n = 5000"
5000,0.90615995038423,"n = 5000"
5000,0.16844258135267,"n = 5000"
5000,0.0945084407054607,"n = 5000"
5000,1.41488437699765,"n = 5000"
5000,-0.743587691045016,"n = 5000"
5000,0.234637355841957,"n = 5000"
5000,0.433166420217849,"n = 5000"
5000,-0.171129593441117,"n = 5000"
5000,-1.13927739176805,"n = 5000"
5000,0.625468910546964,"n = 5000"
5000,-0.551927055046588,"n = 5000"
5000,-0.338837388640141,"n = 5000"
5000,2.82114367310235,"n = 5000"
5000,1.66253975791062,"n = 5000"
5000,0.361974928009977,"n = 5000"
5000,0.382193591026791,"n = 5000"
5000,0.664403510158719,"n = 5000"
5000,-0.0995622190598192,"n = 5000"
5000,0.23850007543052,"n = 5000"
5000,-0.760421057885498,"n = 5000"
5000,1.36479166511056,"n = 5000"
5000,0.441279520952,"n = 5000"
5000,-0.346139763490666,"n = 5000"
5000,-0.0397210019404192,"n = 5000"
5000,0.228753853886547,"n = 5000"
5000,1.17679051854538,"n = 5000"
5000,0.443522944082419,"n = 5000"
5000,1.09860717501535,"n = 5000"
5000,-1.90396621396652,"n = 5000"
5000,0.692462061562581,"n = 5000"
5000,0.58390821551895,"n = 5000"
5000,0.256443063950934,"n = 5000"
5000,0.443873073673211,"n = 5000"
5000,-0.452997749362099,"n = 5000"
5000,0.618871895053283,"n = 5000"
5000,-1.34919695503033,"n = 5000"
5000,0.54119294105514,"n = 5000"
5000,-0.534590052140185,"n = 5000"
5000,0.285918007744894,"n = 5000"
5000,-0.759523656927973,"n = 5000"
5000,-1.15721022577428,"n = 5000"
5000,-0.575832769883626,"n = 5000"
5000,-0.868442140262516,"n = 5000"
5000,-0.386588519872927,"n = 5000"
5000,-0.864518838563222,"n = 5000"
5000,-0.207802377825791,"n = 5000"
5000,0.586361597130023,"n = 5000"
5000,1.0126365941514,"n = 5000"
5000,0.5106093884638,"n = 5000"
5000,0.43814688945341,"n = 5000"
5000,0.0164646478670214,"n = 5000"
5000,0.881131413331293,"n = 5000"
5000,-0.102859921839441,"n = 5000"
5000,-0.228767305322923,"n = 5000"
5000,0.0517438182368133,"n = 5000"
5000,-0.592835941125998,"n = 5000"
5000,-0.409506724914187,"n = 5000"
5000,1.56939366754218,"n = 5000"
5000,0.934321286428703,"n = 5000"
5000,2.01753972700909,"n = 5000"
5000,0.324778348424816,"n = 5000"
5000,0.840237069096055,"n = 5000"
5000,1.76762535030683,"n = 5000"
5000,-0.628774017757967,"n = 5000"
5000,1.47534652178129,"n = 5000"
5000,-1.76765285830235,"n = 5000"
5000,0.850468658120224,"n = 5000"
5000,-0.21092722182406,"n = 5000"
5000,1.06620803962115,"n = 5000"
5000,-0.0870247239310077,"n = 5000"
5000,-0.967842217947344,"n = 5000"
5000,0.0308748672822265,"n = 5000"
5000,0.153386351232265,"n = 5000"
5000,2.65649910708625,"n = 5000"
5000,0.867866166490848,"n = 5000"
5000,0.103992645589593,"n = 5000"
5000,2.36652372518656,"n = 5000"
5000,0.843434136469505,"n = 5000"
5000,-0.249325676453452,"n = 5000"
5000,-0.0655996747075152,"n = 5000"
5000,0.543370830320927,"n = 5000"
5000,0.987577871960411,"n = 5000"
5000,-0.737244789521976,"n = 5000"
5000,-0.641553797434393,"n = 5000"
5000,-0.566100608560765,"n = 5000"
5000,0.713130477596843,"n = 5000"
5000,0.0769928203512346,"n = 5000"
5000,-1.69218610810581,"n = 5000"
5000,-0.520749932233856,"n = 5000"
5000,0.0323936209853419,"n = 5000"
5000,-1.09284190873613,"n = 5000"
5000,-0.412004626407937,"n = 5000"
5000,0.671805663053907,"n = 5000"
5000,-0.641165317133922,"n = 5000"
5000,0.151347342795558,"n = 5000"
5000,-0.745220450316926,"n = 5000"
5000,0.989818325851897,"n = 5000"
5000,-1.17342021458454,"n = 5000"
5000,-0.758100126285604,"n = 5000"
5000,0.034727719988729,"n = 5000"
5000,0.505367551484663,"n = 5000"
5000,1.25875663575317,"n = 5000"
5000,-1.76337126985161,"n = 5000"
5000,0.413852824536813,"n = 5000"
5000,0.414231467521076,"n = 5000"
5000,-1.64390049277293,"n = 5000"
5000,-0.475603773831292,"n = 5000"
5000,0.135604686165286,"n = 5000"
5000,-1.64508027462449,"n = 5000"
5000,0.357687124721978,"n = 5000"
5000,1.8382317713824,"n = 5000"
5000,-1.35420921811082,"n = 5000"
5000,0.373963396623445,"n = 5000"
5000,0.89748446987391,"n = 5000"
5000,1.19542562629123,"n = 5000"
5000,-2.52517305423544,"n = 5000"
5000,-0.909733491550159,"n = 5000"
5000,0.14682838415197,"n = 5000"
5000,-0.791475257686928,"n = 5000"
5000,-1.76157623843712,"n = 5000"
5000,-0.0591149254258763,"n = 5000"
5000,0.590857049829814,"n = 5000"
5000,1.79525160155252,"n = 5000"
5000,-1.35969731279898,"n = 5000"
5000,-1.12784389344601,"n = 5000"
5000,1.86853280991342,"n = 5000"
5000,-1.09484469582947,"n = 5000"
5000,-0.0131059998520123,"n = 5000"
5000,-1.61482669352216,"n = 5000"
5000,-1.1154381923328,"n = 5000"
5000,1.54123200922488,"n = 5000"
5000,0.105374865121921,"n = 5000"
5000,-0.895794590523962,"n = 5000"
5000,1.19093219793765,"n = 5000"
5000,1.00521952769264,"n = 5000"
5000,1.22759511276684,"n = 5000"
5000,1.62768643204127,"n = 5000"
5000,0.704433285504181,"n = 5000"
5000,0.0241566433193807,"n = 5000"
5000,-0.605137080692134,"n = 5000"
5000,0.962487269252451,"n = 5000"
5000,-0.744251153690762,"n = 5000"
5000,1.2561006194369,"n = 5000"
5000,0.278846636940111,"n = 5000"
5000,-0.558346186430555,"n = 5000"
5000,-0.785275164342185,"n = 5000"
5000,-1.09898472788078,"n = 5000"
5000,-1.16704020354988,"n = 5000"
5000,-0.515404727677802,"n = 5000"
5000,-1.74759513620757,"n = 5000"
5000,-1.44315817208402,"n = 5000"
5000,0.374117351292909,"n = 5000"
5000,1.02273849351656,"n = 5000"
5000,0.938005895011444,"n = 5000"
5000,1.80061416475417,"n = 5000"
5000,-0.893661959053816,"n = 5000"
5000,3.08376789289571,"n = 5000"
5000,0.329459154712825,"n = 5000"
5000,-0.230711997614457,"n = 5000"
5000,-0.7537953501377,"n = 5000"
5000,1.79699538945236,"n = 5000"
5000,0.665302738404164,"n = 5000"
5000,1.26368660242865,"n = 5000"
5000,-0.728666409009686,"n = 5000"
5000,-1.33060997243949,"n = 5000"
5000,0.541450811011959,"n = 5000"
5000,2.22871442404415,"n = 5000"
5000,-0.360827348901237,"n = 5000"
5000,-0.456102154675965,"n = 5000"
5000,0.134525719294111,"n = 5000"
5000,-0.466978153182126,"n = 5000"
5000,-0.598831260004014,"n = 5000"
5000,0.487034390846466,"n = 5000"
5000,-0.501744089473182,"n = 5000"
5000,-0.382163357669842,"n = 5000"
5000,-0.0369582593669531,"n = 5000"
5000,-0.0779652390470714,"n = 5000"
5000,0.328179865175365,"n = 5000"
5000,-1.04223511530735,"n = 5000"
5000,-0.584310493829827,"n = 5000"
5000,0.345487402867129,"n = 5000"
5000,-0.0960903746231921,"n = 5000"
5000,0.516575137410206,"n = 5000"
5000,-1.00042514515292,"n = 5000"
5000,-1.25790359930471,"n = 5000"
5000,-0.61457428534341,"n = 5000"
5000,0.0668908096318449,"n = 5000"
5000,-0.474468728333716,"n = 5000"
5000,1.03749202669449,"n = 5000"
5000,-1.54581118929128,"n = 5000"
5000,-0.954634081315645,"n = 5000"
5000,-0.315151634540603,"n = 5000"
5000,1.23778758202485,"n = 5000"
5000,-0.510103873449272,"n = 5000"
5000,-0.505154612470429,"n = 5000"
5000,0.222224734206376,"n = 5000"
5000,0.111096971318056,"n = 5000"
5000,0.529676568319208,"n = 5000"
5000,2.42343286563052,"n = 5000"
5000,0.27545435111766,"n = 5000"
5000,1.07704827456569,"n = 5000"
5000,-0.0197561508052566,"n = 5000"
5000,-0.0374776267994549,"n = 5000"
5000,0.270757715007579,"n = 5000"
5000,0.0521280037490059,"n = 5000"
5000,-1.34068045786358,"n = 5000"
5000,2.03738956566835,"n = 5000"
5000,-0.0451039821066449,"n = 5000"
5000,-1.3218326422908,"n = 5000"
5000,1.46234813635548,"n = 5000"
5000,-0.974041570026594,"n = 5000"
5000,1.16722621739023,"n = 5000"
5000,-0.590154603768317,"n = 5000"
5000,0.978086420909916,"n = 5000"
5000,-0.699620260769577,"n = 5000"
5000,-0.466018353275376,"n = 5000"
5000,0.36558249785927,"n = 5000"
5000,0.996258674663414,"n = 5000"
5000,-0.203535433285173,"n = 5000"
5000,-1.83589169967634,"n = 5000"
5000,0.122606011182071,"n = 5000"
5000,-1.28324505527477,"n = 5000"
5000,-2.1997752523551,"n = 5000"
5000,0.241312867769791,"n = 5000"
5000,1.66519857357505,"n = 5000"
5000,0.190191438339102,"n = 5000"
5000,0.84133387195168,"n = 5000"
5000,-0.208487043983067,"n = 5000"
5000,0.841162400504902,"n = 5000"
5000,2.87870770694106,"n = 5000"
5000,1.807361660696,"n = 5000"
5000,-0.621977556191172,"n = 5000"
5000,0.901685225162219,"n = 5000"
5000,-0.798532406524268,"n = 5000"
5000,1.67323119483094,"n = 5000"
5000,-0.12681728739952,"n = 5000"
5000,-0.263539044246698,"n = 5000"
5000,-0.841308874182509,"n = 5000"
5000,-0.7573576710476,"n = 5000"
5000,0.662209414976789,"n = 5000"
5000,1.31113028654852,"n = 5000"
5000,1.38059530957869,"n = 5000"
5000,1.50040738771172,"n = 5000"
5000,-1.10752063318543,"n = 5000"
5000,-0.84157568627183,"n = 5000"
5000,-0.0351613962687401,"n = 5000"
5000,1.55886280252327,"n = 5000"
5000,0.439949569740986,"n = 5000"
5000,-0.273994124290567,"n = 5000"
5000,-0.829559351535776,"n = 5000"
5000,-1.21433047102495,"n = 5000"
5000,-0.138370550511207,"n = 5000"
5000,-1.62786635525998,"n = 5000"
5000,0.719490745085622,"n = 5000"
5000,1.31776925641757,"n = 5000"
5000,1.50694440678688,"n = 5000"
5000,0.485840199145662,"n = 5000"
5000,-0.957627802144385,"n = 5000"
5000,1.26098591145802,"n = 5000"
5000,-0.267748271448767,"n = 5000"
5000,-2.17592838124971,"n = 5000"
5000,-0.0205373775936457,"n = 5000"
5000,-1.00544615930191,"n = 5000"
5000,0.574639825404649,"n = 5000"
5000,-0.293754355336627,"n = 5000"
5000,-0.207126005103323,"n = 5000"
5000,0.659941211103601,"n = 5000"
5000,-0.436801264168661,"n = 5000"
5000,-0.290714223768085,"n = 5000"
5000,0.699819034721263,"n = 5000"
5000,-0.925537513984278,"n = 5000"
5000,0.626218957701263,"n = 5000"
5000,1.79574051088481,"n = 5000"
5000,-0.526176268989413,"n = 5000"
5000,0.252894753763429,"n = 5000"
5000,0.252568189574106,"n = 5000"
5000,2.43485219608272,"n = 5000"
5000,0.554329570313807,"n = 5000"
5000,0.102725816506124,"n = 5000"
5000,0.142564226626559,"n = 5000"
5000,1.27992766971778,"n = 5000"
5000,0.518884965932967,"n = 5000"
5000,-0.547243521795443,"n = 5000"
5000,-0.579877089825433,"n = 5000"
5000,-0.475266167393455,"n = 5000"
5000,-0.700039279515077,"n = 5000"
5000,-0.685023909937749,"n = 5000"
5000,0.122827604564405,"n = 5000"
5000,-0.74083000191371,"n = 5000"
5000,-0.683860528028482,"n = 5000"
5000,1.9389996656159,"n = 5000"
5000,1.04424347681078,"n = 5000"
5000,-0.982163542030566,"n = 5000"
5000,0.339892144116466,"n = 5000"
5000,-0.00297982182302463,"n = 5000"
5000,-0.817579664184368,"n = 5000"
5000,-0.369884294411703,"n = 5000"
5000,1.16691476467559,"n = 5000"
5000,0.530377993215594,"n = 5000"
5000,-0.101066836306731,"n = 5000"
5000,0.204167084941382,"n = 5000"
5000,-0.215242001649226,"n = 5000"
5000,-0.458879013022142,"n = 5000"
5000,2.30535202195756,"n = 5000"
5000,0.770618188680953,"n = 5000"
5000,-2.0443419410177,"n = 5000"
5000,0.251448306637594,"n = 5000"
5000,-0.997342817951035,"n = 5000"
5000,-0.56475300719833,"n = 5000"
5000,-1.90077795710066,"n = 5000"
5000,0.282364074905958,"n = 5000"
5000,1.23845510164485,"n = 5000"
5000,-1.67276949029581,"n = 5000"
5000,-0.557068137083867,"n = 5000"
5000,-0.917735665531662,"n = 5000"
5000,1.27840647876749,"n = 5000"
5000,0.232876870376818,"n = 5000"
5000,-0.182151562215527,"n = 5000"
5000,0.758839767207133,"n = 5000"
5000,-0.302558428845028,"n = 5000"
5000,-0.719723712710904,"n = 5000"
5000,2.10629022514787,"n = 5000"
5000,-0.0606251243889065,"n = 5000"
5000,-1.07875822089909,"n = 5000"
5000,-0.108341360991552,"n = 5000"
5000,1.79994441476561,"n = 5000"
5000,1.07337526186796,"n = 5000"
5000,0.0882958720901494,"n = 5000"
5000,-0.599454716016342,"n = 5000"
5000,-0.688759153407863,"n = 5000"
5000,-1.08667316961097,"n = 5000"
5000,-0.48949681196704,"n = 5000"
5000,1.4996668468652,"n = 5000"
5000,-1.05209091919211,"n = 5000"
5000,0.701358261164869,"n = 5000"
5000,-0.46572459227186,"n = 5000"
5000,-0.557010715422107,"n = 5000"
5000,-0.373529442076384,"n = 5000"
5000,-0.810519593068454,"n = 5000"
5000,0.862509313269304,"n = 5000"
5000,0.756729221600642,"n = 5000"
5000,1.99663333995548,"n = 5000"
5000,0.247143556725432,"n = 5000"
5000,-1.01613507814938,"n = 5000"
5000,2.00447910674148,"n = 5000"
5000,0.936424948960791,"n = 5000"
5000,1.62908726781793,"n = 5000"
5000,-0.758772390650435,"n = 5000"
5000,0.229420662976537,"n = 5000"
5000,-0.587607248227052,"n = 5000"
5000,1.14652753260932,"n = 5000"
5000,-1.03224533610251,"n = 5000"
5000,0.855858420541102,"n = 5000"
5000,2.06840409121764,"n = 5000"
5000,1.42505231127978,"n = 5000"
5000,1.19885844466017,"n = 5000"
5000,1.96492610636857,"n = 5000"
5000,-1.59269213170206,"n = 5000"
5000,0.758509219145653,"n = 5000"
5000,-0.24871931622208,"n = 5000"
5000,-0.34730944289383,"n = 5000"
5000,0.664699100505221,"n = 5000"
5000,-1.74100664320269,"n = 5000"
5000,0.00518255105960389,"n = 5000"
5000,-0.672914506963651,"n = 5000"
5000,-0.336797851766184,"n = 5000"
5000,-0.212156161820757,"n = 5000"
5000,-0.690194643692618,"n = 5000"
5000,-0.720620929577585,"n = 5000"
5000,0.787061394064821,"n = 5000"
5000,0.249147595146089,"n = 5000"
5000,-0.288666364096227,"n = 5000"
5000,-1.5526293796415,"n = 5000"
5000,1.4824718260465,"n = 5000"
5000,0.0428121107589539,"n = 5000"
5000,-1.43110225618161,"n = 5000"
5000,1.67725705359406,"n = 5000"
5000,-0.883779981910622,"n = 5000"
5000,-0.443689838031583,"n = 5000"
5000,-1.35664381178001,"n = 5000"
5000,0.12066237429326,"n = 5000"
5000,1.27363800100494,"n = 5000"
5000,1.00155386527959,"n = 5000"
5000,1.97540006452025,"n = 5000"
5000,0.589609266892622,"n = 5000"
5000,-0.878499886440698,"n = 5000"
5000,0.573797736843547,"n = 5000"
5000,0.8094155038798,"n = 5000"
5000,0.231863683753419,"n = 5000"
5000,1.40868049574913,"n = 5000"
5000,0.615845862440805,"n = 5000"
5000,-0.330139727257066,"n = 5000"
5000,0.341953266563001,"n = 5000"
5000,-2.02643958630228,"n = 5000"
5000,-0.655158174858748,"n = 5000"
5000,-0.333514946885428,"n = 5000"
5000,-1.49571263536641,"n = 5000"
5000,0.782990816911214,"n = 5000"
5000,-1.79377800378349,"n = 5000"
5000,-1.47331057066326,"n = 5000"
5000,0.299358373717464,"n = 5000"
5000,1.27132088230304,"n = 5000"
5000,-1.01427455221145,"n = 5000"
5000,1.57216443005248,"n = 5000"
5000,-2.09745681953416,"n = 5000"
5000,0.150075957987528,"n = 5000"
5000,1.16620851542475,"n = 5000"
5000,-0.0394596035250377,"n = 5000"
5000,0.989569157273656,"n = 5000"
5000,-0.629992273492374,"n = 5000"
5000,-0.150944649454523,"n = 5000"
5000,0.00849489362295004,"n = 5000"
5000,0.116613005583678,"n = 5000"
5000,-1.29252023775762,"n = 5000"
5000,-1.78840462588197,"n = 5000"
5000,-1.11359696078116,"n = 5000"
5000,-0.720323352896214,"n = 5000"
5000,1.79461867552907,"n = 5000"
5000,0.228983416606971,"n = 5000"
5000,0.925615447862782,"n = 5000"
5000,0.497666644179726,"n = 5000"
5000,-0.864374275512971,"n = 5000"
5000,0.358299529136487,"n = 5000"
5000,-0.862678642472228,"n = 5000"
5000,0.0458210149640943,"n = 5000"
5000,0.57410579674698,"n = 5000"
5000,0.430803272676559,"n = 5000"
5000,0.637077943741381,"n = 5000"
5000,0.238136410787111,"n = 5000"
5000,-0.128548619386924,"n = 5000"
5000,1.40671282723061,"n = 5000"
5000,0.252458104651041,"n = 5000"
5000,1.11962193636141,"n = 5000"
5000,-0.79965531562138,"n = 5000"
5000,0.556682519222881,"n = 5000"
5000,1.82637061852093,"n = 5000"
5000,1.43023276431704,"n = 5000"
5000,1.54117167220437,"n = 5000"
5000,0.193579264415396,"n = 5000"
5000,1.80774189030025,"n = 5000"
5000,1.10670381470984,"n = 5000"
5000,-1.35343327526669,"n = 5000"
5000,1.12983734859613,"n = 5000"
5000,0.42489398800131,"n = 5000"
5000,-0.32792298861668,"n = 5000"
5000,0.985786531681998,"n = 5000"
5000,-0.841057633666614,"n = 5000"
5000,1.11221587620278,"n = 5000"
5000,0.63010828801215,"n = 5000"
5000,-0.702882199572821,"n = 5000"
5000,-1.08085897628823,"n = 5000"
5000,0.330100024289018,"n = 5000"
5000,-0.971442374508596,"n = 5000"
5000,0.155543683505311,"n = 5000"
5000,-0.00451988094762343,"n = 5000"
5000,0.982124713371426,"n = 5000"
5000,0.000618323966128815,"n = 5000"
5000,1.35586444056117,"n = 5000"
5000,-0.414619217413964,"n = 5000"
5000,0.000565354474480517,"n = 5000"
5000,1.15417282616059,"n = 5000"
5000,0.0224250790316738,"n = 5000"
5000,-0.116356109592097,"n = 5000"
5000,-0.877864163285229,"n = 5000"
5000,-0.342814876794433,"n = 5000"
5000,-1.41525389855567,"n = 5000"
5000,-0.631928161112445,"n = 5000"
5000,-0.54770346124873,"n = 5000"
5000,0.346802853446511,"n = 5000"
5000,1.33073353821308,"n = 5000"
5000,1.49305035695306,"n = 5000"
5000,1.11562683752418,"n = 5000"
5000,1.67812154136156,"n = 5000"
5000,-1.42829814337797,"n = 5000"
5000,0.262302198099672,"n = 5000"
5000,0.559596109414805,"n = 5000"
5000,0.42251676495078,"n = 5000"
5000,-0.199005246792514,"n = 5000"
5000,-1.0623533307643,"n = 5000"
5000,0.0757285999303766,"n = 5000"
5000,-0.411974117092877,"n = 5000"
5000,-0.660747646929161,"n = 5000"
5000,0.0974504925735252,"n = 5000"
5000,-0.554000572110059,"n = 5000"
5000,0.576979912008216,"n = 5000"
5000,1.37715044681275,"n = 5000"
5000,-0.381215563449336,"n = 5000"
5000,0.0460456082000729,"n = 5000"
5000,-0.467104979400093,"n = 5000"
5000,-2.45898770676163,"n = 5000"
5000,-0.491548666558513,"n = 5000"
5000,-1.73143629236078,"n = 5000"
5000,-0.336652902871647,"n = 5000"
5000,0.739088990491264,"n = 5000"
5000,-0.631077892438322,"n = 5000"
5000,-0.652681013318655,"n = 5000"
5000,1.27527578039633,"n = 5000"
5000,0.136305624236192,"n = 5000"
5000,0.233894096134514,"n = 5000"
5000,1.19679103435663,"n = 5000"
5000,-2.08140953252466,"n = 5000"
5000,1.18797774844377,"n = 5000"
5000,1.8664220190775,"n = 5000"
5000,-0.0642835814826841,"n = 5000"
5000,0.479697155886795,"n = 5000"
5000,0.259838749420093,"n = 5000"
5000,0.245027990512628,"n = 5000"
5000,-1.46803133605876,"n = 5000"
5000,0.425053762374894,"n = 5000"
5000,1.41370458686453,"n = 5000"
5000,-0.286703647060601,"n = 5000"
5000,1.02382607454592,"n = 5000"
5000,0.528853698138088,"n = 5000"
5000,0.311518333132493,"n = 5000"
5000,1.73673022890271,"n = 5000"
5000,-0.155430330073189,"n = 5000"
5000,0.697183134311519,"n = 5000"
5000,-1.42922173438889,"n = 5000"
5000,-0.403810186774137,"n = 5000"
5000,-0.0321633784434491,"n = 5000"
5000,1.63786755008448,"n = 5000"
5000,0.457793203046803,"n = 5000"
5000,0.52326908083427,"n = 5000"
5000,-1.47204367920035,"n = 5000"
5000,-1.01598389525643,"n = 5000"
5000,-0.161978792025897,"n = 5000"
5000,0.200770162986396,"n = 5000"
5000,-0.178045765762784,"n = 5000"
5000,0.865619170895707,"n = 5000"
5000,-0.568966864601054,"n = 5000"
5000,-0.0227977801961532,"n = 5000"
5000,-1.14485080686745,"n = 5000"
5000,-0.0811988999876108,"n = 5000"
5000,-1.12053281631628,"n = 5000"
5000,0.906723228658703,"n = 5000"
5000,-1.13081085353112,"n = 5000"
5000,-1.09028687874288,"n = 5000"
5000,-0.20970929716755,"n = 5000"
5000,-0.174038553922004,"n = 5000"
5000,-0.555373503686524,"n = 5000"
5000,-1.00364272112618,"n = 5000"
5000,0.0116951337541743,"n = 5000"
5000,1.32916127005015,"n = 5000"
5000,0.838652738349526,"n = 5000"
5000,-0.3361749671373,"n = 5000"
5000,-0.340664308602073,"n = 5000"
5000,-0.371865760440546,"n = 5000"
5000,1.24440052400652,"n = 5000"
5000,0.485517946663066,"n = 5000"
5000,0.34233966255424,"n = 5000"
5000,-1.80840454679666,"n = 5000"
5000,0.449262593421812,"n = 5000"
5000,0.114602715525855,"n = 5000"
5000,0.0265657055350708,"n = 5000"
5000,0.965824063103919,"n = 5000"
5000,0.354822255913489,"n = 5000"
5000,-0.570800287060577,"n = 5000"
5000,-1.26805097046167,"n = 5000"
5000,0.461800506873379,"n = 5000"
5000,0.629039550586706,"n = 5000"
5000,1.18291183214435,"n = 5000"
5000,-2.57840942290679,"n = 5000"
5000,-0.528676946140972,"n = 5000"
5000,-1.52767565700572,"n = 5000"
5000,0.903757812128965,"n = 5000"
5000,0.158350550730806,"n = 5000"
5000,0.244167460328432,"n = 5000"
5000,-0.948678380129163,"n = 5000"
5000,0.610371561637033,"n = 5000"
5000,-0.112895619192291,"n = 5000"
5000,-0.791092300344909,"n = 5000"
5000,0.824921905785127,"n = 5000"
5000,0.546975928408338,"n = 5000"
5000,-0.807399687079659,"n = 5000"
5000,-1.65933567590779,"n = 5000"
5000,-1.11059024987153,"n = 5000"
5000,1.528603995175,"n = 5000"
5000,1.31986690161656,"n = 5000"
5000,-1.04675379362869,"n = 5000"
5000,-0.763369705652248,"n = 5000"
5000,0.503159625788272,"n = 5000"
5000,-0.0940043828125113,"n = 5000"
5000,1.08679054162664,"n = 5000"
5000,-0.465458392686624,"n = 5000"
5000,0.576945889358291,"n = 5000"
5000,-1.22197089727198,"n = 5000"
5000,-1.01867190904425,"n = 5000"
5000,-0.911387656252531,"n = 5000"
5000,0.72214359109896,"n = 5000"
5000,1.22280999550958,"n = 5000"
5000,-0.99480329675282,"n = 5000"
5000,0.452422055901315,"n = 5000"
5000,0.709723070999141,"n = 5000"
5000,1.08881115776394,"n = 5000"
5000,0.0603240157771237,"n = 5000"
5000,-0.0327291024037366,"n = 5000"
5000,-0.218333017399874,"n = 5000"
5000,1.49850484505563,"n = 5000"
5000,0.899487149029196,"n = 5000"
5000,-0.512169155081206,"n = 5000"
5000,0.18900878662478,"n = 5000"
5000,-0.920388791970116,"n = 5000"
5000,1.12647505810057,"n = 5000"
5000,0.74165776038757,"n = 5000"
5000,0.11957883435906,"n = 5000"
5000,-1.01963226915988,"n = 5000"
5000,1.19181233679874,"n = 5000"
5000,-0.206508522632053,"n = 5000"
5000,2.80558671972474,"n = 5000"
5000,-1.30515355614604,"n = 5000"
5000,0.189123474500607,"n = 5000"
5000,-0.437555719808884,"n = 5000"
5000,2.00973766281473,"n = 5000"
5000,-0.133679209730736,"n = 5000"
5000,0.467850057247864,"n = 5000"
5000,-0.656069948944251,"n = 5000"
5000,-0.141310103265079,"n = 5000"
5000,0.214434177265711,"n = 5000"
5000,-0.393547425039877,"n = 5000"
5000,1.74776513696223,"n = 5000"
5000,1.64226677762768,"n = 5000"
5000,-0.686119755884766,"n = 5000"
5000,-0.115186445877912,"n = 5000"
5000,-1.35617737606575,"n = 5000"
5000,2.04273670633224,"n = 5000"
5000,1.0185447136255,"n = 5000"
5000,-0.533137159586793,"n = 5000"
5000,0.138682671524004,"n = 5000"
5000,1.33429674355321,"n = 5000"
5000,-0.201112143071832,"n = 5000"
5000,1.69977450644547,"n = 5000"
5000,0.132708617435085,"n = 5000"
5000,0.843050129699237,"n = 5000"
5000,-0.267993588995148,"n = 5000"
5000,0.742926610175621,"n = 5000"
5000,-0.235039837641698,"n = 5000"
5000,0.746903416019199,"n = 5000"
5000,1.83122410952282,"n = 5000"
5000,-0.461069757391934,"n = 5000"
5000,-1.24583578613496,"n = 5000"
5000,-1.59987948368842,"n = 5000"
5000,-0.181285457353481,"n = 5000"
5000,-0.798551560234152,"n = 5000"
5000,-1.08888923552927,"n = 5000"
5000,2.22840571995893,"n = 5000"
5000,-0.293946646484036,"n = 5000"
5000,1.00011064293678,"n = 5000"
5000,-0.0243033480594918,"n = 5000"
5000,0.768049690324683,"n = 5000"
5000,0.471719790838869,"n = 5000"
5000,-3.14033027285797,"n = 5000"
5000,1.71299981671996,"n = 5000"
5000,1.58726643515271,"n = 5000"
5000,-0.558059154561245,"n = 5000"
5000,0.515667431017453,"n = 5000"
5000,-1.7662163986844,"n = 5000"
5000,2.06863186055367,"n = 5000"
5000,-0.0118307927491365,"n = 5000"
5000,-0.501394472460224,"n = 5000"
5000,0.701755200349984,"n = 5000"
5000,-1.23828169769986,"n = 5000"
5000,-1.51384747345994,"n = 5000"
5000,0.077507765283707,"n = 5000"
5000,-0.787000405463694,"n = 5000"
5000,-0.586395888804272,"n = 5000"
5000,2.12319439001996,"n = 5000"
5000,1.11240639346683,"n = 5000"
5000,-0.287173145064596,"n = 5000"
5000,0.611354616712956,"n = 5000"
5000,-0.968872752256051,"n = 5000"
5000,-0.0900239743174407,"n = 5000"
5000,0.413228663173084,"n = 5000"
5000,-0.20817478645395,"n = 5000"
5000,-0.330891598285326,"n = 5000"
5000,-0.72859591004045,"n = 5000"
5000,0.053607667978267,"n = 5000"
5000,-1.34240175454873,"n = 5000"
5000,0.452416141891651,"n = 5000"
5000,0.991271938717086,"n = 5000"
5000,0.872118773883643,"n = 5000"
5000,0.510876420133787,"n = 5000"
5000,-0.553034788576806,"n = 5000"
5000,-0.09904866444242,"n = 5000"
5000,-0.581689490830993,"n = 5000"
5000,0.196692444510138,"n = 5000"
5000,1.04695765658769,"n = 5000"
5000,0.854239626900003,"n = 5000"
5000,1.66133372542123,"n = 5000"
5000,-0.128281630201732,"n = 5000"
5000,0.722873147307783,"n = 5000"
5000,1.14597096485433,"n = 5000"
5000,2.06099434980133,"n = 5000"
5000,1.48516176959126,"n = 5000"
5000,0.630380995033804,"n = 5000"
5000,1.66724064273917,"n = 5000"
5000,1.0092826927154,"n = 5000"
5000,-1.11618907342631,"n = 5000"
5000,-1.46337406600711,"n = 5000"
5000,-2.12872792473803,"n = 5000"
5000,2.06846205514813,"n = 5000"
5000,0.0832712759588558,"n = 5000"
5000,2.96093284365697,"n = 5000"
5000,0.614247307611126,"n = 5000"
5000,0.503343243241722,"n = 5000"
5000,-0.0634728136745243,"n = 5000"
5000,-1.58370472788082,"n = 5000"
5000,-0.894321058321592,"n = 5000"
5000,0.238963273657463,"n = 5000"
5000,1.00435962407295,"n = 5000"
5000,0.846868016184077,"n = 5000"
5000,-0.230288494290133,"n = 5000"
5000,-1.67828995258386,"n = 5000"
5000,1.33020139829643,"n = 5000"
5000,-0.371618238868887,"n = 5000"
5000,-0.630194964470227,"n = 5000"
5000,-0.297000794389035,"n = 5000"
5000,1.16333385063398,"n = 5000"
5000,0.134049886170729,"n = 5000"
5000,-2.16743330031845,"n = 5000"
5000,1.00111558895023,"n = 5000"
5000,1.44426540183808,"n = 5000"
5000,-0.369626498567998,"n = 5000"
5000,-0.428978199120292,"n = 5000"
5000,-1.95731092629133,"n = 5000"
5000,0.781632375879395,"n = 5000"
5000,0.37976637269131,"n = 5000"
5000,-0.538715836528028,"n = 5000"
5000,-0.963519739743179,"n = 5000"
5000,-0.0898081869967429,"n = 5000"
5000,-0.710350412837514,"n = 5000"
5000,0.691137676600074,"n = 5000"
5000,-0.337800772031235,"n = 5000"
5000,-1.57974281073859,"n = 5000"
5000,0.54000580631865,"n = 5000"
5000,0.792002241947118,"n = 5000"
5000,1.7691651573631,"n = 5000"
5000,0.270256147322264,"n = 5000"
5000,-0.384401735680941,"n = 5000"
5000,0.301356635808285,"n = 5000"
5000,2.46939328801107,"n = 5000"
5000,-0.483517961528328,"n = 5000"
5000,-1.3625930272279,"n = 5000"
5000,-0.877909309143564,"n = 5000"
5000,1.14917034423675,"n = 5000"
5000,-0.60663401797197,"n = 5000"
5000,0.742911247040652,"n = 5000"
5000,1.72478849794133,"n = 5000"
5000,-1.27675430280101,"n = 5000"
5000,-1.43538476850312,"n = 5000"
5000,0.999284774830529,"n = 5000"
5000,0.0849484188786587,"n = 5000"
5000,-0.815654870155587,"n = 5000"
5000,-1.04637321962323,"n = 5000"
5000,0.483968826531571,"n = 5000"
5000,2.40458455151552,"n = 5000"
5000,1.47790277144334,"n = 5000"
5000,2.09478308389992,"n = 5000"
5000,-1.20293264101603,"n = 5000"
5000,-0.457070078448629,"n = 5000"
5000,0.986483420888397,"n = 5000"
5000,-0.4703626736885,"n = 5000"
5000,0.181793018173974,"n = 5000"
5000,-0.610791995814401,"n = 5000"
5000,1.9340505425364,"n = 5000"
5000,0.139391282772396,"n = 5000"
5000,0.335572571512329,"n = 5000"
5000,0.849497217162682,"n = 5000"
5000,1.34125216531929,"n = 5000"
5000,0.744813891072034,"n = 5000"
5000,-0.702697023226121,"n = 5000"
5000,-1.60564578220946,"n = 5000"
5000,-0.262266320629171,"n = 5000"
5000,0.269357222219794,"n = 5000"
5000,0.979231950219212,"n = 5000"
5000,0.17981487800234,"n = 5000"
5000,-1.62117106708497,"n = 5000"
5000,0.904986933656019,"n = 5000"
5000,-0.404120170681728,"n = 5000"
5000,0.410099349742721,"n = 5000"
5000,-0.531621349822906,"n = 5000"
5000,0.3256688118265,"n = 5000"
5000,1.08923624052891,"n = 5000"
5000,0.512206813865695,"n = 5000"
5000,0.63090083648354,"n = 5000"
5000,-0.329471534412977,"n = 5000"
5000,-2.46552473937686,"n = 5000"
5000,1.05263861458806,"n = 5000"
5000,1.01880039977055,"n = 5000"
5000,-0.100021674700392,"n = 5000"
5000,-1.76200945114454,"n = 5000"
5000,-0.578758924480148,"n = 5000"
5000,0.360030469736612,"n = 5000"
5000,0.0711783579131473,"n = 5000"
5000,0.363916377260774,"n = 5000"
5000,0.480749163771892,"n = 5000"
5000,0.109526407610086,"n = 5000"
5000,0.381976917529185,"n = 5000"
5000,1.39121118021508,"n = 5000"
5000,-0.753899291009276,"n = 5000"
5000,1.38243110970584,"n = 5000"
5000,-0.27428790892059,"n = 5000"
5000,1.10740233859717,"n = 5000"
5000,-1.0742632361882,"n = 5000"
5000,-1.48747481440886,"n = 5000"
5000,0.942450533078504,"n = 5000"
5000,-0.799791842901872,"n = 5000"
5000,0.74760636140462,"n = 5000"
5000,-0.724164126797645,"n = 5000"
5000,1.20962830936837,"n = 5000"
5000,1.31041363380468,"n = 5000"
5000,0.689777340797182,"n = 5000"
5000,-0.646899045869765,"n = 5000"
5000,-0.855170946602367,"n = 5000"
5000,0.0152299922376166,"n = 5000"
5000,-0.223655431916973,"n = 5000"
5000,-0.0508876792853324,"n = 5000"
5000,1.21181741983508,"n = 5000"
5000,-0.388438384992703,"n = 5000"
5000,-0.009500295936454,"n = 5000"
5000,-1.63939088448923,"n = 5000"
5000,0.878054614950701,"n = 5000"
5000,1.30649834961605,"n = 5000"
5000,1.02627630761235,"n = 5000"
5000,-0.00691145550004309,"n = 5000"
5000,1.1177777459194,"n = 5000"
5000,0.812647453011976,"n = 5000"
5000,0.356979072296654,"n = 5000"
5000,0.162771049838885,"n = 5000"
5000,-0.187607704541207,"n = 5000"
5000,-0.857477044247715,"n = 5000"
5000,0.507849043673328,"n = 5000"
5000,-0.552138828541716,"n = 5000"
5000,-1.4076514858032,"n = 5000"
5000,-1.54541149264899,"n = 5000"
5000,0.796936585804666,"n = 5000"
5000,1.62160290780874,"n = 5000"
5000,-0.512371937276483,"n = 5000"
5000,0.243040961348122,"n = 5000"
5000,-2.46697079673456,"n = 5000"
5000,-0.859191038871243,"n = 5000"
5000,0.593632538385787,"n = 5000"
5000,0.657553118742434,"n = 5000"
5000,0.0940701231675564,"n = 5000"
5000,0.582168801153356,"n = 5000"
5000,-0.954301543878114,"n = 5000"
5000,-2.57639065120135,"n = 5000"
5000,-0.783706674530101,"n = 5000"
5000,0.00525343782918362,"n = 5000"
5000,0.459338555182221,"n = 5000"
5000,1.73520219634267,"n = 5000"
5000,-0.573542923420222,"n = 5000"
5000,0.248849059058439,"n = 5000"
5000,-0.570720887158088,"n = 5000"
5000,-0.569802105293258,"n = 5000"
5000,-0.153550160658282,"n = 5000"
5000,0.681193664405154,"n = 5000"
5000,0.463892538813082,"n = 5000"
5000,0.460930741504397,"n = 5000"
5000,0.0350303094490201,"n = 5000"
5000,0.0552084769202474,"n = 5000"
5000,-0.133246348209307,"n = 5000"
5000,0.57538552721818,"n = 5000"
5000,-1.98222158999278,"n = 5000"
5000,-0.970031907822922,"n = 5000"
5000,0.730666501501969,"n = 5000"
5000,-1.22982011711059,"n = 5000"
5000,-0.679853045906838,"n = 5000"
5000,0.270811084983274,"n = 5000"
5000,-1.7299892158026,"n = 5000"
5000,-0.0136751460769947,"n = 5000"
5000,1.62935594806915,"n = 5000"
5000,0.313289483801122,"n = 5000"
5000,-0.423598916606077,"n = 5000"
5000,0.277862456506596,"n = 5000"
5000,-1.78207182357987,"n = 5000"
5000,1.00197984696982,"n = 5000"
5000,0.367985952228835,"n = 5000"
5000,1.78762824993054,"n = 5000"
5000,-0.289447183574997,"n = 5000"
5000,-0.439384156703017,"n = 5000"
5000,2.18388379530374,"n = 5000"
5000,0.172459030445985,"n = 5000"
5000,-0.79583940138856,"n = 5000"
5000,0.0761417485722717,"n = 5000"
5000,-0.140175581133395,"n = 5000"
5000,-0.786140988479443,"n = 5000"
5000,1.5191115811571,"n = 5000"
5000,1.71820775768749,"n = 5000"
5000,-0.377164260105681,"n = 5000"
5000,-0.748385479385478,"n = 5000"
5000,-0.011250109248551,"n = 5000"
5000,1.01913379568661,"n = 5000"
5000,0.66580217678243,"n = 5000"
5000,-1.76415163997886,"n = 5000"
5000,-0.658543055721808,"n = 5000"
5000,-0.158126222271416,"n = 5000"
5000,-0.587358065673036,"n = 5000"
5000,-0.0807325025909787,"n = 5000"
5000,0.600662483126193,"n = 5000"
5000,0.801769069307585,"n = 5000"
5000,0.810259052364694,"n = 5000"
5000,-1.62025673200928,"n = 5000"
5000,0.171805782779711,"n = 5000"
5000,1.00525910882798,"n = 5000"
5000,2.37222476770581,"n = 5000"
5000,-2.01067131672535,"n = 5000"
5000,-0.975773419851415,"n = 5000"
5000,-1.09929215978563,"n = 5000"
5000,-0.513827712905106,"n = 5000"
5000,0.428463344660945,"n = 5000"
5000,1.610943819245,"n = 5000"
5000,-0.881915168570569,"n = 5000"
5000,1.38395660746089,"n = 5000"
5000,1.48108964246219,"n = 5000"
5000,-0.184086916725991,"n = 5000"
5000,-0.118829703244867,"n = 5000"
5000,-0.448328002937616,"n = 5000"
5000,-1.1638456307009,"n = 5000"
5000,0.95422698330768,"n = 5000"
5000,0.415938763253095,"n = 5000"
5000,-0.671911774773198,"n = 5000"
5000,0.627182179424115,"n = 5000"
5000,0.320321671753486,"n = 5000"
5000,-0.516124782020195,"n = 5000"
5000,-0.00112139647493716,"n = 5000"
5000,0.761792644733435,"n = 5000"
5000,1.49754127411171,"n = 5000"
5000,0.195938387968132,"n = 5000"
5000,-0.986919811128364,"n = 5000"
5000,-0.441442039292749,"n = 5000"
5000,0.579205260332153,"n = 5000"
5000,0.128306795768097,"n = 5000"
5000,-0.428192174244892,"n = 5000"
5000,0.0288101032988218,"n = 5000"
5000,0.211546571276613,"n = 5000"
5000,0.500059841428274,"n = 5000"
5000,-0.984467391848155,"n = 5000"
5000,1.57264519562717,"n = 5000"
5000,2.25297476699924,"n = 5000"
5000,0.18459435556011,"n = 5000"
5000,-0.998853403698827,"n = 5000"
5000,-1.57734157397093,"n = 5000"
5000,-1.23176160231315,"n = 5000"
5000,-1.31123280737039,"n = 5000"
5000,0.42643655155908,"n = 5000"
5000,-0.237573902323877,"n = 5000"
5000,-0.590425772817669,"n = 5000"
5000,1.16703921854635,"n = 5000"
5000,-1.59438990876443,"n = 5000"
5000,1.70694673866052,"n = 5000"
5000,-0.175609505476887,"n = 5000"
5000,-0.472360581528098,"n = 5000"
5000,-1.17299578785309,"n = 5000"
5000,0.352405651099588,"n = 5000"
5000,0.416929425162629,"n = 5000"
5000,-0.305997819807791,"n = 5000"
5000,-1.05968651326862,"n = 5000"
5000,0.752102367090522,"n = 5000"
5000,-0.875023121943488,"n = 5000"
5000,-1.29356681865991,"n = 5000"
5000,1.75153504996138,"n = 5000"
5000,-0.379973240804679,"n = 5000"
5000,0.662646958828758,"n = 5000"
5000,0.420460953905695,"n = 5000"
5000,1.03496998443121,"n = 5000"
5000,-1.60955817916563,"n = 5000"
5000,1.08906956065236,"n = 5000"
5000,-0.368850275108803,"n = 5000"
5000,-0.893219378241821,"n = 5000"
5000,-0.217807071106768,"n = 5000"
5000,0.0573119608508027,"n = 5000"
5000,0.0244764957361639,"n = 5000"
5000,0.196729677543037,"n = 5000"
5000,2.23392521357088,"n = 5000"
5000,-0.827905966813328,"n = 5000"
5000,-0.873135346443593,"n = 5000"
5000,-1.04528348720408,"n = 5000"
5000,-1.75707165584015,"n = 5000"
5000,1.37012138209132,"n = 5000"
5000,2.22757476598546,"n = 5000"
5000,0.874440155344342,"n = 5000"
5000,0.135521365532725,"n = 5000"
5000,-0.0956796716626734,"n = 5000"
5000,-0.832980728197876,"n = 5000"
5000,1.02314338328707,"n = 5000"
5000,0.115788524197959,"n = 5000"
5000,-0.535671293669202,"n = 5000"
5000,0.00253105179895177,"n = 5000"
5000,0.739489052543288,"n = 5000"
5000,0.344090740692165,"n = 5000"
5000,0.390988259844895,"n = 5000"
5000,-0.832245294652636,"n = 5000"
5000,0.915949770634861,"n = 5000"
5000,0.880847673864043,"n = 5000"
5000,-0.646727535892173,"n = 5000"
5000,1.18935941575505,"n = 5000"
5000,0.0418522119936121,"n = 5000"
5000,-0.141784821423883,"n = 5000"
5000,0.0625927110196583,"n = 5000"
5000,-0.951353329962353,"n = 5000"
5000,1.03221849722413,"n = 5000"
5000,1.43781182804659,"n = 5000"
5000,0.99559306547557,"n = 5000"
5000,1.5546675977011,"n = 5000"
5000,0.756558530654137,"n = 5000"
5000,-0.447946651367291,"n = 5000"
5000,-1.25815922529997,"n = 5000"
5000,-0.196596940623019,"n = 5000"
5000,0.684864136865326,"n = 5000"
5000,-0.39235310732643,"n = 5000"
5000,0.454490399156638,"n = 5000"
5000,2.0534885535019,"n = 5000"
5000,-0.149266415524598,"n = 5000"
5000,2.00164363125993,"n = 5000"
5000,-0.197413909570104,"n = 5000"
5000,0.277683739092927,"n = 5000"
5000,-1.04345084732441,"n = 5000"
5000,-0.996522587940822,"n = 5000"
5000,0.344249211242103,"n = 5000"
5000,0.841903211347325,"n = 5000"
5000,-2.40178262306739,"n = 5000"
5000,-1.09213383401565,"n = 5000"
5000,-0.521775474394714,"n = 5000"
5000,-1.73150340664484,"n = 5000"
5000,-0.814133434304531,"n = 5000"
5000,0.445750756392449,"n = 5000"
5000,-0.0529075554488964,"n = 5000"
5000,-0.25362694113908,"n = 5000"
5000,-2.10295952920905,"n = 5000"
5000,-0.463584773073307,"n = 5000"
5000,-0.032147545721705,"n = 5000"
5000,-0.0742297772988942,"n = 5000"
5000,0.53659294013637,"n = 5000"
5000,-0.39985705492357,"n = 5000"
5000,-0.612328304122914,"n = 5000"
5000,1.70033109208625,"n = 5000"
5000,-0.392346831353919,"n = 5000"
5000,-0.171677536372266,"n = 5000"
5000,-0.430692665048915,"n = 5000"
5000,0.233752921454183,"n = 5000"
5000,1.0810157128369,"n = 5000"
5000,-1.00063524125448,"n = 5000"
5000,-1.08598893119246,"n = 5000"
5000,-1.70320993875533,"n = 5000"
5000,-0.318813877344127,"n = 5000"
5000,-0.293587745759833,"n = 5000"
5000,0.00938213818942122,"n = 5000"
5000,0.162132276095442,"n = 5000"
5000,0.518150978049298,"n = 5000"
5000,0.0646657384440583,"n = 5000"
5000,-0.49886267346085,"n = 5000"
5000,1.01373330178217,"n = 5000"
5000,0.11627264788468,"n = 5000"
5000,-1.4418817633222,"n = 5000"
5000,0.17884379667509,"n = 5000"
5000,-0.0753046648771737,"n = 5000"
5000,0.295700941717675,"n = 5000"
5000,-1.28392455934398,"n = 5000"
5000,0.00774487417607337,"n = 5000"
5000,-0.153144483881057,"n = 5000"
5000,-0.639915410658465,"n = 5000"
5000,0.842695299547005,"n = 5000"
5000,0.555296470320991,"n = 5000"
5000,0.281168595048681,"n = 5000"
5000,-0.152074617987218,"n = 5000"
5000,-0.500546702096851,"n = 5000"
5000,-1.15819644718095,"n = 5000"
5000,1.50027340413892,"n = 5000"
5000,-1.4692531007366,"n = 5000"
5000,-0.573236583199638,"n = 5000"
5000,1.20614308070393,"n = 5000"
5000,1.9230066863185,"n = 5000"
5000,0.770224884825193,"n = 5000"
5000,1.62849901508507,"n = 5000"
5000,0.447393225506749,"n = 5000"
5000,1.01391641621527,"n = 5000"
5000,-0.993779555679032,"n = 5000"
5000,2.49428622752715,"n = 5000"
5000,1.72877503597674,"n = 5000"
5000,-0.235013459078929,"n = 5000"
5000,-0.974028575933036,"n = 5000"
5000,1.18096646858604,"n = 5000"
5000,0.485883620266724,"n = 5000"
5000,-1.62518143171192,"n = 5000"
5000,1.97588031167517,"n = 5000"
5000,0.0973332910273846,"n = 5000"
5000,1.2376505410448,"n = 5000"
5000,-0.832091442152237,"n = 5000"
5000,-0.0212657335860474,"n = 5000"
5000,-1.0144165944228,"n = 5000"
5000,-0.0114931624944676,"n = 5000"
5000,0.687724424422712,"n = 5000"
5000,-0.933222287907957,"n = 5000"
5000,0.297929493223957,"n = 5000"
5000,-0.604446068529408,"n = 5000"
5000,0.524332506320705,"n = 5000"
5000,-1.05719393092236,"n = 5000"
5000,-1.34644223007798,"n = 5000"
5000,-1.30154235844046,"n = 5000"
5000,-0.355596153165838,"n = 5000"
5000,0.75193664403534,"n = 5000"
5000,0.758992954817571,"n = 5000"
5000,-0.605635558231381,"n = 5000"
5000,-0.00899121287277814,"n = 5000"
5000,-0.613041111429672,"n = 5000"
5000,-0.328743460018336,"n = 5000"
5000,0.247042610008135,"n = 5000"
5000,2.72349304209958,"n = 5000"
5000,0.521953833557939,"n = 5000"
5000,0.374373777944233,"n = 5000"
5000,0.224776468812983,"n = 5000"
5000,1.02453113094436,"n = 5000"
5000,-1.18602652580558,"n = 5000"
5000,-0.977806170236472,"n = 5000"
5000,0.946172094142455,"n = 5000"
5000,-1.33123208903698,"n = 5000"
5000,-0.0758963060807799,"n = 5000"
5000,-0.565041211139076,"n = 5000"
5000,-0.741179631370085,"n = 5000"
5000,0.197500159042881,"n = 5000"
5000,0.0336909576771511,"n = 5000"
5000,1.99625479050274,"n = 5000"
5000,0.603378105184857,"n = 5000"
5000,0.600554598816949,"n = 5000"
5000,0.990935286110474,"n = 5000"
5000,1.89419012247408,"n = 5000"
5000,-0.4545013427022,"n = 5000"
5000,-1.3620965271256,"n = 5000"
5000,1.37237986394801,"n = 5000"
5000,1.12789610024603,"n = 5000"
5000,0.436757637875362,"n = 5000"
5000,0.238242594462987,"n = 5000"
5000,1.28177546136675,"n = 5000"
5000,0.655516107611204,"n = 5000"
5000,-1.86093975761425,"n = 5000"
5000,-1.09066721229029,"n = 5000"
5000,1.66273383073571,"n = 5000"
5000,0.489720326794882,"n = 5000"
5000,1.85179724502169,"n = 5000"
5000,-1.41233850532756,"n = 5000"
5000,0.433110456878541,"n = 5000"
5000,-0.528136104301174,"n = 5000"
5000,0.341178702691127,"n = 5000"
5000,1.21185181043967,"n = 5000"
5000,0.215519363322569,"n = 5000"
5000,0.634486562533374,"n = 5000"
5000,0.484788228796047,"n = 5000"
5000,-1.82099474618243,"n = 5000"
5000,-0.576631084533452,"n = 5000"
5000,-0.0670328814964155,"n = 5000"
5000,-0.344102009048206,"n = 5000"
5000,-0.151401495111224,"n = 5000"
5000,-0.815536040028616,"n = 5000"
5000,1.04301111994108,"n = 5000"
5000,-0.23157703239239,"n = 5000"
5000,0.288442715135626,"n = 5000"
5000,1.29533015560127,"n = 5000"
5000,-0.183536689377196,"n = 5000"
5000,-0.696460368566123,"n = 5000"
5000,0.072454956716663,"n = 5000"
5000,-1.61293251594099,"n = 5000"
5000,0.290651059034372,"n = 5000"
5000,0.359114295833467,"n = 5000"
5000,0.503916186222678,"n = 5000"
5000,-1.49848883942459,"n = 5000"
5000,-0.169943637331599,"n = 5000"
5000,0.505729073596946,"n = 5000"
5000,-0.477754258696943,"n = 5000"
5000,-1.33240472327427,"n = 5000"
5000,1.36247860653675,"n = 5000"
5000,-0.469149035021106,"n = 5000"
5000,-0.531075655619402,"n = 5000"
5000,0.566902689639157,"n = 5000"
5000,-0.589828674947159,"n = 5000"
5000,0.624646268313989,"n = 5000"
5000,-1.03433666266075,"n = 5000"
5000,1.23622324570309,"n = 5000"
5000,2.18111884719219,"n = 5000"
5000,-1.44488852527515,"n = 5000"
5000,1.0683957472148,"n = 5000"
5000,-0.961250918285368,"n = 5000"
5000,1.69388124080969,"n = 5000"
5000,0.545040998313133,"n = 5000"
5000,-1.24665629358094,"n = 5000"
5000,-1.95168986347246,"n = 5000"
5000,-0.170342123294891,"n = 5000"
5000,0.0831370246661746,"n = 5000"
5000,-0.126735278695568,"n = 5000"
5000,-1.20879181159072,"n = 5000"
5000,0.773850955430936,"n = 5000"
5000,-0.424262393348774,"n = 5000"
5000,0.202268587020974,"n = 5000"
5000,-1.46821073706231,"n = 5000"
5000,0.0677618967742667,"n = 5000"
5000,-0.604600787894212,"n = 5000"
5000,0.121757483980492,"n = 5000"
5000,-0.676308494775111,"n = 5000"
5000,-0.155897717172632,"n = 5000"
5000,-0.704721625278852,"n = 5000"
5000,-0.853682433976816,"n = 5000"
5000,-1.0209385012008,"n = 5000"
5000,-0.578425072584424,"n = 5000"
5000,0.627397534079752,"n = 5000"
5000,0.14171129364153,"n = 5000"
5000,-0.10252842482331,"n = 5000"
5000,0.219781488267694,"n = 5000"
5000,-1.02561131618002,"n = 5000"
5000,-3.75382270637025,"n = 5000"
5000,-1.6393307250043,"n = 5000"
5000,-0.645588567515045,"n = 5000"
5000,-1.21413720713014,"n = 5000"
5000,-0.0803947605399856,"n = 5000"
5000,0.893764255026728,"n = 5000"
5000,-0.789103047344525,"n = 5000"
5000,-0.248115939436961,"n = 5000"
5000,-1.20629556749402,"n = 5000"
5000,1.00500675892216,"n = 5000"
5000,-0.514293122120941,"n = 5000"
5000,-0.467220525835512,"n = 5000"
5000,-0.513153262341526,"n = 5000"
5000,1.32245376086626,"n = 5000"
5000,0.788435852187221,"n = 5000"
5000,-0.843392049046951,"n = 5000"
5000,0.0146086934953701,"n = 5000"
5000,-1.06638076219978,"n = 5000"
5000,-0.277722946657591,"n = 5000"
5000,0.880990812481041,"n = 5000"
5000,0.244416871592357,"n = 5000"
5000,-0.459156881393634,"n = 5000"
5000,0.30142887136822,"n = 5000"
5000,-0.479059801009365,"n = 5000"
5000,0.660682185674498,"n = 5000"
5000,-0.683562122295606,"n = 5000"
5000,-0.505204463044262,"n = 5000"
5000,-0.441675632752439,"n = 5000"
5000,-1.66482360217698,"n = 5000"
5000,-0.862628343996865,"n = 5000"
5000,0.208410254432819,"n = 5000"
5000,-0.228599598692334,"n = 5000"
5000,-0.453683608331653,"n = 5000"
5000,1.07472008176281,"n = 5000"
5000,-0.831468916075137,"n = 5000"
5000,-0.30426687835501,"n = 5000"
5000,-0.00127722863576397,"n = 5000"
5000,-0.944001758708367,"n = 5000"
5000,1.06425243482671,"n = 5000"
5000,-0.396277689946597,"n = 5000"
5000,-0.930606390681435,"n = 5000"
5000,1.74925760186813,"n = 5000"
5000,0.1780102953798,"n = 5000"
5000,-0.0315299161505185,"n = 5000"
5000,0.0222338493999305,"n = 5000"
5000,-0.292869086659257,"n = 5000"
5000,0.460270282109772,"n = 5000"
5000,-1.78214525797719,"n = 5000"
5000,0.293387295350959,"n = 5000"
5000,0.282331695224842,"n = 5000"
5000,-0.00558839515764507,"n = 5000"
5000,-0.371284629062057,"n = 5000"
5000,-1.73681307972254,"n = 5000"
5000,0.237246366377798,"n = 5000"
5000,0.29868684893602,"n = 5000"
5000,0.199859662044836,"n = 5000"
5000,-0.437415067792048,"n = 5000"
5000,0.0956864352630724,"n = 5000"
5000,-1.60709426521469,"n = 5000"
5000,1.55573179651896,"n = 5000"
5000,1.19091650426894,"n = 5000"
5000,1.40339025791963,"n = 5000"
5000,0.00485838424142253,"n = 5000"
5000,0.224422550951667,"n = 5000"
5000,-2.20062749105682,"n = 5000"
5000,1.40642098884752,"n = 5000"
5000,-0.876316098837423,"n = 5000"
5000,0.521463270283522,"n = 5000"
5000,0.377637417811045,"n = 5000"
5000,1.12499762607858,"n = 5000"
5000,-0.266328686879323,"n = 5000"
5000,1.43546941070802,"n = 5000"
5000,-1.26659658606811,"n = 5000"
5000,-0.669755102883444,"n = 5000"
5000,-1.37610300454309,"n = 5000"
5000,-1.73522936192973,"n = 5000"
5000,-1.98447948486625,"n = 5000"
5000,0.358746471212691,"n = 5000"
5000,0.463338794033656,"n = 5000"
5000,0.985646709728284,"n = 5000"
5000,-0.554277421623984,"n = 5000"
5000,0.361155939259112,"n = 5000"
5000,0.0223395279655144,"n = 5000"
5000,1.34624751512767,"n = 5000"
5000,1.57779341486176,"n = 5000"
5000,0.224426666405957,"n = 5000"
5000,-0.6553399182836,"n = 5000"
5000,0.501739767163272,"n = 5000"
5000,-1.64564192971791,"n = 5000"
5000,-0.594624364088042,"n = 5000"
5000,-0.842019020375753,"n = 5000"
5000,-0.229500913643593,"n = 5000"
5000,-1.07755760536443,"n = 5000"
5000,-0.325093318010438,"n = 5000"
5000,-0.419591679558635,"n = 5000"
5000,0.360747628364313,"n = 5000"
5000,0.493968093689512,"n = 5000"
5000,0.914918451153863,"n = 5000"
5000,-0.813444121022634,"n = 5000"
5000,-0.131616358924599,"n = 5000"
5000,1.37864137364863,"n = 5000"
5000,0.670946068528133,"n = 5000"
5000,-0.98353717485656,"n = 5000"
5000,1.80764152222988,"n = 5000"
5000,1.33754634242979,"n = 5000"
5000,0.947988151953092,"n = 5000"
5000,0.879520267768656,"n = 5000"
5000,0.342222950080156,"n = 5000"
5000,1.57397790900753,"n = 5000"
5000,1.20833224935515,"n = 5000"
5000,-1.47765890046182,"n = 5000"
5000,-0.918772575455423,"n = 5000"
5000,0.216549974876273,"n = 5000"
5000,-0.28909353100042,"n = 5000"
5000,1.36864103499449,"n = 5000"
5000,-1.15343356298028,"n = 5000"
5000,0.542791946353208,"n = 5000"
5000,0.53092810296921,"n = 5000"
5000,1.30212728941266,"n = 5000"
5000,0.39989451963914,"n = 5000"
5000,-1.08277306258429,"n = 5000"
5000,0.690127450188044,"n = 5000"
5000,0.0477756706731845,"n = 5000"
5000,-0.79034259458389,"n = 5000"
5000,-2.51839861505469,"n = 5000"
5000,-0.103532809574397,"n = 5000"
5000,1.41447912430647,"n = 5000"
5000,0.516765530504467,"n = 5000"
5000,-0.47825088156383,"n = 5000"
5000,-0.861295118689225,"n = 5000"
5000,0.589621360701854,"n = 5000"
5000,-0.632959745501965,"n = 5000"
5000,-0.891971039602301,"n = 5000"
5000,0.317262401424054,"n = 5000"
5000,1.71678299805708,"n = 5000"
5000,-1.39428872004695,"n = 5000"
5000,1.74244346756964,"n = 5000"
5000,-0.555384957769401,"n = 5000"
5000,-0.800664814809643,"n = 5000"
5000,-1.36610694162317,"n = 5000"
5000,-2.02654611939635,"n = 5000"
5000,-1.05397437958414,"n = 5000"
5000,0.73285926968498,"n = 5000"
5000,0.124077758480113,"n = 5000"
5000,-1.33298542422481,"n = 5000"
5000,0.277132673946532,"n = 5000"
5000,-0.450745425638392,"n = 5000"
5000,0.738179522078047,"n = 5000"
5000,1.31887188276953,"n = 5000"
5000,1.70697010010795,"n = 5000"
5000,0.971985661407422,"n = 5000"
5000,0.050812767488203,"n = 5000"
5000,1.48790873617992,"n = 5000"
5000,0.210535516721011,"n = 5000"
5000,0.51301762594791,"n = 5000"
5000,-1.93557667561249,"n = 5000"
5000,-0.100031344751869,"n = 5000"
5000,0.59505104950841,"n = 5000"
5000,1.12552375486075,"n = 5000"
5000,-0.277640937143539,"n = 5000"
5000,-0.070880694201272,"n = 5000"
5000,0.424861521818376,"n = 5000"
5000,0.61785046539836,"n = 5000"
5000,1.47375645374314,"n = 5000"
5000,0.698858123631098,"n = 5000"
5000,-0.715467154576941,"n = 5000"
5000,-2.30114983590416,"n = 5000"
5000,0.930260806129372,"n = 5000"
5000,-0.683367570764647,"n = 5000"
5000,-0.651634378145744,"n = 5000"
5000,1.21866158171363,"n = 5000"
5000,-0.275237727555534,"n = 5000"
5000,-1.78482703057139,"n = 5000"
5000,-0.307306625321286,"n = 5000"
5000,-1.66528606218531,"n = 5000"
5000,-1.06460819153256,"n = 5000"
5000,0.822888570694947,"n = 5000"
5000,-0.660942401296057,"n = 5000"
5000,-0.990391972330827,"n = 5000"
5000,1.12346669123831,"n = 5000"
5000,0.416862676212628,"n = 5000"
5000,-1.287591559696,"n = 5000"
5000,0.626832524688319,"n = 5000"
5000,-0.74678165184163,"n = 5000"
5000,0.263146661363306,"n = 5000"
5000,-1.29346227290113,"n = 5000"
5000,0.38607422500057,"n = 5000"
5000,0.242907355120882,"n = 5000"
5000,-0.0133224218152946,"n = 5000"
5000,-0.980954217314496,"n = 5000"
5000,0.3117781501462,"n = 5000"
5000,2.01546029045005,"n = 5000"
5000,-0.114438475813157,"n = 5000"
5000,0.910043429867002,"n = 5000"
5000,0.893473048137894,"n = 5000"
5000,1.15804864332894,"n = 5000"
5000,0.319410757503586,"n = 5000"
5000,0.874976403592259,"n = 5000"
5000,0.283278598949047,"n = 5000"
5000,0.50952975806207,"n = 5000"
5000,1.00639530542771,"n = 5000"
5000,-0.757290042748397,"n = 5000"
5000,1.02701777892693,"n = 5000"
5000,0.104695334537539,"n = 5000"
5000,-1.46321200787901,"n = 5000"
5000,0.291455658675122,"n = 5000"
5000,1.04897884728664,"n = 5000"
5000,1.2052480266473,"n = 5000"
5000,-0.825183427008613,"n = 5000"
5000,2.13274721594132,"n = 5000"
5000,0.379986049097208,"n = 5000"
5000,-0.774131647768556,"n = 5000"
5000,-0.690842686670416,"n = 5000"
5000,0.163539005234182,"n = 5000"
5000,-1.02718704797158,"n = 5000"
5000,0.478249091869253,"n = 5000"
5000,-0.948077850642063,"n = 5000"
5000,-1.21518757570749,"n = 5000"
5000,0.00597787627240003,"n = 5000"
5000,-0.762436374544519,"n = 5000"
5000,1.44960706030779,"n = 5000"
5000,1.39791922349376,"n = 5000"
5000,1.87599599394601,"n = 5000"
5000,0.607574512551578,"n = 5000"
5000,-0.284379966137471,"n = 5000"
5000,1.85917373235373,"n = 5000"
5000,1.46025032967197,"n = 5000"
5000,-1.68644463943802,"n = 5000"
5000,-0.122297295502078,"n = 5000"
5000,-1.2676169367744,"n = 5000"
5000,0.519521266469099,"n = 5000"
5000,0.50717135658615,"n = 5000"
5000,-0.0173008466502229,"n = 5000"
5000,-1.10872804156963,"n = 5000"
5000,1.66393208269241,"n = 5000"
5000,-0.438288270152084,"n = 5000"
5000,-0.876566251893857,"n = 5000"
5000,0.401722387623557,"n = 5000"
5000,0.300992984666676,"n = 5000"
5000,-1.04972383873491,"n = 5000"
5000,2.89574515298686,"n = 5000"
5000,-1.33878604654575,"n = 5000"
5000,-3.12505791383358,"n = 5000"
5000,0.456350982671801,"n = 5000"
5000,-0.778956384378338,"n = 5000"
5000,0.0593418485765967,"n = 5000"
5000,0.642171980786693,"n = 5000"
5000,1.70624179096972,"n = 5000"
5000,0.0126491554094087,"n = 5000"
5000,1.22250343668303,"n = 5000"
5000,-0.0390691922077041,"n = 5000"
5000,-1.23301108135477,"n = 5000"
5000,1.05563774752508,"n = 5000"
5000,0.969586332666501,"n = 5000"
5000,0.307091096238112,"n = 5000"
5000,1.36261452816868,"n = 5000"
5000,-0.52276360702827,"n = 5000"
5000,0.102992535041349,"n = 5000"
5000,1.06633583688999,"n = 5000"
5000,1.04386326585683,"n = 5000"
5000,0.384121839367304,"n = 5000"
5000,-1.05223917651321,"n = 5000"
5000,-0.191468047701285,"n = 5000"
5000,-1.21115539066653,"n = 5000"
5000,0.725515618186732,"n = 5000"
5000,0.508381353088852,"n = 5000"
5000,0.944778276503941,"n = 5000"
5000,-1.32435209938743,"n = 5000"
5000,2.9107092526726,"n = 5000"
5000,-0.275522358873269,"n = 5000"
5000,-1.2276396410157,"n = 5000"
5000,1.28862140998542,"n = 5000"
5000,2.94346914953083,"n = 5000"
5000,-0.884028513602018,"n = 5000"
5000,0.579761290280513,"n = 5000"
5000,-0.938874463706253,"n = 5000"
5000,1.3551464266198,"n = 5000"
5000,-0.258995786523379,"n = 5000"
5000,0.582569209487602,"n = 5000"
5000,-0.574839286544348,"n = 5000"
5000,-0.144797305539492,"n = 5000"
5000,2.48747455905031,"n = 5000"
5000,-1.52931619901507,"n = 5000"
5000,0.23717876906547,"n = 5000"
5000,0.618147113006127,"n = 5000"
5000,0.292732405198981,"n = 5000"
5000,-1.03130647265037,"n = 5000"
5000,0.805196599758573,"n = 5000"
5000,0.779035522262353,"n = 5000"
5000,-0.205063407491751,"n = 5000"
5000,-1.59932079325933,"n = 5000"
5000,0.172228695290357,"n = 5000"
5000,-0.988722614002073,"n = 5000"
5000,1.72383134017421,"n = 5000"
5000,-0.898587394373845,"n = 5000"
5000,0.322610985353425,"n = 5000"
5000,0.517782615151462,"n = 5000"
5000,0.101412481351416,"n = 5000"
5000,1.52890211612557,"n = 5000"
5000,0.698724302698319,"n = 5000"
5000,-0.4062241274205,"n = 5000"
5000,-0.361266915215153,"n = 5000"
5000,0.517485840455758,"n = 5000"
5000,-0.0277269452629612,"n = 5000"
5000,0.071658127799526,"n = 5000"
5000,0.650489052717095,"n = 5000"
5000,1.5189862300834,"n = 5000"
5000,0.362097636064092,"n = 5000"
5000,-1.1221101660175,"n = 5000"
5000,0.460011761518936,"n = 5000"
5000,-0.0890277155597528,"n = 5000"
5000,0.248460144534476,"n = 5000"
5000,0.0530679149943799,"n = 5000"
5000,1.44384890186108,"n = 5000"
5000,-0.22414130957639,"n = 5000"
5000,0.98700118440343,"n = 5000"
5000,0.0608864212754561,"n = 5000"
5000,1.09702031856001,"n = 5000"
5000,-1.01179380872937,"n = 5000"
5000,-0.453343719335357,"n = 5000"
5000,-2.19152211653801,"n = 5000"
5000,2.22773969736096,"n = 5000"
5000,-0.432835225132393,"n = 5000"
5000,-1.27450881459682,"n = 5000"
5000,-1.32105053515225,"n = 5000"
5000,-0.828769659785474,"n = 5000"
5000,-0.336528333111763,"n = 5000"
5000,0.160740298000616,"n = 5000"
5000,-0.633773741503504,"n = 5000"
5000,0.696139127752005,"n = 5000"
5000,-2.08859091547654,"n = 5000"
5000,-0.0969335553063308,"n = 5000"
5000,0.773619521345183,"n = 5000"
5000,-0.47353992220333,"n = 5000"
5000,-2.01689823101499,"n = 5000"
5000,-0.462245714141251,"n = 5000"
5000,-0.083448571220613,"n = 5000"
5000,-0.959196281114629,"n = 5000"
5000,0.0565019316289299,"n = 5000"
5000,-0.776941116852011,"n = 5000"
5000,-0.765133307578548,"n = 5000"
5000,0.269096877857778,"n = 5000"
5000,0.411890634597928,"n = 5000"
5000,-0.4944318517191,"n = 5000"
5000,-0.064685000720939,"n = 5000"
5000,0.893133872360716,"n = 5000"
5000,0.213126518246925,"n = 5000"
5000,3.24033955428098,"n = 5000"
5000,1.42318977831458,"n = 5000"
5000,0.108353052890521,"n = 5000"
5000,1.64879514766407,"n = 5000"
5000,1.01175570138967,"n = 5000"
5000,-0.733100313276864,"n = 5000"
5000,-0.366695114654216,"n = 5000"
5000,0.818340078517427,"n = 5000"
5000,-0.338321528514127,"n = 5000"
5000,-0.488287890104906,"n = 5000"
5000,1.07961978301977,"n = 5000"
5000,1.2133257350917,"n = 5000"
5000,-0.624681005896949,"n = 5000"
5000,1.21093482473056,"n = 5000"
5000,0.849790067255805,"n = 5000"
5000,0.583271572296824,"n = 5000"
5000,-1.45522452250823,"n = 5000"
5000,-1.17100331533026,"n = 5000"
5000,-0.257298237734023,"n = 5000"
5000,-0.260521666447538,"n = 5000"
5000,0.380200232679011,"n = 5000"
5000,-0.545137593753078,"n = 5000"
5000,0.145944490398019,"n = 5000"
5000,-0.722304685842151,"n = 5000"
5000,1.23997116503226,"n = 5000"
5000,0.761171373914933,"n = 5000"
5000,0.686592114632681,"n = 5000"
5000,-2.29485044005911,"n = 5000"
5000,0.315252041039333,"n = 5000"
5000,1.01012281661894,"n = 5000"
5000,1.87375622627001,"n = 5000"
5000,-0.890559847194319,"n = 5000"
5000,1.43164993645004,"n = 5000"
5000,-0.0950210559246243,"n = 5000"
5000,-1.07748237669302,"n = 5000"
5000,0.314940747178585,"n = 5000"
5000,-0.811770932345817,"n = 5000"
5000,-0.256960887108521,"n = 5000"
5000,1.01529407211565,"n = 5000"
5000,2.28057334903382,"n = 5000"
5000,0.957804146837972,"n = 5000"
5000,1.22364056623466,"n = 5000"
5000,-1.72603475928306,"n = 5000"
5000,-1.75669990070911,"n = 5000"
5000,-0.0561819647243433,"n = 5000"
5000,0.627700495278223,"n = 5000"
5000,-0.337068992636919,"n = 5000"
5000,-1.88308945851115,"n = 5000"
5000,1.08206836333934,"n = 5000"
5000,1.04670153779115,"n = 5000"
5000,0.107346500044606,"n = 5000"
5000,-0.869185395156604,"n = 5000"
5000,2.92209160105338,"n = 5000"
5000,0.776994711238479,"n = 5000"
5000,1.16433679081803,"n = 5000"
5000,-0.124759799877182,"n = 5000"
5000,0.950897989227981,"n = 5000"
5000,2.33084186588867,"n = 5000"
5000,0.18361649582145,"n = 5000"
5000,-0.615107662813301,"n = 5000"
5000,0.317795121758379,"n = 5000"
5000,0.274743095207542,"n = 5000"
5000,0.526567076103562,"n = 5000"
5000,-1.89848365866208,"n = 5000"
5000,0.186613444431843,"n = 5000"
5000,0.0595431513641701,"n = 5000"
5000,-0.529998552850711,"n = 5000"
5000,1.64659761118344,"n = 5000"
5000,0.607512855731531,"n = 5000"
5000,-0.400736236279496,"n = 5000"
5000,-0.781608347399886,"n = 5000"
5000,-0.154555699038998,"n = 5000"
5000,1.59195926740465,"n = 5000"
5000,0.315569892916834,"n = 5000"
5000,0.308956283865651,"n = 5000"
5000,-0.815908527381034,"n = 5000"
5000,1.93513976029543,"n = 5000"
5000,-0.916281945532386,"n = 5000"
5000,-0.519902393061957,"n = 5000"
5000,-0.198438413400485,"n = 5000"
5000,0.178929881862444,"n = 5000"
5000,0.423895873487287,"n = 5000"
5000,-0.249655679069228,"n = 5000"
5000,-0.306983337526376,"n = 5000"
5000,-1.23351457647985,"n = 5000"
5000,0.607462168820835,"n = 5000"
5000,-1.22798199319099,"n = 5000"
5000,-0.983192107164768,"n = 5000"
5000,-0.386034512662759,"n = 5000"
5000,0.257610402760514,"n = 5000"
5000,-0.948846166974676,"n = 5000"
5000,0.0861193354791865,"n = 5000"
5000,-1.23096731218016,"n = 5000"
5000,-1.44371076048132,"n = 5000"
5000,0.705377214614392,"n = 5000"
5000,-0.759324621907103,"n = 5000"
5000,-0.781239503874773,"n = 5000"
5000,-0.265616161764432,"n = 5000"
5000,1.45866889997651,"n = 5000"
5000,-2.15694216808983,"n = 5000"
5000,0.292305182187067,"n = 5000"
5000,0.844754948879342,"n = 5000"
5000,-1.75215404722632,"n = 5000"
5000,0.107006429473746,"n = 5000"
5000,2.68171131664711,"n = 5000"
5000,-1.48015617352444,"n = 5000"
5000,2.12679150782616,"n = 5000"
5000,1.87864121641783,"n = 5000"
5000,-0.741509664807306,"n = 5000"
5000,-1.0010075783079,"n = 5000"
5000,0.0592223438293249,"n = 5000"
5000,-0.864370540909711,"n = 5000"
5000,0.282409722500952,"n = 5000"
5000,0.250082507364157,"n = 5000"
5000,-1.05204702781269,"n = 5000"
5000,-0.777549973841737,"n = 5000"
5000,-0.698003227384422,"n = 5000"
5000,-0.219880351585953,"n = 5000"
5000,1.32325867763682,"n = 5000"
5000,0.134690862075734,"n = 5000"
5000,-0.416991529002244,"n = 5000"
5000,0.522807185121521,"n = 5000"
5000,0.382340371440462,"n = 5000"
5000,-1.03371084471574,"n = 5000"
5000,1.40761481560888,"n = 5000"
5000,0.256459608035784,"n = 5000"
5000,-0.331070662067405,"n = 5000"
5000,-0.910701489146893,"n = 5000"
5000,0.233307383375694,"n = 5000"
5000,-1.52310878585319,"n = 5000"
5000,0.793053973400564,"n = 5000"
5000,-0.820778014207438,"n = 5000"
5000,0.070356847806905,"n = 5000"
5000,-1.23675657877509,"n = 5000"
5000,0.0772254097060805,"n = 5000"
5000,-0.368740036046341,"n = 5000"
5000,-0.00990072969659521,"n = 5000"
5000,0.225931771121882,"n = 5000"
5000,-0.943424507409647,"n = 5000"
5000,-0.159013789569503,"n = 5000"
5000,0.945280432133438,"n = 5000"
5000,-2.18681418744256,"n = 5000"
5000,-3.66069619088048,"n = 5000"
5000,-0.378626527052263,"n = 5000"
5000,1.29937249132431,"n = 5000"
5000,-0.563535314027033,"n = 5000"
5000,0.784787937581651,"n = 5000"
5000,-1.16573891241853,"n = 5000"
5000,-1.4764669770511,"n = 5000"
5000,0.756867605934463,"n = 5000"
5000,-2.28622245975616,"n = 5000"
5000,-0.0275184693364511,"n = 5000"
5000,0.0812630456189585,"n = 5000"
5000,-0.456472758776304,"n = 5000"
5000,-0.38109564544182,"n = 5000"
5000,2.30143247967634,"n = 5000"
5000,-1.44766180380841,"n = 5000"
5000,1.0100022220541,"n = 5000"
5000,-0.95788784252784,"n = 5000"
5000,0.562738117765228,"n = 5000"
5000,1.1026754342611,"n = 5000"
5000,-0.0390853398012443,"n = 5000"
5000,0.0986044025710384,"n = 5000"
5000,-1.56004487898778,"n = 5000"
5000,0.72318610645078,"n = 5000"
5000,0.371749971060303,"n = 5000"
5000,1.36041618154993,"n = 5000"
5000,0.244735444022785,"n = 5000"
5000,1.22633867101083,"n = 5000"
5000,3.29025036297508,"n = 5000"
5000,-0.889705559622418,"n = 5000"
5000,0.927960159851998,"n = 5000"
5000,-0.522596863505278,"n = 5000"
5000,-0.138375825041837,"n = 5000"
5000,-0.148503340798845,"n = 5000"
5000,0.00903644522763435,"n = 5000"
5000,-1.01217224301188,"n = 5000"
5000,-0.776095985982356,"n = 5000"
5000,-0.552311142111857,"n = 5000"
5000,-0.05758971268207,"n = 5000"
5000,0.934583873925667,"n = 5000"
5000,-1.06438925986485,"n = 5000"
5000,0.23984437297712,"n = 5000"
5000,-0.270115974426482,"n = 5000"
5000,-1.08999596125836,"n = 5000"
5000,0.0936099566444988,"n = 5000"
5000,-0.651810082706139,"n = 5000"
5000,-1.53485587193185,"n = 5000"
5000,-1.70975578556019,"n = 5000"
5000,-2.23968216545276,"n = 5000"
5000,-0.482290005447126,"n = 5000"
5000,0.0928086558100495,"n = 5000"
5000,0.0468371349375972,"n = 5000"
5000,0.373714757018734,"n = 5000"
5000,-0.104403931859531,"n = 5000"
5000,-0.926855531821095,"n = 5000"
5000,-1.70475843140256,"n = 5000"
5000,0.323035295384665,"n = 5000"
5000,0.236758618980757,"n = 5000"
5000,-0.0658262749183576,"n = 5000"
5000,-1.6265042562503,"n = 5000"
5000,0.386166759153735,"n = 5000"
5000,0.0533034836591225,"n = 5000"
5000,1.27462840281423,"n = 5000"
5000,2.22939004229199,"n = 5000"
5000,0.162594685168069,"n = 5000"
5000,-0.0781590179727311,"n = 5000"
5000,1.04024515388588,"n = 5000"
5000,-0.867402196198793,"n = 5000"
5000,0.0403947308324705,"n = 5000"
5000,-0.558025828943282,"n = 5000"
5000,-0.386630905624664,"n = 5000"
5000,0.0770310592965979,"n = 5000"
5000,-1.28856376910504,"n = 5000"
5000,0.14810013095258,"n = 5000"
5000,-1.63753425128717,"n = 5000"
5000,0.817489617317181,"n = 5000"
5000,-1.24894905655868,"n = 5000"
5000,-1.10573224681707,"n = 5000"
5000,-0.536214688981299,"n = 5000"
5000,0.0594283344279123,"n = 5000"
5000,1.10302748093828,"n = 5000"
5000,0.375210110844441,"n = 5000"
5000,1.47310547943575,"n = 5000"
5000,1.76588548435191,"n = 5000"
5000,-1.67113329411659,"n = 5000"
5000,-0.292394000088488,"n = 5000"
5000,-0.125880941185081,"n = 5000"
5000,1.13869279680811,"n = 5000"
5000,0.083450705265541,"n = 5000"
5000,-0.60110137924351,"n = 5000"
5000,0.812876776830697,"n = 5000"
5000,-0.476887106224634,"n = 5000"
5000,0.64223996784578,"n = 5000"
5000,0.532340677820135,"n = 5000"
5000,0.835675972723985,"n = 5000"
5000,-0.453051599954386,"n = 5000"
5000,-0.990978609504418,"n = 5000"
5000,-0.143911440604396,"n = 5000"
5000,0.384614953080116,"n = 5000"
5000,0.738675014590636,"n = 5000"
5000,0.796184146612779,"n = 5000"
5000,1.19942250518807,"n = 5000"
5000,0.362480489148673,"n = 5000"
5000,-1.04269956523984,"n = 5000"
5000,1.74360963051046,"n = 5000"
5000,-0.269058220498847,"n = 5000"
5000,-1.06152455983095,"n = 5000"
5000,-0.277068553207136,"n = 5000"
5000,0.695683834261933,"n = 5000"
5000,2.0282733140585,"n = 5000"
5000,-2.14716936329572,"n = 5000"
5000,0.363217717111118,"n = 5000"
5000,-0.849718896299873,"n = 5000"
5000,-1.43159972527006,"n = 5000"
5000,-1.63220379566851,"n = 5000"
5000,-1.76279704209224,"n = 5000"
5000,0.403388084600066,"n = 5000"
5000,0.454889432854453,"n = 5000"
5000,0.200826290536233,"n = 5000"
5000,1.02530362937245,"n = 5000"
5000,-1.99084181421138,"n = 5000"
5000,-0.65906798923313,"n = 5000"
5000,0.736418371380384,"n = 5000"
5000,2.0395110951975,"n = 5000"
5000,-1.98381451352943,"n = 5000"
5000,-1.5097048640507,"n = 5000"
5000,0.491077178873777,"n = 5000"
5000,0.894344919072131,"n = 5000"
5000,0.503466905733886,"n = 5000"
5000,-0.460871913638761,"n = 5000"
5000,0.0862286918618178,"n = 5000"
5000,0.323751387354792,"n = 5000"
5000,0.113250374203499,"n = 5000"
5000,0.304424452176509,"n = 5000"
5000,0.586221629058209,"n = 5000"
5000,-0.386483886576168,"n = 5000"
